source_node,target_node
20064,20052
518921,519047
382733,381968
105872,105881
358670,358538
199797,199816
74452,74319
49446,49737
39407,39966
410250,409290
37781,37360
35117,35021
33804,33363
341777,340401
24615,25223
349097,348688
198691,198673
165076,165065
558091,558665
36083,36305
465674,466038
492053,491060
32403,35564
28268,28278
532673,532597
79061,81094
149421,149395
352049,351844
46430,45899
435861,438237
20973,20923
24546,25739
148964,148927
39022,38933
35541,46989
29351,29329
488187,488513
30954,34432
40740,40347
76456,74639
49060,49041
416359,449713
142209,145458
525993,527474
25765,24436
25956,25953
540451,50335
454876,454764
445124,446218
41204,41161
525939,525962
234349,234020
149390,149385
20917,20920
127801,1055
16880,16909
435701,435861
371977,371980
378537,378556
529941,530854
439957,439916
42480,17761
312839,350949
20316,20407
434949,434950
283884,284067
21814,21781
46338,46360
431033,431000
33441,33445
364924,364424
55126,55122
443544,444108
260787,261433
212427,211703
311248,331038
239482,228377
381708,379275
27949,27841
76456,93082
370039,370162
585392,584739
50182,46879
355469,354300
2937,2986
49960,49984
38176,38373
75380,75832
42451,41209
435853,433757
159121,158787
211239,192441
263405,262959
118728,118646
394585,409860
44385,44382
493485,491581
74483,74503
421688,429729
277647,263191
568390,570981
30137,29554
258745,258740
494255,493485
509804,528061
252222,250999
46462,46372
552512,554596
27316,29254
19333,18408
38022,38027
25868,27142
272171,272120
24756,24757
174130,48493
33651,34436
400250,400200
439957,440050
112424,112376
464921,464864
22935,21646
220832,220713
370543,370166
396219,396943
253576,253304
289558,290425
309802,304139
281427,281438
37858,37811
468327,468456
137052,136194
21473,40052
32017,32319
498697,498541
50020,49984
24594,24550
397875,397856
32140,32160
35388,35459
32038,32378
122558,122542
341777,343234
578053,577970
428468,346834
71596,71610
532483,527951
90707,90464
49778,49818
289297,289458
435861,435701
31060,399317
524730,524737
31086,30884
32273,31908
122375,122542
18847,18878
376909,49673
42022,42105
16675,16772
368813,368647
29957,29986
123626,126210
44300,46071
27928,27929
522397,522390
407426,407408
343430,342839
42718,42747
372310,372357
386053,385966
282924,301784
50146,50042
406864,406658
539561,539714
17730,20959
445124,444850
41247,41183
166895,166223
116040,115387
46754,46735
29722,32455
249846,247332
21627,19190
47857,47765
382632,382897
18495,17500
72028,72943
473930,474375
357562,358330
466409,466300
536428,536523
287606,287638
152406,152420
490453,491437
285259,287221
375021,413250
577295,487120
31700,31699
522555,522575
386874,386724
473387,473574
18530,19857
121395,120962
49984,50020
27999,28051
567845,567972
101113,101065
555027,555350
215075,215066
19735,19703
27823,27825
130325,130864
447263,446563
65682,66676
555976,555270
47656,49064
50799,260665
349277,349226
465526,465579
403857,403929
137219,137205
453460,453501
333729,332487
427745,427735
8922,8673
417544,415916
406966,407032
378834,378885
403998,404053
430122,430246
30557,30529
324127,324114
26735,26672
396317,400190
374882,526182
152156,152487
363242,370239
439916,439957
22680,86363
386396,386210
519913,520237
39144,39274
90155,90098
39419,39213
466558,310890
143183,142107
32794,33676
415275,415274
389288,393745
579773,581038
560703,560724
197638,197825
70185,70436
147,1920
17689,16716
45513,45501
42454,42404
212881,213672
340657,340519
127886,126670
96901,93050
88756,88558
69390,69414
463021,463017
22165,22238
371780,371750
47153,47409
49250,47126
50294,50316
29722,29677
7107,7541
28092,28120
82535,82781
33676,37568
23104,23096
536826,536824
494808,493999
13572,14065
144887,144875
23616,22490
171701,173272
46380,46375
30355,30529
307271,307269
238690,237652
46049,46541
28942,28933
21074,21043
153224,153243
34461,34347
588410,588412
480245,480742
18047,18423
31090,27191
121306,520829
33457,33444
113066,113908
49607,49507
19839,20015
456816,459584
362268,362260
154137,154378
218031,217953
419484,421189
117337,117039
35747,35727
473387,471964
282766,282861
302016,314891
73488,73125
417620,417442
158016,150340
368496,368511
33408,33444
227611,226917
83022,83434
55592,50375
481253,499406
23138,23215
315847,299273
26078,26132
209700,209780
400192,400193
163379,162071
360912,500246
411368,414136
24667,22956
45619,45802
3048,3259
307769,307788
457044,434982
389298,389319
476254,476473
350296,350224
479488,480362
554942,554837
26931,26758
143171,145506
28992,28538
28942,28946
20907,20879
411276,411514
560574,560569
370543,381885
567879,568053
48493,174130
127708,131578
397786,397856
427180,427107
529737,529816
116697,117473
527736,527821
24182,24311
571104,571102
260535,260499
362268,362273
86768,88558
492993,493281
199144,198820
135065,221667
48436,48440
545302,546128
45266,45246
537375,537365
438163,453608
120866,117560
26032,26029
470908,470852
17262,17513
102499,101604
451503,470210
504992,505167
158229,148367
370254,370239
91982,52810
364457,364588
20116,20134
569731,569736
28045,27445
372972,373457
32524,39910
575288,574853
402559,440057
534390,527104
514008,518640
199135,184461
480241,480245
44368,44338
41472,41464
46639,41498
28269,28277
260715,260564
22221,22078
220125,220101
394100,394206
112590,112598
34799,34193
286541,286834
393351,394576
89709,87108
583302,584150
364456,364457
588477,588963
439339,439143
24594,24618
437378,453516
21732,21806
36602,36617
268119,270390
31986,31990
39693,39703
244527,245333
17555,17226
370997,370939
58658,52575
41602,41880
26386,26395
132110,131475
41407,41375
306859,307943
368794,358903
26583,26680
41606,38323
133998,132546
22422,22862
438383,450712
371058,371336
460487,460709
33430,33434
430985,440004
42884,42848
42765,44846
471279,471508
55634,56201
19969,19925
340398,340401
92457,92019
397109,396943
88756,89418
130526,132895
16414,17149
24956,26939
21032,21142
212898,212900
493952,493999
121567,121245
301039,301234
434201,435356
25145,25148
22452,22337
422996,422146
14006,14507
226492,226911
45525,45553
323474,462006
41244,42377
440536,440538
88138,127168
25504,25431
232929,233336
23632,23358
33459,33475
381585,381692
416835,416743
23802,23769
118646,118728
434189,434191
392484,392092
24734,24732
37669,37673
463580,463467
527773,526372
37303,36798
46561,46529
47003,47628
503568,503007
550849,554730
113321,113301
349260,346725
481843,481931
17480,27803
401034,400955
28959,28915
26277,23324
46967,46924
27630,27727
39159,39085
31014,30392
339337,338977
27319,27313
43237,42804
345388,374723
24757,24756
32619,33326
337044,337039
425660,425666
254658,254655
300848,300861
35442,35429
35805,35252
225390,224732
343234,346327
97171,98298
25223,25431
170853,170601
49342,379914
27270,27313
516711,517940
457078,457074
49937,49841
29311,29380
378581,379446
114080,114120
33851,33948
416079,415137
539561,539098
188350,189037
301784,306854
36782,37045
551368,551595
72268,56582
25518,25500
30767,30528
33946,33956
37986,37972
23523,24717
364868,335622
378553,378566
28051,27999
545642,545861
69363,69349
389185,389147
383063,382733
90098,89753
471252,471256
39226,39273
26030,26025
227782,224868
332962,239512
260538,307269
451350,451351
353183,353185
23432,23259
21211,20995
100782,97195
107139,107155
64675,65004
83723,83307
19703,17149
578662,575997
20026,20017
443043,491305
362083,362390
218112,217559
33373,33397
8283,7949
74503,75036
28380,19435
479202,483766
42271,42327
44184,44209
104389,104520
494610,495220
39297,39274
37936,42823
403941,403950
23838,23802
31454,28704
91728,93767
33806,31185
32455,33473
27374,27504
106009,106005
241988,220050
33700,33684
32783,32255
513184,510607
389,982
22422,20447
21842,21858
26011,26025
532689,532798
422987,442007
49381,51154
80226,79812
28475,28195
467233,467312
47670,47686
537441,545358
139295,140047
320068,320142
345958,346168
98538,98461
396317,396312
528016,528051
96413,96888
551595,551368
264215,264119
248911,323618
16819,16769
33415,33407
93917,94133
22711,22428
581537,581915
170354,106820
144339,144333
525973,526032
473832,468073
21039,21103
379665,379486
368683,370512
228619,228616
238178,239507
48467,48905
50430,50379
473538,472965
455349,456372
265349,265667
52575,50581
29926,29615
348877,350315
49978,49989
128873,127892
570821,570818
475837,481972
419112,419641
563816,563074
48449,48447
179731,193669
543240,542959
9421,8922
105571,103577
42884,42890
216602,217598
292524,290192
111947,110975
467233,466736
41365,41312
30087,30098
18382,18780
379814,380080
24670,24668
18129,49596
431008,431025
370503,370230
352911,350887
21071,21068
373525,373445
5145,5164
434419,260665
413842,413749
388032,359571
45223,45186
101223,106820
256428,256473
292111,292803
452876,452530
517542,517116
239567,221107
46418,46293
24588,25430
283351,283285
391198,391060
217648,217656
16960,16963
480899,480892
32483,36311
43317,42906
492406,489687
24315,24224
215622,214298
47784,47898
38125,39055
21842,21416
41650,41659
46338,46162
152933,244907
325205,325076
72467,72470
358170,346524
21621,20959
161310,162271
461528,461562
35584,35591
42029,41426
48274,48176
23788,23660
454742,369195
30916,29525
29326,29316
520098,517683
104520,104389
342638,348186
46759,44879
23109,23079
23656,23706
45649,45270
250431,250710
5325,5229
517463,516570
206988,207255
277718,277341
43100,43443
214298,214100
528437,528578
415338,412700
480746,480892
451351,451911
44314,44304
72614,71032
574657,574663
340337,340422
37323,37212
21090,20397
503419,501397
32159,31999
321935,322001
29908,29304
85750,85397
44338,44368
22413,22679
383881,394024
47515,49184
502902,502864
32017,28388
358311,358554
179148,178354
394257,394291
21077,21074
29184,29209
48794,57344
43896,42451
542078,542260
351583,352101
309212,309158
375723,373765
119473,119477
468788,468791
329059,329100
488998,489014
50352,50138
39769,39715
306854,306862
299369,393277
371200,371995
449128,447894
407158,407032
83434,88615
67652,66340
519357,519913
97810,98461
397765,398833
64926,64843
289198,289197
44868,43937
36019,35128
492622,502133
30651,30637
315753,315613
23681,23668
72216,72204
508677,508473
265720,265639
366092,366273
323451,324489
35426,29366
467312,467233
161008,160468
23991,23830
407396,405813
394576,394579
325052,324298
281506,282179
24754,24755
28412,28477
577970,577774
386370,386401
26727,26688
46967,47113
45802,45619
401004,396017
569468,570012
50201,50211
583927,583828
377627,379516
339337,339395
509997,509733
364457,364456
418238,418540
45186,44074
415666,278849
47031,46990
434888,434889
74319,74452
402891,402986
28464,28236
366763,311100
165763,165755
22848,22889
426241,426251
168729,167678
261178,260715
391855,389319
511894,512206
551701,549779
93362,87429
336308,336032
38001,38025
52625,51154
547273,545846
307943,306859
260555,260443
22665,22660
497901,497375
112815,112813
39883,41496
100865,93356
44334,44329
193670,193676
409071,409233
537804,539086
516101,513568
29418,30045
74483,74452
124092,124098
457074,447291
212900,225956
240227,232967
424537,424600
176766,178090
44846,44891
24147,24211
260555,260564
33389,33409
395903,396205
308775,309762
238178,237347
49976,49998
27384,27351
34171,32169
359787,359239
332999,333783
486863,486641
53908,53929
34033,32464
29917,27406
179731,179724
179436,179547
399999,399978
394904,394865
78145,78414
49837,49516
566030,557540
335643,335591
252548,252222
182711,182713
142327,142621
448756,453996
41853,41185
270316,269990
31332,31411
188350,188192
568074,567489
32264,32374
239482,244904
332487,333729
465674,465666
519180,519545
28421,28377
402351,402617
273406,273605
291688,20065
698,694
393256,392126
366650,366647
328028,328039
48208,48039
400229,400332
376305,375031
461562,463467
249614,250180
123599,123626
362260,362252
69386,69390
112385,100302
400800,400535
235911,231688
103535,102410
61547,61420
405622,109242
312425,313727
23424,20015
109719,109638
469451,470103
48522,49030
47371,47434
47613,49411
64011,64115
24897,24779
303554,304112
22400,24832
275919,275788
42703,42802
467864,468327
308769,308775
44182,44163
379914,49342
67844,67020
389288,388191
421688,387007
43065,43154
300262,301423
19327,19292
376334,376728
42304,405476
191645,191929
326895,326510
37235,36094
22165,22161
39067,38317
255258,255979
281707,281740
33253,33251
283355,283351
31099,31014
49747,49841
222244,224732
100035,100041
26468,26264
414191,418135
159640,157169
549489,549458
499500,498130
405872,405879
88541,88943
126683,126685
23751,22372
20676,20728
298815,298903
140768,142209
425660,425655
519651,520661
472825,472965
38447,38464
35584,35538
49516,49837
50104,50236
8635,8673
55126,56039
366218,365259
499500,500237
398035,393259
387963,388973
32291,31419
47600,47620
490129,500428
137205,137219
65061,65231
252468,252080
212251,212165
407558,409071
50138,50005
84954,85252
371200,371111
47201,44353
425783,423631
570981,568390
43746,43730
8283,8635
370616,370831
261433,261680
544574,544023
43317,43324
42327,42356
36969,39785
24757,24758
473494,471905
93050,87529
524501,523253
315223,338363
16996,16967
39882,39795
45742,42533
532086,400266
328846,330444
507513,507030
219166,218043
34231,34235
470864,471779
540964,541698
418640,418289
144643,125647
479487,478784
360912,360905
305348,305251
22944,22935
387765,389459
29891,29957
182420,182630
142327,141024
401004,423951
24147,24132
20986,20987
44290,44365
360900,360787
408948,408976
112602,111350
27504,27374
48052,48144
261557,259248
28548,28578
400955,399859
32228,32251
20960,20971
32307,32315
220101,219610
57345,57344
70374,70378
196831,344771
166037,167160
35117,35388
182297,181863
43570,43931
33810,33804
23369,23205
39289,39294
352538,352483
49446,49057
45697,45513
45530,47322
39489,39325
64636,63846
447655,448274
389354,389308
523047,523066
433068,432997
281998,281770
50379,50430
461365,537062
26132,26196
39882,40976
270833,274109
544306,544608
429671,429575
31411,31332
422057,422504
28269,28200
41379,42162
324205,324201
352101,351583
29060,27009
63551,55592
458536,458512
511126,511342
164991,164957
140047,141024
529067,528358
22621,22645
23703,23616
430389,443037
457344,460039
172813,171159
539802,539818
486463,486641
36864,36311
427054,427469
304119,304135
126670,127886
85472,148896
255979,256394
360900,361150
295225,293634
60222,60154
364198,349482
116343,212895
435918,435997
349127,349139
133793,132360
106005,106009
27029,26949
346524,50334
419641,419112
378285,376901
342409,342391
416743,416835
433812,433922
389459,387765
254694,254690
375870,375791
49261,33196
337657,337122
157169,159640
528756,526752
96425,94133
24682,24667
49825,49224
45335,38586
481806,481730
34676,34732
32613,36289
33561,33584
430122,429874
270929,269750
570012,570193
375358,371829
82891,93843
45071,45306
78414,78980
306757,306434
31852,32111
136250,136863
534879,534909
432913,444453
22008,22027
561214,561093
35636,35649
171044,171045
22601,22541
391686,391806
291236,291518
332337,332685
533671,533489
27109,27076
222769,222380
23487,23536
192168,191904
421273,421896
376180,376195
24919,24593
457654,456807
428402,428400
287221,288168
470103,471252
443626,441494
27009,29060
385666,385561
67652,69349
554942,555270
132895,130526
475248,479606
548569,548520
28092,27977
43148,43207
29582,29002
38127,38043
451869,450429
43445,43430
64843,63653
44324,44338
566030,571729
359571,388032
233494,233310
58729,59049
558809,558991
36087,36056
438238,438229
81019,80348
130597,130681
26858,21135
50201,49837
26389,27258
16577,16675
480902,480899
29750,47955
20971,20960
577468,569053
571816,571219
388454,388730
39189,38742
31808,32468
29366,35426
386296,384802
45907,45941
159121,159288
86469,88291
46791,46927
367595,367509
381896,381934
38522,38464
347157,346870
481474,481475
20043,20052
42105,42241
342134,340842
30787,31332
395435,393269
527364,527951
272011,273945
28356,28292
391147,389905
468788,468780
451130,500842
23612,23702
358170,358311
546268,546246
273326,273168
488187,487283
26498,23838
492598,493952
108543,105700
24507,24517
27272,24693
464013,464022
77162,78230
403494,403292
429729,421688
400079,398833
406306,426174
387741,387639
112590,109877
529816,529737
27960,27955
507000,505167
192883,193417
252478,448797
438641,438595
589303,266948
378588,378604
242314,242239
150107,148964
73125,72943
135052,135797
105377,100871
112376,110298
33193,33389
24150,23354
20640,20284
37990,24064
342839,342822
141808,124528
361601,360768
333548,332685
91274,91305
472965,473538
388058,388339
483766,479202
37594,37569
16717,16560
127892,127886
137458,137733
402735,405266
33959,491609
28270,28238
369195,454742
409801,409728
28956,28980
256473,257604
457052,457344
21740,21770
61547,62790
38883,38806
28288,28292
2145,2574
351537,351583
46333,46183
289198,289199
359549,358929
483824,483758
474673,474678
24671,24638
333729,334130
510022,509671
47827,47852
509390,508677
27060,24005
324687,324697
458438,458433
567652,567651
44080,44088
363891,363926
548831,547324
39489,40198
318557,319102
105250,105273
27497,27389
17757,18180
21781,21663
560574,566747
41737,41804
406464,407003
41102,41293
356103,355278
404153,404294
101199,101098
20488,20923
129830,78419
402891,402867
581038,581373
69349,69363
468873,468850
216023,216003
42483,42533
393544,393552
43443,43100
43570,42121
32380,33006
249993,248755
410543,410580
22531,22541
21044,20996
73249,74015
29579,29615
20782,20767
100871,100865
17561,17571
174281,174924
385739,385903
374882,225956
228390,229776
517972,517549
496741,497274
480214,480241
21336,21326
250472,250860
35599,35459
115251,148508
448274,449101
29783,29795
91642,91313
365485,365021
502168,500093
271597,271419
586915,585074
567972,568019
537491,534390
27559,27462
93729,93725
51785,405951
35001,34951
405622,405623
474507,476442
20710,20719
382897,382632
370230,370179
25581,25572
589521,588990
311698,311280
433024,433372
186402,186399
61038,59869
138076,137219
126,147
44382,44385
366958,366910
31851,31793
272191,272171
127158,127708
33936,33930
27224,25765
544306,543750
394977,395345
434201,434058
246787,244052
101786,101793
569651,588406
543414,543317
258735,258740
452530,452876
517940,516711
125427,124298
46468,38466
24132,24147
442745,444153
589832,589683
36707,36782
28471,28496
549596,549489
87102,87108
23842,23819
45078,44209
421934,419711
247216,235948
24779,24897
395345,395404
367232,367270
557674,558091
453501,453723
406313,406429
488513,489885
164044,158748
402522,402622
491060,492053
36210,36097
261203,262722
26981,27067
547088,547104
189549,189807
101041,100484
104005,104024
48006,47947
23487,23483
227089,226663
38522,47029
294885,296239
250131,250004
344641,345612
528437,528393
560087,560188
321204,317689
22601,22609
382514,381917
367509,367376
47164,47079
469101,468945
21804,21770
34107,34175
249042,241860
32505,32451
242839,246138
27687,28104
411773,412700
44353,47201
340074,338322
338656,332972
47824,47768
51155,51324
32585,32565
503568,503937
50005,50138
38584,38579
35649,35777
17356,20790
250217,250313
364852,370072
281741,281740
199797,199701
46767,46746
24741,24739
340463,340470
283351,283355
107471,107229
244806,210699
32615,33612
123626,123599
584928,584908
37447,37305
376891,376890
45619,45606
91274,91239
414391,406009
384538,384552
46183,46173
437416,437142
456398,457306
28838,28922
31859,31764
75510,69506
43324,43329
183028,184461
27252,27142
250428,250361
118588,118646
250326,250313
463864,463580
378214,381077
46746,46700
319484,319490
21103,21039
222244,221943
46586,46418
23600,23615
391152,347162
534882,534712
456398,456380
47950,46809
486085,486701
458717,458721
233562,234020
27389,27497
438163,402673
45867,45913
120528,120523
441217,442350
44050,44264
394278,394528
449289,449710
362273,362276
548178,546814
553623,553740
509781,509785
175586,175753
287606,287134
43551,43799
198967,199085
345751,344806
27588,27562
228616,228360
491618,491609
183263,183257
374720,374847
412700,411773
100467,100221
542260,542078
323053,322406
30637,30651
361150,360900
565429,580012
24670,25114
462006,323474
185753,187402
213589,214733
20979,20986
319723,319748
115895,125647
525962,528251
288168,289210
381366,381382
376257,376334
439339,439994
16117,16074
24005,27060
48947,48180
447669,447649
582028,582059
32432,32433
29579,29441
102960,107229
236223,237498
353640,354862
334597,340838
49390,47703
375791,375780
393277,299369
559946,564092
121666,121567
568075,568051
24409,24642
332999,332780
46333,46372
464841,464864
414191,413265
476442,477751
529941,529934
46084,30584
372009,371995
473563,473538
395448,395561
265639,265720
45539,45050
382514,382764
495626,496595
44436,44434
576235,576234
51154,49381
167579,152899
476525,476473
418640,418883
205823,205147
45151,44416
63653,63189
27562,27559
398035,398067
198963,198804
383053,383981
233562,233336
300976,300861
426345,434888
145885,145631
27666,27616
465201,465786
46392,48349
346870,346547
48169,48155
465756,465779
413265,412174
483929,484350
32468,41000
565675,565421
480892,480746
364588,364457
27205,27406
325092,325056
462006,464979
410427,410436
419112,418585
50443,50430
401031,401000
202960,203803
44034,43986
32319,32017
284067,283884
465678,465078
434948,434946
44443,44450
16371,16317
169010,169387
358361,358929
16577,16422
378885,379113
480981,480939
982,389
100477,100484
580126,581187
38661,38141
500237,500440
28448,28446
352538,352619
198708,198820
568390,568075
212391,212378
1038,698
28120,28092
16281,16316
346236,347964
397527,405221
35636,33544
1243,1103
212458,210863
359822,352958
47768,47824
332846,332672
450490,450227
26576,26723
24728,25953
43139,43184
268476,270565
565682,566605
30416,30385
226487,226492
41518,41410
17178,17177
186399,161350
486561,486898
199399,200515
332968,334769
26697,26720
41622,41467
29725,29750
57349,59642
356253,355882
135559,134473
249993,250004
67995,66186
214965,215066
134365,133998
50005,49951
359357,359432
165211,162063
26736,26796
450712,438383
219610,220101
47113,46967
140047,139295
521254,520661
22003,22035
382733,383063
33900,33523
30751,31664
10332,13519
77213,81069
502687,504122
93050,96901
230444,231045
70897,70918
192307,192186
203690,203224
39759,40237
405363,405938
46990,46981
48208,48338
422506,422974
528251,525962
20767,20782
16414,16269
172816,172818
350175,351537
250236,250233
53402,53844
107379,109789
2986,2937
161350,186399
387963,387741
284301,284077
496621,496741
26322,26267
26931,27543
43355,43660
118558,118553
483766,489687
464724,464022
490404,490504
409728,409643
24219,24224
226911,226917
42747,42757
135559,135654
28735,25991
461365,454742
259409,259516
375565,375641
349702,349260
387639,386533
483758,483824
33548,33606
378950,378945
508677,509390
31908,31590
43081,43047
260538,260535
43502,43306
359432,359444
427605,427317
290536,290489
158787,159121
166037,165915
517471,517482
91728,91235
569426,568074
315456,314967
332337,332003
46173,46183
39759,39661
401220,399972
73322,73109
410099,410350
86416,88487
20101,20116
135044,135036
120841,120917
30203,29714
21084,21081
470738,470852
55122,55051
490105,489403
100742,99680
474577,474326
468873,474316
400495,400332
457609,457816
182420,181748
39715,39446
335556,335624
214298,215622
170601,170853
24687,24692
54677,55051
343850,343622
480569,480566
26758,26931
16989,16984
569042,567158
72204,72198
31421,31606
355559,406966
516483,516536
21039,20907
24418,24423
52161,52317
3398,3136
47279,45245
50319,50315
82781,83486
353144,353131
27374,27321
460544,459692
47944,47850
216465,216229
27751,27796
399972,397675
271937,275263
21061,21110
40144,40131
221844,266400
201113,125271
514842,523047
144498,144776
49607,49742
92019,92457
224868,227782
260130,260443
177699,178286
391244,391263
74564,73348
469915,475837
449710,449808
115451,114034
88615,83434
54583,54611
217559,216917
167135,354472
430997,431000
588651,587699
47960,47686
100468,100477
23047,23103
364198,364465
523669,524045
24380,24410
30045,31073
45447,45516
519200,519357
57349,57348
503937,503568
23472,23511
33445,33453
101113,101568
317672,317677
375641,375904
375448,375738
491305,443043
527113,526882
50182,50215
88943,89921
490504,491060
285420,284730
24517,24536
20856,20839
111213,103886
530854,531245
158593,158557
34643,36706
398833,397765
169377,168741
35448,35413
37201,37306
423951,443691
449902,449991
18530,18495
386016,386011
403857,403843
125427,125455
35068,35128
42356,42443
465201,464915
36798,37303
471279,471259
26196,26372
397875,397917
546285,546281
48431,48452
26374,26378
35448,35534
490105,490129
47827,45076
24459,24423
543317,543265
36728,36951
5229,5325
385903,385962
48294,25479
540218,540476
439620,439536
40237,39759
392398,380580
5173,5164
41365,41371
494412,494610
43660,43355
48431,48344
336449,336338
28502,28306
19492,20397
22907,21621
349838,349715
522211,522059
24013,23703
35239,35252
307797,309158
142209,140768
72028,71715
28630,28491
21211,21659
25581,25587
115451,115457
31790,31411
463864,464145
584739,582100
436461,437339
501847,499356
486863,486887
523661,523658
22997,22948
403938,403929
406864,406948
70309,70308
267149,267155
471508,473724
22007,21980
335556,335195
229986,229993
42223,42048
205823,206625
49879,49759
41161,41204
406602,405221
488998,488589
442350,442700
20258,20960
227783,232967
126683,126676
480939,480902
255210,318719
346547,346352
79985,78980
38476,38513
98695,98722
26186,26276
457044,457056
49984,49960
552512,552108
38713,35716
305201,305125
500835,500440
158557,158593
105060,104830
105881,135036
385666,385739
27809,27830
49747,49724
49902,49369
52694,52351
451930,451849
205072,221107
23483,23487
443040,443039
422504,422057
45076,47827
13519,10332
111392,111404
436453,435771
20407,22372
128411,434945
29824,29881
376847,376728
24423,24459
21068,21071
362570,362431
47164,47202
230366,231688
375396,366771
549011,548935
95656,94119
1572,1588
157346,155828
19816,19837
38141,38011
24738,24736
467732,467515
29638,29647
22078,21644
526182,374882
528178,527474
433757,433372
7949,4027
405969,406984
42808,42162
48408,45956
41627,42121
31127,31201
31590,30208
27832,27827
39299,37516
356103,357187
564144,564092
338977,339337
27254,25635
32640,33378
536824,536826
389905,388406
550849,549596
157606,159781
471905,473494
38238,37836
23175,21627
490113,490100
37267,37376
114772,115387
405952,411366
42134,42073
528273,524449
39792,39785
474316,474340
34432,30954
192010,192273
128499,107296
21717,21722
49742,49743
47612,47863
405952,405889
24075,23991
435997,435918
582179,582059
27067,27098
39444,39452
541709,541698
35789,35772
42981,43113
425745,432913
28377,28421
99798,99822
582059,582179
23880,23900
43592,35804
297052,295225
352483,352538
386210,386121
338533,338370
584581,584519
451113,451108
240890,239652
549489,549596
25953,25956
346327,346725
250330,250326
25199,28197
24708,24698
548746,547273
357729,357187
221667,135065
45802,45907
250784,127821
141720,141747
59652,59642
435448,435918
423389,423348
397122,397335
574170,575226
111218,111213
319608,320029
349090,349127
350162,350164
334130,335591
394585,394579
33584,33731
366576,366273
28541,28542
26247,26231
183265,184244
172290,172277
354895,355312
20898,20999
317677,317689
27272,28388
441494,443626
23363,23394
439892,439916
31764,31747
25616,25610
22994,23002
281381,380580
414734,413250
297826,298015
98100,98228
16717,16751
421896,422146
429874,429679
468262,468874
14179,14780
357400,355793
385261,385140
8673,8635
350175,349995
24689,24698
565682,564258
24380,24357
103163,105725
49989,50104
26583,26486
247149,248649
414304,414312
406794,405901
33755,31869
568300,568292
358316,569644
27462,27559
324941,324660
228975,227611
27224,27687
463798,463604
25468,25459
317297,317417
336878,336449
109789,110975
273945,274309
565291,565396
47562,47600
24211,24147
429023,427799
304567,304127
26648,26672
561088,561093
226482,221074
39715,39769
474297,475992
475992,476254
192816,192870
491305,539112
173999,125710
44199,44213
26655,26604
363678,363312
17913,17921
3273,3801
18047,17921
21727,21631
30529,30557
11445,12331
49041,32113
557483,557678
84113,85295
387007,421688
9424,8637
573223,572116
20640,20730
31419,20448
479624,480566
361918,361150
488589,488998
47030,47079
292803,295275
386656,350949
130278,129229
164937,164270
35466,37686
483692,493726
27543,27645
26905,26900
211239,211242
436564,436849
36716,36780
453080,452969
162271,162824
311292,311830
48057,48050
33826,33869
22214,23038
128907,129966
584581,584908
385894,384224
24732,24734
27029,27316
44965,41477
22490,23616
443691,423951
272878,229427
159688,160302
63653,64843
583822,583809
61891,61898
512266,510234
49529,49556
33793,33813
424233,423419
444996,445346
45434,45375
33516,33535
19432,20828
45525,45493
120953,120962
291236,290825
21964,22459
366647,366650
459492,459458
442715,442745
28524,28806
41149,41262
171155,171159
28398,28401
136137,138629
208485,258944
394000,394278
32468,31808
231094,231250
319490,319608
38169,38165
105571,106390
389292,389308
206019,206339
32560,32565
363288,363934
252837,254625
380276,379864
36066,35893
7949,8283
315302,321026
49559,49556
230853,231043
468404,466916
10230,10332
64420,68785
44043,44184
17761,42480
355159,355222
408995,408976
235733,235716
543407,493934
239900,239544
165755,149989
149286,145729
37563,38476
23997,24005
93852,93568
1272,1243
452655,453304
443037,443038
528061,548942
76882,75965
35034,35278
25881,25600
385243,385300
24124,24231
47144,47850
449781,429729
423348,423389
39038,39085
46395,46005
47867,47915
117447,117539
455330,454876
128783,128465
21981,22008
413265,414191
43430,43445
588410,588407
532180,533895
309528,316540
394734,394865
330444,328846
29432,29960
50264,50260
280553,335622
371470,371825
247799,247928
480241,480214
25689,25672
31678,31493
314624,314829
426516,425769
465585,465591
250428,250431
245333,244527
522994,557638
269750,270929
343453,337922
37419,37168
356253,357549
519955,520484
101036,100923
518446,519180
22956,24667
545917,545861
568020,568051
43569,43617
478784,479487
145458,145638
45516,46049
379516,377627
36436,36590
418540,418238
296025,296244
38373,38829
544759,544262
123560,123557
470908,470955
30462,30074
46695,46660
164991,165124
418983,415775
35993,36020
44074,45186
279779,245195
27700,27200
193670,193669
201037,199816
152522,152427
47950,373836
381934,381896
78230,77162
450979,422314
233336,232929
433812,433739
386121,386053
127171,152952
388032,388303
24566,36202
36329,36319
34459,33612
89418,93559
246792,246481
44348,44378
421083,436852
412175,412187
24550,24594
26196,26132
48447,48449
49381,48061
587699,588651
45611,47612
167133,167135
378200,378192
243072,243079
481972,475837
530529,528562
396550,402546
371995,372009
528132,528324
373457,372972
34358,34324
588651,588990
481259,439391
457279,457609
441037,440974
23587,23584
536428,536331
375508,375498
438206,438229
48155,48169
278662,281554
21910,21915
38747,37447
165706,323873
29110,29117
80030,80348
128873,129229
38437,38453
404593,415284
316003,317032
521136,520484
559276,559614
23706,45614
45870,45863
524167,525734
311100,366763
349127,349090
42162,42808
48368,48169
497523,497519
180826,205072
494713,495651
216059,213812
198804,198292
39183,39182
40150,40166
50211,50221
1588,1572
522555,522504
20728,20898
26505,26311
357187,356103
391834,391844
103702,103977
517484,517482
527963,525310
579576,580669
82918,82930
466613,466409
25119,25114
41880,42048
422987,403356
533156,534644
407324,407302
33910,33918
361290,360855
488338,488424
303534,301423
381307,382632
524110,524045
461783,460961
331038,311248
21223,21227
486504,486542
438282,438237
42130,42115
24720,27704
549736,549732
42262,42271
17136,17129
430993,429502
34459,35035
212898,212895
452579,450419
455330,455615
102681,102770
29446,29429
522943,521808
332685,333548
335195,335191
195375,195345
12331,11445
45129,45319
26214,26111
33397,33373
430500,430508
407495,407426
53944,53955
500428,514842
318462,319450
257878,257608
142107,142048
110259,110268
14780,14798
64134,64420
480627,480494
299369,299189
381934,383561
51324,51430
31521,31531
35418,35727
425233,425022
542514,542525
182630,182420
497421,496595
539086,537804
480742,482403
44365,44290
49592,49559
355159,355048
17117,17129
443785,489403
457291,457056
360855,361290
460487,459899
396536,395561
441494,441037
47224,43017
24861,21425
17003,16963
185333,185811
61445,61391
286443,286374
451647,451849
491437,491468
155828,152757
33898,33897
16827,20184
46356,45718
337922,343453
418238,414145
39316,39148
259158,259065
26732,24249
120841,120745
340312,428843
373788,373461
411661,414691
355469,360929
81215,81234
108082,107471
468850,468791
26214,26245
31201,31273
23718,23719
103702,103535
212391,214100
13914,14229
132546,132413
523015,522986
367270,367232
41000,32468
400181,400229
567845,567230
33475,33548
23873,23778
43294,43346
236148,235733
35660,35623
33473,32455
33898,33910
525883,525734
93082,76456
516536,516483
114563,115107
28541,28531
121728,121305
191532,191603
464921,465666
396125,396124
429284,429452
328232,329059
28318,28230
288124,365453
26303,26300
310338,311337
400038,399776
452550,452375
540102,539982
112813,112815
46393,46377
385892,385935
20957,20292
22407,22413
22880,22862
149390,149395
250326,250330
226013,227432
560724,561088
41357,41349
446259,443992
91313,91305
513465,513325
452379,439487
298015,298815
93852,93878
391244,389105
21732,21722
217864,253531
514820,513667
247153,247067
98228,98523
33554,33561
47409,47640
406313,406233
379334,379260
21955,21915
24150,24944
588412,588413
34208,37468
342372,342088
417442,417620
525983,523066
301234,301039
354275,354559
16197,16192
26604,26655
294372,294061
415970,416612
7659,7541
337102,337122
314226,314191
47454,49224
545421,545469
542260,542324
46261,46207
38011,37498
286729,184811
399973,399781
108766,108543
28441,28434
370254,370410
36482,36481
439509,439483
60051,61325
231688,230366
426417,426329
429242,429296
29644,29631
21003,21525
22369,24241
126075,125962
49854,38025
21044,21068
298777,298067
466281,465870
483758,483452
296404,296429
40077,42483
367376,367509
197638,197446
404282,403554
415279,415280
335876,340842
189515,189037
19485,19391
42906,43317
28946,28956
403356,422987
28278,28268
585074,585059
41518,41522
338533,338977
403843,403857
447669,450002
527844,527925
19703,19735
162050,162063
570818,570821
72467,72223
48440,48450
443038,443037
328048,328042
18876,17482
453460,452317
489599,489681
143555,144875
169010,167526
93543,98222
25692,25704
75443,75965
169943,137408
26395,26386
346524,358170
35293,48377
207176,210506
28120,28217
43095,43081
272002,272829
46107,46103
28114,28402
430389,430345
140230,138296
219610,219166
33201,37569
106820,170354
378556,378588
418928,419424
45306,45071
26267,26322
71614,71610
180024,180774
181588,181748
573208,566747
46102,46173
430071,432924
489681,490100
552252,551595
37382,37774
385538,404593
120745,119911
69873,70185
370939,370997
49732,47029
26949,27029
397109,397114
135863,135992
380076,379455
36050,36059
412517,412503
512657,514322
28185,28174
248178,248755
36706,34643
438783,439045
46693,46735
231769,231714
38025,38001
28915,28959
402559,50184
371750,371626
21819,21814
573841,574853
69274,69223
25886,25704
321889,322927
134365,134473
27730,27715
379147,379113
132360,133793
7195,7409
198665,22656
173627,173909
148611,150625
281554,281707
119911,120745
311812,306862
395903,394656
489403,490105
165915,166037
25035,25016
34183,34121
537790,535508
27313,27319
210508,210863
138629,140570
360905,50316
353144,354048
259065,259158
21798,22815
93878,93852
483452,483758
216059,216229
39273,39277
135569,134969
250999,252222
346168,345958
344250,342271
88291,86469
309762,308775
114034,115451
105060,105250
352958,350781
228377,222233
22679,22685
110268,110277
163379,164270
95889,56039
135052,134864
473739,474507
16427,17393
578875,587590
41209,39278
521748,519055
347964,347965
413998,413842
452530,452493
44868,45100
508792,508980
105273,105250
530938,529820
474375,473930
21084,21085
17209,17136
337044,337102
33505,33253
66340,67652
296825,296848
43710,43730
442045,443544
49303,49322
378581,378570
21627,23175
551109,551054
457293,457291
425447,406602
29446,29631
109719,110304
42115,42130
70374,70318
307,34578
406984,407153
516320,515085
33897,33898
73322,73584
236954,224409
165076,165601
21132,21102
198285,198292
98682,91982
50917,85472
400192,400190
42443,42605
41522,41737
22653,22645
202815,202586
524916,524064
224862,204990
71683,73109
38883,38933
403494,403661
405266,405567
393269,392680
88615,91130
321935,321204
17623,25016
270833,255969
36705,36716
36784,36780
493336,470986
318049,318557
575019,575615
339395,339573
465328,391641
364290,364287
299590,299602
320396,320142
121305,120866
199701,199085
42131,39872
561912,562109
522504,522555
328846,328653
423389,423418
276360,277341
189616,188151
28477,28412
69210,69183
535026,535300
28542,28541
13572,12331
44382,44378
301039,300976
28230,27259
43346,43294
46286,46440
46071,44300
559946,559024
29681,29753
536822,536782
41375,41407
42765,42494
17897,17913
429452,429575
514820,514903
454764,453409
25289,25285
350315,348877
585392,587261
103036,107296
248198,493934
22040,22027
46608,46612
218553,218775
46759,47010
226911,226492
473128,471467
172818,172816
188834,188879
298910,299590
150749,152196
231688,235911
85996,86416
321794,320396
373077,373103
128363,126685
26333,22409
20447,22422
160688,161507
108082,110130
257350,231427
508473,508677
111404,111392
45335,48446
36039,36208
447894,449128
298785,298777
316540,365130
34571,34676
364067,363595
484908,484706
338363,374434
65562,66835
514903,514914
244907,152933
320142,320396
32421,32329
313536,571721
213198,316761
43408,43367
575685,575960
167244,167331
422504,423095
26309,26374
324473,324561
28081,28051
46529,46561
50104,49989
174281,174246
531245,530854
519545,519651
49207,49212
259779,248515
31990,31998
105881,105872
217648,217598
538130,537375
105872,102605
50375,55592
284067,284077
298910,298785
444108,443544
22040,22161
484350,484721
32022,31923
278662,277718
31999,31939
32601,32273
71443,70921
332964,332965
98222,109877
254655,254634
187402,200761
35830,35818
48436,47766
283394,281998
444116,444307
374434,376887
272303,272300
383561,381934
242239,241763
29582,30231
473763,473509
45479,46077
459591,459494
538133,539753
39966,42925
396962,397765
535899,536473
394366,394392
40237,41173
22645,22621
486265,486504
240340,240166
396219,394688
348778,348934
429060,429161
32001,31877
25430,25600
19735,19997
493999,494808
498541,498025
141742,141255
53955,53944
229427,272878
447736,447040
65367,65683
121737,121666
37468,37478
267509,267155
190171,190038
24678,24689
39004,39144
567462,567454
46206,46190
278849,415666
405991,402546
415275,415447
16427,14065
528578,528580
426516,427799
393504,416627
22954,26651
52810,52809
23871,23842
127892,128873
38025,49854
141747,141720
450260,450429
253576,256310
202045,200761
585059,585074
558809,558476
242216,220329
353416,354868
510263,510047
268524,271980
283410,283123
270859,270845
364425,364204
335195,335556
528051,528016
36910,36059
204433,248198
30246,23175
85252,84954
495651,494713
43306,41746
481730,481475
24638,24630
471259,471256
399781,399358
233336,233562
34410,34582
70845,70776
260535,260538
74564,75380
362570,363845
587699,583915
542959,543240
409804,412046
43546,43569
418026,418182
43272,43266
34171,35239
115895,108378
392573,392682
353185,354275
149385,149390
509671,508980
493236,492970
134030,134012
121245,121567
389147,388973
47757,43653
24750,26389
373103,373077
438898,439234
38061,38126
449221,449289
93917,93888
37572,37669
23337,23103
460961,460039
39084,37995
573032,574657
38437,38376
354064,355267
397574,397500
225956,212900
386724,386696
31764,31859
34078,34085
35339,35287
142252,142255
240227,254251
485118,485026
394528,394278
465779,465756
39023,39641
426579,426417
47202,47164
449902,449808
480566,480569
25881,26141
17084,17559
98682,98695
346212,346045
50353,50264
350315,351844
39061,43316
100913,100923
360247,359799
378553,376711
44043,43799
35021,34604
378279,378394
567489,566499
200761,202045
452876,453211
46372,46333
397527,367186
45053,25468
340128,340337
52161,51571
26687,26655
379410,379486
73125,73488
260564,260555
464022,464013
77733,77702
20967,20995
353131,353126
193498,193447
43367,43408
21964,21858
405221,397527
250962,251953
59049,60120
168741,169377
365907,365485
28257,28319
466012,347079
85472,50917
460709,462662
494610,494412
317032,318049
527232,527535
36482,36483
101649,101314
39809,37594
282196,238958
187842,186725
143899,220518
112907,112815
560211,560703
33444,33408
10052,9954
282732,282766
337698,345870
23523,23104
459692,460544
394392,394366
560571,560565
382764,382514
26309,26308
290192,292524
289313,289172
35995,35991
167331,167678
107471,108082
245195,279779
34425,34448
23324,26277
35610,35591
23838,26498
527951,532483
465827,465786
470986,449229
533489,530969
28980,28956
29133,32167
515642,515537
290425,291419
41410,41173
367202,370714
24692,25363
443038,443039
549779,551701
69223,69274
160497,160166
507630,507639
31939,31859
33513,33521
509773,509754
195345,195173
352474,359864
32167,38102
38015,37568
553740,553623
59652,66438
26732,27205
27967,27977
28502,29304
31186,32524
41416,41368
28791,28912
216602,215622
29117,29311
22815,21798
481348,480981
28521,28499
49134,49664
35086,34436
43198,42915
176628,176596
63553,63556
358809,358815
357400,357449
48061,47944
22608,18472
463604,463203
402306,402735
19273,18180
148104,148110
132413,131578
192959,192899
520098,520942
422996,423366
426759,426579
29461,29242
27830,33196
536826,537736
84916,82711
239544,239900
32451,32505
34218,34104
444321,444996
80348,80030
565396,565291
234482,236684
517683,520098
33684,33645
21646,22935
110291,110277
528494,528399
403641,403593
33544,33076
255210,249959
194930,195173
150273,146390
35882,35659
196189,162788
522764,522280
354559,355864
480742,480245
406948,407206
32612,32049
335659,332992
31934,32925
349715,349838
23517,23544
90195,88291
51430,51324
32783,33099
144333,144339
24717,27476
161507,160688
186389,182989
435701,435673
2042,2091
465678,466736
28451,28453
39395,39084
25643,25655
405720,405585
47600,47562
32251,32228
436224,436128
458621,458536
378950,378951
145132,145631
217656,217648
366455,328109
40198,40347
31852,31664
36289,32613
436816,436942
583932,583927
229776,228390
85701,85394
40694,38713
18723,18628
402351,402346
39446,39436
104649,114541
215066,214965
527773,529820
408995,409101
232463,233049
198691,199198
428400,428402
33707,33726
31343,31679
19862,19840
483754,484182
458779,458721
376890,376847
428477,475604
10055,10052
459449,459455
461455,461528
45863,45330
24754,24752
21473,21313
118791,119911
59616,59923
55552,57499
527232,526059
491060,490504
24311,24182
299367,298903
37323,37572
522994,440057
37326,37318
72268,108433
206988,206339
208197,207351
328042,327972
90098,90155
394291,394299
44434,44436
391147,391323
49507,49504
420531,375563
43617,43625
35727,35747
189515,189549
23643,23615
42823,46504
467368,466613
25962,25956
21631,21727
49030,49057
246787,247067
49224,49825
94409,96512
141428,142048
366650,368496
32276,32247
21726,21735
92547,91643
401672,365453
20053,21003
468921,468862
546097,545917
434946,434948
286936,415279
39214,39183
135797,136137
43976,44618
434945,128411
306434,306757
510234,509390
444853,444307
412700,415338
28487,28486
342822,342839
82930,82918
583939,586292
27891,27674
221074,213884
33854,29305
560569,560574
24033,23369
234037,234966
465786,465827
271767,271946
321011,320942
38541,38538
347964,346236
175177,177699
36716,36705
418135,419711
22653,22660
22966,23120
28542,28543
409801,410099
132413,132546
352649,352619
17516,17513
40111,40202
588413,588412
544007,543412
450712,467586
97171,96632
105357,105326
47844,47867
391923,392092
415137,414759
507309,509733
270565,268476
44378,44382
23121,23115
1243,1272
59009,58682
46659,46660
567454,532086
517940,518921
543807,543243
409860,394585
5229,4042
49205,49192
36361,36369
33326,33363
272002,271597
34480,35193
426329,426165
381891,381893
20920,20951
239900,240166
50184,49220
406002,406037
571765,570981
332003,332337
517488,517484
324489,324679
355312,355793
326218,327972
40063,40282
24750,24605
39744,39748
290751,287968
107296,103036
127821,127801
447655,447653
339862,343790
332672,332846
17129,17117
546287,546296
267607,267962
566747,560574
382897,384158
238690,239316
49951,50005
48050,47985
82148,82198
120866,121305
23429,23473
400256,400260
202586,201909
31790,32464
47126,46553
560724,560703
401072,398079
449289,449221
306434,306194
35610,35659
364822,364819
332968,332965
19285,19292
23132,23142
43081,43095
21110,21061
389505,389354
101586,101568
30884,31086
514914,514903
38538,38458
456380,456372
33684,33700
7195,5130
500424,500727
541606,538584
545358,545846
314226,314624
439571,439892
471791,471803
542959,542758
226917,227611
46786,46754
519577,519955
376065,375904
61420,61325
20052,20043
486701,487181
42188,42181
101786,93641
35980,35993
108475,109258
248515,242166
536824,536819
277431,278797
560188,560211
99822,101098
536782,536822
412503,412517
32340,32355
27052,27076
24497,24495
39452,39444
135502,128499
178354,177902
20973,21032
416621,408761
396654,396567
31156,32016
503937,504529
32355,32340
113301,113321
38464,38522
22428,22221
455962,473107
35128,36019
38655,38238
437339,438206
64636,64648
441098,439994
279779,319537
441480,442045
587261,587879
19832,20053
210511,305125
50138,50352
127886,127892
439234,440448
37563,37488
110414,109634
466736,467233
409136,409132
85303,85295
219696,220713
466469,466623
531495,531744
365453,288124
493342,515077
24033,24108
31493,31678
152487,153822
464979,468981
39419,39509
561222,562403
554837,554596
394865,394734
156168,156185
24689,24678
424600,424537
36483,36482
24307,21378
28195,28006
31073,30045
322479,322129
22775,23096
19862,20016
486542,486504
34037,34073
439536,438692
157381,157346
112806,112803
121305,121728
24080,24075
452365,452375
24253,28433
180992,193447
232929,232651
350162,350157
3347,3259
34400,35293
46634,45649
50334,346524
21902,21895
347965,347964
38022,38015
21085,21084
85397,71845
182654,183265
96512,94409
100865,100871
155747,156168
40198,39489
433578,433739
455924,455687
427745,466072
154529,165630
45283,45348
33900,34081
280819,281506
39278,41209
481357,405623
20951,20976
557678,557483
27351,27334
397079,396971
224238,226013
432843,432997
27158,26939
21659,21211
313846,313897
166021,166223
588407,588410
276728,275983
442350,441217
242314,242665
233061,233049
104952,106258
21643,282963
203105,199830
464292,335674
585074,586915
130291,129966
450116,450227
372055,371998
488338,487181
48176,48274
32609,27873
20730,20640
101604,102499
20719,20710
446611,446491
534644,535026
73147,73249
125698,126676
148209,148166
311830,312425
102271,102410
567155,566332
310023,309212
32016,31156
364373,365439
108698,107181
24311,24492
396312,396317
19032,20982
409245,409643
190196,190365
43181,42200
123557,123560
67020,66676
378504,376649
38458,38450
484182,484831
576234,100041
375479,374856
425260,416621
18115,18543
465526,465325
110523,111350
24357,24315
67020,67844
44041,44034
42181,41978
46360,46338
254946,255258
25576,25520
430332,428634
35777,35649
556718,554835
424186,423095
481931,481843
334729,285099
350697,350692
90464,90707
240166,240340
338322,340074
267509,269990
23002,23111
338851,349234
548497,548520
379210,379147
468862,468592
19925,18876
445972,444302
32317,32329
217095,217880
419773,427054
431025,436855
289254,289210
522986,523015
93559,89418
64843,64926
145885,146110
120745,120841
20999,20898
454764,454876
23584,23587
49560,48899
92309,96632
16595,16605
517116,506161
172816,172813
230444,229993
441217,441098
24674,24678
25620,25576
408684,407495
212165,210703
539108,534899
480924,479487
50335,47434
171155,171152
519055,483334
552362,552252
549666,549732
43113,43139
49057,49446
519651,519545
247332,247153
211628,211703
221107,239567
282745,351596
284912,289558
74452,74483
392126,393256
68815,66835
392573,392484
257878,257896
20917,20842
252478,146791
509733,509997
48392,48396
554730,554835
130864,130325
28446,28448
289645,289458
28525,28512
515082,515077
250233,250236
250236,250241
28200,28163
366218,366250
27577,26723
237070,236384
306862,311812
23511,23472
342767,342822
45246,45266
485026,483842
21081,21071
225390,226062
31808,28735
225612,226663
226663,227089
349230,338656
212895,212898
403571,405872
455687,455924
447670,431467
215066,215075
583939,583932
317672,317417
359518,359455
583809,583822
48522,48519
551054,551109
379864,380276
394972,396487
72810,72784
546296,546547
48884,49100
289458,289645
227876,227432
381296,383053
22018,21775
454775,454768
39075,39791
490129,490105
287638,287927
45956,48408
354868,353416
112907,116697
272779,272191
548441,548442
49475,49460
367270,367291
21081,21084
299602,299590
355267,354064
47475,46872
23173,23197
32522,32521
478417,478518
22238,22165
26431,26423
340540,340470
46660,46659
34571,34183
40883,40694
47703,47675
300718,300818
222380,222769
23819,23722
325056,324941
324660,324941
187462,187474
293634,295225
474359,474340
30799,30884
31590,31908
94006,94283
486887,486863
27715,27730
69373,72198
49041,49060
131578,127708
37229,37158
493999,493952
21003,20053
233073,232054
17720,17211
396971,397079
187474,187484
500246,360912
371825,371470
446491,446387
49250,49355
39061,39051
237854,236684
72810,73147
203803,202960
48447,48442
438692,439536
463490,454784
158557,157983
28933,28942
526059,526032
25431,25504
49800,51155
8635,8283
493934,543407
535085,535871
69535,69873
165217,165177
376711,378553
386724,386874
33378,32640
123821,124092
79812,80226
384552,384997
400250,400256
229433,229934
33910,33898
438229,438206
447291,444090
26300,26303
351583,351537
35534,35448
148367,158229
320302,319316
499275,497635
6732,13397
43139,43113
27109,27115
22660,22665
361978,363572
556718,556984
85750,93356
21053,21055
56039,95889
410436,410427
487433,486985
568754,567355
565421,565675
371434,372766
452826,447152
527603,527535
70122,69646
69506,69414
32183,27833
17140,16706
272300,272303
436855,443785
569731,568919
523539,524064
32283,32615
26480,26247
560565,258817
444306,444153
78576,75832
47617,47826
69223,69210
49057,49030
161777,162071
442007,422987
250962,250855
323135,324298
35772,35747
26540,27200
152427,152522
532762,531744
447263,447653
153340,153243
350697,350868
99822,99798
28590,29087
287638,287606
513667,514820
458779,459449
216918,216023
574663,574657
385561,385331
49184,49192
409728,409801
110523,109432
46990,47031
253348,252782
125708,123086
383029,389298
22034,22337
17648,17684
23463,27553
36324,36344
45876,46293
19969,20034
32212,32159
497421,497635
419711,418135
24110,23873
49599,49592
33612,34459
469562,470549
35998,35807
575622,575615
184622,170359
262947,262927
324697,324687
20275,20262
417507,417474
137458,137422
538639,569831
33268,33373
47852,47827
581038,579773
43568,43710
220329,242216
339862,323618
33755,34400
248198,204433
220713,219696
33099,32783
16448,16209
439916,439892
389459,390408
25761,25647
349077,348928
23197,23246
46735,46754
466072,466074
28236,28464
45539,45718
421934,422057
235382,235722
30935,31026
144491,144339
86866,85885
401072,403571
444090,447291
23063,23660
34654,35630
434191,435285
42048,41880
32511,32505
357549,357612
41478,41498
548569,548935
18693,18685
331758,328855
41620,41847
19857,18530
360316,360308
425655,425660
464058,452826
278215,296227
583828,583927
473131,473128
538453,457293
403655,405813
23397,19870
26141,25881
178264,175880
363312,361292
43017,42802
49596,18129
269990,270316
112440,112442
446936,447405
489599,488948
439536,439620
22685,23047
24741,24749
523539,522575
125708,126724
45572,45319
497523,498130
472825,471220
50304,70308
70308,50304
46948,46767
30044,30013
375031,376305
351185,349234
184198,185333
378951,378950
24167,24110
47898,47784
391060,390846
399358,399781
582042,583109
234735,236503
404294,404349
349588,361292
455962,449781
228009,227908
29995,30013
109258,110298
586292,583939
19840,19771
403941,403938
429671,430500
23110,23088
388406,389905
37686,35466
415447,415275
33847,35412
44965,47162
225347,223400
152420,152427
469109,469896
130597,130291
23324,22522
10055,10230
16316,16281
6700,6576
53929,53908
287134,286210
27099,26735
37489,37554
385628,392126
21582,21663
49989,49978
463017,463021
340838,334597
26468,26639
131475,130681
135036,105881
28496,28471
64532,64956
332780,332999
276342,276323
415666,487120
100477,100468
503760,503433
566747,573208
37498,37229
149385,149286
540444,540102
462608,463203
121899,124926
406503,475411
543700,543750
509799,509785
30098,30087
21621,22907
156185,156517
33363,33326
24167,24244
88023,88510
433372,433757
508408,508473
28169,27968
371336,371374
254251,240227
527957,527967
36951,36952
35772,35789
45913,45867
436852,421083
135762,135863
254660,254661
43937,44868
343893,345142
565091,565101
429452,429284
467421,477392
30024,30030
571219,569805
546772,546678
30925,31185
489687,492406
308775,308769
488424,491572
359864,371261
35418,35412
46207,46206
298903,298815
23059,23112
463203,462608
22511,22489
73109,71683
137475,115066
286834,286991
60296,61391
30237,31198
296357,296239
24616,24541
236148,236223
31109,31127
46972,46948
529737,529067
375508,375559
450260,449991
23842,23871
49460,49475
429296,429242
290825,291236
186394,184129
42235,46646
481953,481604
180024,179599
471701,478370
513270,512206
31747,31764
18628,18019
183257,183263
19421,19870
587590,578875
78234,78230
336338,336449
524874,525135
47201,47306
36338,36334
95898,95904
453304,453611
247362,246792
24732,24729
495567,495220
429868,429296
110975,111947
23544,23517
49355,49250
25655,25643
24944,25817
581992,581920
522399,522402
352442,334316
332672,331038
549794,550027
74296,74117
41161,39160
427239,427180
325836,325052
577433,576292
43266,43198
31688,31692
250472,250241
75036,75058
33622,33431
453542,453789
380580,281381
466024,466196
22997,23011
93888,93917
239652,239316
545302,544574
25520,25576
103163,100848
71614,71845
33481,33428
29811,23990
41185,41853
47757,47766
390846,390838
154137,154005
39791,39075
504122,504282
72731,72773
455810,405510
528132,528051
227783,227782
50155,50070
20790,17356
27205,26732
30675,30861
283577,250098
47210,47260
23930,24239
17555,17645
34132,31789
286374,286443
465325,465003
483956,484452
49141,49159
372357,372310
30045,29418
29654,29762
347391,347157
382764,382773
49825,49828
284730,284722
569426,569468
436852,529595
25977,26057
231427,231202
26111,26057
392682,392779
61391,61445
359218,358815
40299,40282
23340,23363
43896,48158
324217,324239
33420,33431
140213,133127
38127,38176
31720,28395
348928,348873
21102,21132
235466,234966
25868,25777
28022,28014
185203,185762
78582,78902
148896,85472
385331,385300
82535,81724
95860,94820
450429,450260
210863,210508
35190,33463
27642,27729
46395,54752
32404,32410
362936,362938
240166,239900
512206,511894
547273,548746
299189,173961
21872,21952
297014,297908
534909,536331
480362,481253
517463,519257
18162,18336
531744,531495
310479,311280
39297,39317
31099,31323
328444,328653
40995,41045
96818,96896
486542,486561
25636,25777
360787,360900
463583,463632
359088,4111
33962,33956
184811,286729
567652,567879
32933,33060
47202,47210
21735,21775
530629,531700
523253,524501
30795,30767
578848,567656
385966,386053
381812,389105
343576,343622
58658,58726
501397,500727
121812,121737
208413,213884
371261,385538
243079,243222
237907,302924
514322,512657
49837,50201
458433,458438
339395,339337
332487,331489
20839,20856
333550,334921
25610,25616
449415,450116
72231,82891
468073,473832
457074,457078
5130,7195
28374,28307
410584,410580
694,698
20134,20545
413634,413628
64956,65194
439620,439628
362984,361800
34578,36453
471256,471259
502902,520840
189104,191645
120962,121395
546128,546281
93843,94119
206625,205823
504901,504517
170601,170395
502864,502828
27158,28164
24390,24307
504488,502621
199085,198967
366660,367202
556099,555396
290165,289313
41293,41102
186725,185762
529595,436852
128465,128783
413634,413749
43367,43346
266357,267607
542991,543200
371003,370209
353001,353183
408871,408880
31323,32333
37090,36304
27336,27389
33409,33389
35995,36037
482036,482125
26981,26932
126670,126075
46207,46261
206019,203690
22954,22885
561912,560129
410350,410426
25672,25689
28980,29002
100302,92547
19997,19735
480251,201113
387297,381382
89717,145770
31986,31980
18012,17684
32464,31790
381355,379285
281628,281607
404573,405363
33410,28221
173909,174246
290809,290825
413100,413303
342372,342391
193676,193670
24124,24026
471803,471791
42915,43198
124098,124092
455349,453516
392092,392484
48013,47010
70897,67816
436128,436224
423951,401004
26766,26727
378394,378537
68026,67887
340398,339573
357562,357449
214733,216838
583915,587699
368511,430985
84788,82198
466916,468404
93559,93568
30948,30954
285951,340312
355179,50245
296025,295918
28238,28270
165177,165217
64648,64636
75060,75443
286991,286834
39213,39419
352779,352049
39345,39309
373765,373459
48158,49104
145631,145132
532762,533156
29351,29429
107379,96901
308483,257350
47928,47824
497635,497421
32247,32276
357612,357549
43502,44297
373633,373690
47867,47844
220381,220393
381366,381355
286210,283394
30234,30163
491610,491650
524738,524874
318309,318462
23778,23873
302117,302173
133494,134012
20134,20116
47620,47600
24734,24735
251953,250962
136168,135992
38753,44106
107059,107139
29946,29881
517482,517484
219696,219657
509754,492406
464841,464837
28402,29522
207351,207255
422506,422342
457291,457293
109638,108064
32339,32336
578119,579374
23616,23703
30505,30518
31749,31073
45547,44618
453723,453501
252837,252823
44476,44479
43569,43546
27751,27727
511342,511386
45468,45493
35747,35772
156517,156185
78071,78145
26093,26300
170649,169377
359444,359455
154496,154477
132360,132110
190038,189636
320142,320068
515085,516320
411366,411368
118728,118746
451911,452317
488948,489599
27715,27666
526032,525973
384997,385078
10589,10570
448189,451350
313727,313846
199198,199209
584949,302924
49705,49686
7428,21425
311812,318950
451869,452027
386656,405510
403292,403494
120523,120528
27645,27543
406002,405720
14006,13008
344142,347700
378203,293237
548442,548441
26231,26247
137733,137739
360768,359787
249505,249809
545861,545642
22034,22018
31323,31099
32111,31852
44450,44476
373459,373765
147,126
458536,458621
465870,466281
471964,473387
223400,223040
42906,42131
497560,496980
23124,23109
399978,399999
26303,26308
27743,27741
405510,386656
16074,16117
437378,434889
135505,152899
117337,117447
526752,528756
465779,465870
457078,469562
141255,140230
58726,59716
42915,42890
589706,588969
276360,276342
471220,472825
10052,10055
347700,344142
281770,281998
522986,522764
393745,394656
171945,171165
68697,46873
410757,412175
28469,28491
486641,486463
385140,385261
322354,322380
494267,512496
32329,32317
387007,367779
29432,17204
43937,43931
459692,459598
26374,26309
203224,203690
269684,254251
33813,33793
314180,314191
422314,364868
35645,33535
39891,39871
10332,10230
25966,25962
296239,296357
500237,499500
148278,144887
374501,374347
568919,569731
453542,453536
32427,40409
266400,221844
365132,366771
480746,480627
34448,34425
39661,39759
47675,47703
39688,39633
28486,26980
32183,32320
35837,36041
183098,184198
32336,32333
406602,425447
33521,33513
464979,462006
546128,545302
327972,328042
50070,50039
534879,532803
466085,466074
567656,567032
354472,167135
570818,570816
46162,45913
386370,385894
58682,58612
283355,285259
23002,22994
555976,557464
115186,117039
47985,48050
252645,254547
172377,172003
144648,182705
496603,495771
500727,500424
394024,383881
522280,522211
42241,42262
563074,562403
25600,25881
358874,359799
156168,155747
36590,36436
21926,21922
76853,76992
432409,432843
336790,336841
20048,20034
100782,101065
362984,363507
75380,74564
19873,20676
335624,335876
176122,175963
148611,141747
435853,436461
35591,35584
30416,30505
20184,20568
37504,36483
45245,43329
33930,33923
454784,463490
473997,473724
514914,515070
31311,31357
220543,221436
46351,48794
312839,274109
99261,100848
486898,487283
38464,38447
37552,39119
433282,435252
517471,517468
35795,35764
8637,7328
17482,18876
426417,426579
28319,28398
25604,25599
35388,35117
543200,544034
468874,469451
1038,3046
183263,183874
568019,567972
110268,110259
364093,364180
151830,151784
161150,158229
47613,30111
31681,31654
380076,396015
27968,27767
297563,297052
34654,34519
273887,275788
11612,10589
26264,25766
33930,33936
96901,107379
64532,63590
89309,86363
494465,494255
477998,479488
34471,34519
46700,46746
32731,32794
221934,221943
433282,433279
575622,575685
244911,244926
517543,517549
9954,9872
2874,2735
169439,169387
345386,50451
331489,330444
378945,378950
187474,187462
55656,60461
228380,228390
68026,68197
41262,41149
364819,364822
373459,373457
332965,332968
33731,33847
340470,340540
79527,79227
216838,222233
451930,452493
253304,253576
40063,40007
35789,35824
486701,486085
39722,39714
53844,53908
31859,31939
471774,464058
510607,505330
38061,38053
282766,282732
322380,322354
254699,254714
318309,316773
304836,304745
16977,16973
101801,101649
426077,426241
85394,85701
126724,125708
271980,272852
17140,18199
121567,121666
43625,43617
459598,459692
527104,534390
358554,358894
87100,54752
16508,16387
72665,72784
374518,374501
30058,30355
18720,18336
138296,140230
27919,27901
34326,34235
24717,23523
50581,49560
554835,554730
527821,527736
444218,527130
34643,34585
159537,159688
564197,517980
73584,75161
128406,123762
287968,287927
267145,265720
492150,492877
19632,19771
77783,76992
43943,30434
170359,184622
134012,133494
461933,407158
240440,250098
290825,290809
407003,406464
208237,208705
212165,212251
13397,13894
509804,509799
439045,438783
33193,32585
490453,489014
27757,31343
110427,111567
24390,24417
28374,28538
212378,212251
24642,24409
31047,35541
439571,439509
110130,108082
202586,202815
345709,345630
49998,49976
554596,552512
197446,195219
340519,340657
504529,503937
557474,557483
478192,478417
313846,313727
136168,136194
204990,224862
112803,112806
547088,547079
210948,310890
393351,393279
167438,385892
397404,397500
32565,32585
423366,423631
230188,230366
537287,537365
48144,48152
384802,383981
31654,31681
21123,17247
93518,93543
37828,38450
148026,148104
497375,497268
509785,509799
36097,36087
317032,316003
364287,364290
389298,383029
23112,23059
38933,38883
302924,237907
323873,325487
45319,45572
25991,25966
70918,70897
247799,247362
539982,539818
36208,36039
31684,31681
36952,36951
465329,465328
20488,20240
383563,383561
463203,463604
39274,39297
114523,114535
386011,386016
39141,39182
286936,277647
534899,539108
225956,374882
29958,28578
217864,208695
49960,49818
385894,386370
117539,117447
19837,19869
269750,267101
332003,331633
25572,25581
43040,42377
73584,73322
462948,462681
497635,499275
250855,250962
47542,47656
55016,53929
50316,360905
42246,42287
29311,29117
60120,60296
445972,447744
17045,17008
546547,546751
405879,405872
110975,109789
33064,33076
285099,334729
390965,390466
16118,24956
277718,278662
514634,513270
33407,33415
191106,190823
400260,400264
524110,524163
30265,30283
33076,33544
568300,587029
349868,349714
23109,23124
29731,29824
33573,34121
487120,577295
424929,425655
61420,61547
46634,47144
535899,535300
22459,22490
239507,239544
33441,33413
249496,249494
560211,560188
211177,210658
50451,345386
99680,100742
36059,36050
31398,31421
313727,312425
20292,20957
405813,407396
34400,33755
148166,148110
374892,360929
246138,282924
107275,106258
444453,444826
284713,284304
402622,403554
28806,28958
28402,28114
17571,17589
524163,524110
24064,37990
86469,86361
481931,482036
43324,43317
29429,29351
17898,17920
191288,191106
39509,39419
104661,104679
418983,419773
468456,468592
20101,20049
24748,24743
476525,478192
28185,28237
147637,194684
257604,257608
574501,573269
50352,55552
525421,525135
431000,431033
581270,581187
217656,217817
409562,409233
21425,7428
43154,44195
30462,34193
50335,540451
47928,47947
573208,573468
350157,347965
498130,497523
544007,544023
113908,113066
509781,509773
90707,91129
42022,41831
30209,30751
544574,545302
20553,20681
53311,54897
18423,18047
68197,68026
525145,500246
27827,27832
23746,23778
37384,38125
140213,140768
26980,26913
470960,470955
394977,394904
39714,39541
344771,344773
305569,304836
17055,19873
259248,261557
428803,426251
549666,549336
451350,448189
143002,142994
528051,528132
509671,510022
47562,47452
6576,6272
33373,33268
208848,209611
298845,298502
82212,82215
66125,65683
198820,199144
307943,308769
399972,401220
205133,203399
46382,46589
22522,20815
31706,31792
43660,44080
32432,32421
427799,426516
329608,318719
349482,349115
551174,552108
24443,24507
480627,480746
378951,387585
26913,26980
101305,109242
111157,113067
30434,43943
404053,403998
28237,28238
38806,38763
475083,475248
38184,38191
46107,46542
20879,20864
32113,49041
391844,391834
58726,58658
214347,212427
41213,42614
249959,249042
29002,28980
20568,20184
580669,579576
324473,324127
404053,404119
107229,102960
96171,96179
380234,380295
396205,397110
199209,199198
48452,48431
462681,462662
176729,176792
473871,473763
233947,234037
133093,133171
248755,249993
205147,204973
281740,281707
527195,527113
63130,64011
20828,21922
307272,307271
470852,470738
37303,37516
185333,184198
60120,59049
489687,483766
23337,23340
408880,409804
16909,16920
21227,24822
46286,46261
18906,18944
60774,60778
45100,45876
467312,470687
474681,474692
27184,30610
499356,501847
179190,180061
29677,26651
546814,546787
22428,22711
579861,578662
272038,272120
267155,267149
581373,581920
45358,45353
25500,25518
396567,396536
348928,349077
137408,169943
575226,574170
366455,379285
529595,565340
31531,31521
33516,33508
365562,365418
179392,179148
27967,27959
330444,331489
108064,109638
447653,447655
428803,428842
303575,302173
358311,358170
179547,179436
280819,280815
450116,449415
562745,562109
72943,72028
21727,21738
375584,172818
440448,441543
319450,318462
414141,414145
447744,445972
324489,323451
36059,36910
311280,311698
541722,541719
20992,20996
21955,22275
254547,259046
396843,396942
21915,21910
35980,35570
279613,281427
22541,22601
337698,336308
55552,50352
22948,22467
498891,498993
34934,34441
497901,498025
261680,262959
150749,150273
41029,41183
403571,401072
499406,499587
355278,355267
24674,24671
48284,48321
114456,112442
25160,393481
39665,380086
19837,19816
283123,282861
59716,58726
83307,81343
406463,406658
3782,4027
338656,349230
421273,421189
28922,28838
525310,524501
103886,63556
8637,9424
426174,435370
346202,346223
33420,33409
579374,578119
27577,27642
21922,21926
228975,230188
284304,284713
471964,471779
80155,75510
69183,69210
43730,43710
36041,36051
26900,26905
17172,16996
535300,535026
44290,44047
376847,376890
86361,86469
167491,171701
250180,250181
7328,6875
24495,24497
29184,28959
25636,25634
465328,465329
441480,441033
328039,328232
406503,46646
446998,447040
42890,42915
495829,496621
28446,28441
371374,371336
532086,567454
394016,394100
404294,404153
231714,231250
46440,46286
386696,385261
298345,297908
142621,142994
33326,32619
19178,19190
29153,29242
27259,26141
42377,43040
293237,378203
527951,527364
463580,463864
31697,30203
304127,304567
32794,32731
465666,465674
307788,307769
40202,40111
287221,285259
17214,17235
396015,380076
123819,123821
540964,540575
432409,430993
410543,410436
33606,33548
362252,362260
283299,375021
228646,194684
39085,39038
185203,184935
327557,327239
406984,405969
408761,416621
267101,253531
33415,33428
381456,380295
94607,94143
555396,556099
437416,438595
336338,333783
31273,31201
48517,48518
42702,42584
523015,523038
39085,39159
426025,425666
218775,218553
21895,21819
255979,255258
27421,27384
47826,47617
493313,497283
23205,23142
32057,32185
28388,32017
524064,523539
414759,414691
481953,481984
508980,509671
24735,24734
320038,320068
28019,27949
574657,573032
311830,311292
457816,459773
408871,408858
403641,403843
102770,102681
577669,577774
19331,19539
544759,545187
252823,252837
274109,270833
588963,588969
36707,36517
167331,167244
141024,142327
495567,495829
161155,161008
17645,17555
358312,358316
343622,343850
470955,470908
416627,428477
393556,393552
194251,195219
39571,39560
400079,400475
18847,18793
33445,33441
28306,28019
28237,28185
48031,48493
55592,63551
466623,467659
205072,180826
25148,25145
379486,379410
18906,18878
554596,554837
208237,206721
23096,23104
17559,17084
221529,222380
54897,53311
443795,442934
450537,450490
49449,48339
30208,31590
41302,36338
456372,455349
117535,116967
13756,14179
487590,488948
29681,29629
483347,482617
349234,338851
175963,176122
124926,121899
560565,560571
175775,176596
294061,294372
101793,101786
42804,43237
435673,435285
35459,35388
30265,30030
350059,350224
114772,114770
484930,486206
148104,148026
492622,481267
30948,26273
41467,41407
70667,70378
485118,485210
345388,49828
388339,388058
31678,31747
314889,314829
485466,526752
537736,536826
35777,35818
311337,310338
478518,478417
29629,29681
342839,343430
459449,458779
273406,272779
527474,528178
37686,37995
340077,340519
44927,45198
257608,257878
289210,288168
59616,57490
99480,99798
29875,30087
118646,118588
107229,107471
573468,578875
34243,37352
69183,61560
24257,24438
45242,45246
243825,244052
379486,379665
573269,574501
360708,360691
146898,146736
263191,197410
296786,296825
100848,99261
543907,551066
173814,172377
532803,532798
220393,220381
258817,258745
542271,542339
47276,47539
375769,375780
537441,536211
61325,61420
20864,20879
150273,150749
38511,36923
535300,535899
91643,92547
459773,459899
233494,233705
33161,33240
25114,25119
365418,365562
136863,137205
33817,33810
31742,31866
20034,20048
340470,340463
69646,67979
29441,29579
41464,41472
332964,332962
38829,38373
444302,445972
393481,25160
33851,33808
32328,32340
34759,35151
487181,488338
45718,46356
581992,582100
434189,434185
23175,30246
250004,250131
41371,41365
93356,85750
154005,154137
184198,183098
458598,469034
502168,502687
367843,370113
167438,123234
346834,428468
396126,396443
88943,88541
229379,228619
29995,29993
70843,68765
25587,25581
240890,242781
28221,33410
82198,82148
24379,29638
180774,180024
465329,465585
16540,18019
435370,426174
20796,20842
450537,451108
24729,24732
35704,35716
38333,34799
145132,144863
199209,199763
29946,29993
570981,571765
452375,452550
91235,91129
63173,63226
178792,179412
401034,401070
2587,2735
110445,111157
42688,42741
45255,43161
528123,528182
157381,157449
36387,35830
210506,207176
9490,9421
168815,166732
587065,586915
582028,581218
170354,170359
374856,375479
32038,31998
511386,511541
24729,23577
442934,441543
402617,402673
338322,338296
193172,194251
402622,402522
20986,20979
459584,504955
42613,42688
556099,560569
434982,457044
366693,365907
20979,20976
516536,516711
300262,299805
491891,491650
542289,541722
30193,30637
334316,352442
95904,97810
57347,57345
234966,235466
516570,517463
44422,44368
42875,42809
527130,444218
37352,34243
61038,61887
21705,21726
425769,425256
33948,33851
468780,468788
40694,40883
26520,30434
42134,42316
463632,463583
232536,232543
458721,458779
33343,32465
400266,532086
37090,37168
427070,426759
105513,93367
24707,24703
48176,48148
28139,28082
374656,373108
23082,22995
39277,39289
290800,290809
5164,5145
524646,524605
170860,170853
544034,544262
128907,128652
31026,31109
21735,21726
258944,282745
27123,27098
477926,478584
194684,228646
24566,23424
361292,349588
31654,31617
24605,24584
410427,410426
168815,169431
579576,571729
42823,37936
49417,49529
118588,115979
20316,18780
481475,481730
284077,284067
28946,28942
183257,183014
239507,238178
39633,39688
17860,17898
53844,53402
45245,47279
93685,94006
111413,111961
29753,29681
46096,46102
45129,45118
500440,500237
355687,48533
569053,452379
23517,23394
19551,19327
48440,48436
35278,35287
534644,533156
20034,19969
141742,142917
16192,16197
73249,73147
400873,400939
38102,39012
18495,18530
211177,211628
216894,224409
177902,178354
226487,226482
42130,42156
45348,45283
481806,481843
570816,570818
340842,342134
335622,364868
306194,306434
537575,540575
447744,448189
20568,21717
28221,25518
28217,28257
42246,42223
482869,482242
37158,36066
27757,26286
187402,185753
22905,22880
179190,178090
26540,26322
32278,32332
321204,321935
134864,133793
517972,526372
135992,135863
480245,480241
18876,19925
346168,346749
22007,22144
435448,435356
45270,45255
48518,48517
546296,546287
39055,38125
585437,565340
267962,267607
21263,22400
23197,23173
75510,80155
49615,49355
56582,72268
29811,40077
328318,328804
154580,155615
207255,207351
222233,228377
123599,121471
33548,33475
40748,40906
396673,396654
420013,419689
23278,23246
428397,428398
416835,416900
94119,93843
231805,272418
522504,521815
459494,459492
3801,4042
254634,254627
140570,138629
336841,337039
366771,365132
19485,19632
188783,188834
453409,453145
505051,507219
49133,49207
571721,313536
533859,534188
197446,197638
55016,57490
44304,44213
346236,346223
148843,148904
425233,426123
2986,3048
31877,32001
254547,252645
492970,492877
38338,39278
38763,38747
486887,488589
453608,438163
30425,30450
553623,553543
252548,252645
524163,524167
146791,252478
395404,395345
44047,43769
27876,27832
35630,34654
165653,165915
86363,22680
25886,25932
33817,34107
543200,542991
233782,233947
203399,203105
11685,11630
25640,25647
206,389
467238,524154
49673,376909
19869,19985
17211,17720
373825,373690
42584,42702
406040,392691
21814,21819
287927,287638
197410,263191
420617,418540
37673,37669
25600,25430
576292,577433
342638,340838
37554,37489
93356,100865
81724,80226
336449,336878
521976,522059
256473,256428
25991,28735
36056,36051
27973,28236
24687,24682
235716,235484
30787,30519
26604,26454
48179,48296
378279,376915
495651,496980
359518,359571
548441,548437
224732,225390
37552,37500
94003,92166
497560,498891
45186,45223
380958,380959
33209,33217
19539,19598
581915,582042
524605,524646
296933,296902
26486,26583
298345,298502
24588,24043
508473,508408
451108,451113
358903,358894
38102,32167
24735,24736
171165,171945
397765,396962
328109,366455
43005,34343
39924,102605
19771,19840
19425,19432
492877,492150
324127,324473
26568,26100
289297,289254
38906,39051
23397,24253
41985,40851
439628,439620
42156,42130
436816,436134
296239,294885
35659,35610
96632,92309
111213,111218
405585,405720
100468,100467
126210,123626
106577,106390
5325,6875
154477,154378
27559,27562
217817,218599
53929,55016
155490,157501
453501,453460
264119,263814
27351,27384
218599,217817
46016,45434
471256,471252
402541,402867
406037,406002
454742,461365
212458,212881
360708,363242
31026,30935
22907,23463
382773,385140
345612,344641
37811,37858
44297,43502
28838,28525
443771,443626
48493,48031
434946,434945
26680,26583
127171,127168
23703,24013
114535,114523
27977,27967
36617,36602
132546,133998
34448,34471
240340,240715
21967,33808
272852,271980
259779,271937
53261,53402
44027,44028
42121,41627
234020,233562
25375,25459
581373,581038
528393,528437
505092,505330
425655,424929
405363,404573
403929,403857
213884,221074
29875,29847
24049,24249
396943,397109
111961,111969
16334,16372
25148,25160
33076,33064
42991,43065
410436,410543
567230,567845
165755,165763
304135,304139
528273,557540
133793,134864
16107,16595
335191,335195
522575,522555
324561,324660
190438,190823
495771,496603
61560,69183
504955,506385
389599,390838
162788,142677
275263,271937
475083,473574
505167,504992
538426,537275
493726,483692
443771,443989
153822,152487
396443,396126
551054,549736
39966,39407
164270,164937
229993,229986
406088,406037
23992,22035
325052,325836
41326,40588
321026,315302
93367,105513
32393,32374
462003,461891
524376,523105
565340,585437
373077,372055
267149,267145
27767,27968
68765,68219
445346,445768
473509,473494
368813,368819
698,1038
46754,46786
21705,21339
346212,346352
109242,101305
117959,118791
31086,31177
31201,31127
394257,394206
274947,274683
432997,432843
480214,478852
261007,261203
67979,69646
208848,208300
144863,145132
534188,534297
287968,290751
482125,483842
44891,44846
412174,413265
81215,81209
314891,315119
148918,148904
24507,24443
93518,89709
22685,22679
466038,466300
32333,32336
188783,187842
28164,34585
94133,93917
567158,569042
348873,348928
128465,128105
98523,99480
560188,560087
467515,466339
419606,418494
402346,396443
30916,31789
358634,359216
436942,438783
545358,537441
190171,192010
565434,567032
93568,93852
210039,210052
270929,283234
231043,232536
77702,77733
32019,32001
433010,433024
45447,45077
27674,27645
38511,39382
471779,470864
229433,229379
498130,499500
314191,314226
40862,40214
211628,211177
575288,577669
396673,396843
10570,9490
18878,18847
28277,28288
226917,226911
50215,50182
39766,39722
43465,43445
242781,240890
559614,559276
72231,68697
235948,247216
525386,524916
24738,24739
24244,24167
39345,39436
549779,548746
26057,26111
342739,342409
562109,562745
216003,215075
317689,321204
373461,372357
48338,48344
425200,413303
374720,374718
47013,47157
505092,504901
98722,98777
405628,403661
362273,362268
9954,10052
571100,571096
103577,105571
440050,439957
455615,455330
473763,473871
430985,368511
306854,301784
177699,175177
45255,45270
119477,119473
33612,32615
517980,564197
297908,297014
53908,53844
281800,281628
500424,498993
125710,116040
35278,35034
538887,539005
26720,26697
566499,565396
433279,433282
482036,481931
434889,437378
367409,366988
40007,40063
44088,44080
98461,97810
109427,109432
37488,36910
25969,26011
495220,494610
166902,166895
418540,420617
30074,28207
358409,358306
32410,33161
37353,38671
46984,46927
564092,559946
121471,123599
137422,137052
289196,282733
47260,47276
45672,45679
435771,436453
22027,22008
278811,279613
390965,394000
21326,21143
18198,18175
44443,44429
419773,418983
47768,47682
515537,514851
223040,223400
43272,43386
436461,435853
66676,65682
449206,449128
245795,243826
367509,367595
43617,43569
549636,549703
26735,27099
582179,584519
16264,16880
43181,44170
422974,423109
25289,25326
324561,324473
135036,135044
231045,232463
505330,505092
353391,353416
30925,26858
184935,185203
531708,500842
106115,113301
24703,24707
353569,426829
71845,85397
250313,250217
235733,236148
434058,434201
47135,47109
40052,21473
451572,451113
369852,368819
17108,17097
35669,35807
540809,540841
235382,234349
334130,333729
46356,46553
439994,441098
24956,16118
414141,414136
39891,40214
37267,37045
439628,440977
298048,298067
39144,39004
23358,23632
20992,20987
31998,32038
146736,145506
175537,175963
29576,29461
100923,100913
46392,44153
44618,45547
20815,22522
26286,26202
433144,433578
292803,292111
521254,521808
523247,515082
13397,6732
528562,530529
353126,353131
523032,523236
76346,75986
543750,543700
549703,551584
43931,43570
105513,105517
360905,360912
354472,358312
458717,458621
365418,365377
25490,25450
24363,24248
31601,31934
243826,245795
493307,493333
29254,27316
525993,525983
232536,231043
49944,49933
19190,19178
396617,395435
61898,61891
57344,48794
31357,31466
474774,474577
47703,49390
403344,403356
543265,543254
522399,522397
48518,48519
483883,483956
42327,42271
297826,297563
365710,365562
69390,69386
168985,347162
33099,33651
466339,467515
41000,45330
405266,402735
37836,38238
107139,107059
24426,24546
19309,21098
87529,82896
34432,38112
46809,46790
530938,536211
385962,385903
452375,452365
43799,44043
32953,32486
31188,31256
49516,48947
85397,85750
18944,18906
281554,278662
430246,430122
522943,523032
523669,523661
123324,135618
47533,47494
397114,397422
47947,48006
190196,190028
62282,62281
260499,260535
517543,517542
571816,573549
469109,467368
19064,18944
536473,537287
28630,28791
26937,26912
40439,39641
233073,233782
479488,477998
100041,576234
148509,148508
504917,505127
502828,496603
49705,49721
45118,45078
402546,405991
151830,154005
46324,44129
311337,312047
24638,24671
105326,105357
528123,528118
18198,18685
346870,347157
14065,16427
102616,102673
407206,406948
466623,466469
46541,46049
412503,412461
20031,20049
63226,63173
311698,314160
540476,542037
42741,42688
45547,45605
449781,455962
383981,384802
294061,293879
2042,1272
24049,23754
370703,370475
116967,117535
26672,26735
443785,436855
60774,60461
545421,545149
286541,286443
102960,102604
193937,216621
363312,363678
44170,43181
39382,38511
19424,19492
20017,20006
37836,37554
3782,3347
267101,269750
20094,20226
405623,481357
371780,371977
16963,16960
546281,546128
20447,18543
358330,358361
583927,583932
218775,220543
47260,47210
147930,148026
536822,537804
407408,407324
160468,161008
402346,402351
219166,219610
534633,534297
210506,210508
113066,108766
47358,47452
400229,400181
337102,337044
210454,210052
45283,45279
16898,18147
34235,34231
79527,79812
407032,407158
318557,318049
21043,20910
342088,342372
26407,26413
526882,527113
42073,42134
206721,205405
400038,401000
464835,464837
42265,42304
42757,42766
493333,493307
555350,557626
155059,155065
42848,42884
32160,32179
36480,36478
516320,516483
366910,366958
391236,391256
75036,74503
382908,43592
436564,436531
157501,155490
42105,42022
466196,466916
409643,409728
3347,3782
48947,49516
429296,429868
40282,40299
187462,186545
281427,279613
242239,242314
369802,370063
546246,546268
263814,264119
39160,41161
296838,347998
540575,537575
104024,104005
41045,40995
108475,105377
97195,96975
20951,20920
415540,415916
33240,33161
22275,22407
85252,86768
544023,544574
339573,340398
29117,29110
41324,41349
46098,46084
115979,118588
8673,8922
411514,411276
52819,50319
39213,39159
332780,332244
19391,18752
357849,360787
34073,34037
498986,498697
33847,33731
44912,33806
577774,577669
518640,527104
381219,379271
44020,44027
31073,31749
452027,451869
17498,17495
23112,23173
459458,459492
73488,75701
398067,398079
569831,538639
24132,24020
545469,545421
370072,370166
24417,24418
535085,533895
104649,102084
39693,39688
365132,363678
179392,179436
498541,498697
49773,49756
31188,31177
27334,27351
356133,355864
587879,588477
78582,78576
145770,89717
50042,50146
21143,21103
548844,547219
588990,588651
46568,46504
107539,106577
290165,290489
30392,31014
142255,142677
319748,331010
524553,524605
522211,522280
253056,253304
32340,32328
191288,191904
247149,245795
30237,26121
30519,29254
248649,249494
31990,31986
416609,416079
212427,214347
23900,24020
25326,25289
52819,53944
203105,203399
36969,15956
33808,21967
352282,352393
368391,368647
444453,432913
541719,541709
30098,30163
47915,47867
30450,30551
386533,387639
408750,408948
39444,39189
24357,24380
17516,17525
375433,375448
511342,511126
45553,45600
23754,21835
27616,27508
35716,35704
192307,193172
31421,31398
495512,495455
58729,54897
568019,568020
220050,220046
29917,30209
500842,451130
45348,45353
33919,33704
38571,38742
468945,468921
528399,528324
160468,159640
70921,71443
438237,438282
43255,43769
24668,24363
42140,38191
42494,40638
67887,67844
16984,16819
568292,568300
262905,262927
238052,169943
370997,371058
540841,542271
310555,310023
32987,33357
45369,44365
271937,259779
103723,104389
94143,94607
541719,541722
443626,443771
333550,333548
392680,391844
118558,120936
102616,102607
47766,47757
44325,44329
82711,82697
35564,37353
385140,382773
44044,44050
41804,42527
428398,428397
103886,111213
327239,326895
234482,233705
373457,373459
27876,27889
43986,43816
307272,427735
415775,415758
24671,24674
351844,350315
112385,148367
379919,379914
34231,34218
44339,44348
92019,90155
158633,158593
113067,114695
41477,35645
26100,24642
442700,442350
543700,542324
262959,263405
239567,242166
27827,27825
32378,34043
269684,272300
343576,343430
22885,22954
536819,536824
528756,541527
70820,68785
363845,362570
409804,408880
39038,39022
37235,37500
397122,397085
33343,33382
185165,184244
199085,199701
91129,90707
272418,309528
524737,524738
359571,359518
375738,375750
39289,39277
200515,199399
427469,433279
10589,11612
269990,267509
26414,26387
192010,190171
3046,1038
274683,274305
507219,505051
558944,558665
25761,26007
24080,24182
508408,508336
35804,43592
517542,517543
28270,28408
276319,276323
471458,471467
34324,34358
25016,25035
24436,24231
46553,46356
444850,445124
360855,359549
450452,392398
26078,26064
52181,55581
34078,34073
41978,42181
225347,225612
254714,254760
538165,565144
32049,32016
22656,198665
33561,33554
49205,49220
405720,406002
175880,178264
437339,436461
250710,250431
28292,28288
494530,495626
6875,7328
16081,16115
380959,380958
525973,525896
16595,16107
126724,128105
138296,138076
32339,32465
353089,368043
418073,461534
467586,483334
39766,39858
143539,143555
107296,128499
322479,323188
350781,350026
47603,47617
24197,24191
465591,465585
343893,343850
204973,203803
31789,34132
278811,278797
21099,21102
473848,473930
543797,543414
130864,141720
43568,43386
410426,410350
468592,468862
44088,44324
365205,365137
101098,101199
355312,354895
16422,16421
37305,37447
366647,348186
529820,527773
332972,338656
254660,254658
72031,71754
11729,13008
446936,444853
67366,69635
334921,333550
408880,408871
416359,414734
267962,268524
42215,41962
34349,34441
86361,86099
406040,406306
20015,19839
266423,267085
524646,524730
53944,52819
441543,442934
32317,32315
46375,46016
254674,254677
564295,566332
29629,29619
24707,24720
71754,70843
444116,444108
2574,2587
16751,16717
48339,47863
114535,114593
46035,46096
274309,273945
225612,225347
430071,429868
473658,473782
82072,81234
33822,33850
44365,45369
36050,36036
102917,103688
28421,28428
44129,46324
32612,32613
293770,283234
47542,47475
149989,142176
49724,49747
50070,50155
21126,21110
17798,17559
347998,296838
548150,549458
394004,385102
100923,101036
258817,560565
394734,394481
125455,125698
393269,395435
27741,27743
35645,41477
473574,473387
47475,47542
518446,515642
198820,198708
49104,49665
453789,453542
575963,575960
110298,109258
537790,538639
21133,21126
76853,76290
188357,186394
98461,98538
48884,48844
530529,530969
58572,57405
66125,66186
149421,149545
41902,42804
17500,17464
378192,378200
412046,412090
93568,93559
67979,66441
39317,39297
18793,18847
495829,495567
254625,254626
549252,548923
35807,35998
38742,38571
507199,507309
23544,23635
324239,324800
298815,298015
354048,354064
575522,575850
47698,347079
371977,371780
173691,173389
11630,11685
15956,36969
406794,407666
231769,232054
21770,21804
271767,270390
379446,378581
40007,39865
36344,36324
11445,9424
473107,455962
541606,548437
18373,18382
148904,148918
575997,575850
16372,16387
22680,3531
49951,47857
17898,17860
34193,34799
445638,459592
23718,23643
261007,259516
397675,399972
24110,24167
197825,197638
385628,381077
324201,324171
296244,296025
23115,23121
222233,216838
43184,43139
319102,319316
250098,240440
391263,391244
363776,363572
27929,27928
413303,425200
50581,52575
454277,453723
249505,249496
22531,22511
446713,446998
34732,34676
489885,490404
377327,377627
515077,515082
17684,17648
461258,461002
25450,25490
585706,428402
101834,101821
34347,34461
24536,24517
236684,234482
41498,41478
71715,72028
27142,25868
345630,345612
198292,198285
296933,297014
107155,107139
494713,493281
556990,558234
130526,130278
34132,34243
22822,22966
281800,282732
581218,581179
449101,449415
18780,18382
24418,24417
505051,504324
47279,47454
45611,45605
312047,316773
124298,124296
481375,482242
458721,458717
22889,22848
35824,35789
27841,27949
64470,60222
36202,24566
33854,41186
543874,543797
502621,504488
569831,570816
509785,509781
82005,82148
25160,25148
47686,47670
39796,39792
18019,16540
187643,187484
381968,381886
46608,46589
40559,42703
555027,553740
14229,22003
31281,31273
23819,23842
27841,27252
64420,64134
378394,378279
568282,568285
121666,121737
45078,45118
32050,31720
17445,135085
274109,312839
35716,38713
458976,457263
28292,28356
26912,26937
29087,28590
525896,525973
314175,313897
20976,20979
299189,299369
504324,503419
38742,39189
562745,563204
367779,387007
298015,297826
204973,205147
187484,187474
470687,471220
371111,371200
266357,254772
221964,222543
474375,476740
28704,31454
70185,69873
25739,25969
453536,453542
42703,40559
186970,188192
280815,276728
435370,443992
504529,504992
29714,28055
446755,352659
45697,46156
32403,32373
65584,65231
523032,522943
292855,293634
44783,44769
452493,451930
27977,28092
299273,315847
34081,33900
259516,259409
24248,24197
49599,49686
496595,497421
391271,399859
475604,485466
32433,32437
38112,41479
413628,412517
379113,379147
29891,29795
340401,341777
400193,400192
403661,403494
272038,270316
249494,248649
310023,310555
24410,24380
27803,17480
436531,436224
128594,128614
146110,146390
41349,41357
125647,115895
63846,62949
44170,45077
24546,24426
523236,523244
22889,22995
334769,332968
577459,569042
48006,48051
416627,393504
25634,25636
108433,72268
524738,524737
226663,225612
370166,370072
23668,23635
349838,350059
414391,414502
65683,66125
37594,39809
543240,543254
110414,110427
82215,82253
565434,527130
22221,22428
471467,473128
455687,455615
23394,23517
16455,20291
28388,27272
43815,43694
532798,532689
34471,34448
365137,365205
409132,409136
249846,250999
36483,37504
359787,360768
399776,400038
33392,33408
173814,175537
32444,32437
137604,137475
515212,516251
27060,27184
14798,14780
545995,546246
574853,575288
35991,35995
323111,323135
31256,31188
39303,39309
41622,41650
44392,44385
24363,24668
43673,43237
42688,42613
114541,125271
42156,42981
192870,192883
150107,152156
435758,434422
17921,18047
381968,382733
41213,39910
38763,38806
87429,39796
41426,41186
435997,436128
477392,467421
19985,19869
509754,509773
136194,137052
36298,35630
20015,23424
367291,367270
237854,241731
376887,393504
375559,375508
504614,504917
332992,335659
16372,16334
37305,36952
16886,16784
543414,543797
30519,30787
26032,26045
470103,469451
1055,127801
221943,221934
440004,448756
45375,45434
483851,483929
173961,173318
283285,282179
102084,54611
198536,173999
303554,303534
182630,182654
21103,21143
484930,484831
7428,7409
255969,270833
365130,480656
161777,161507
213672,213812
347391,347559
521815,521490
28467,28453
111949,112231
462003,462608
369733,369802
36453,34578
393259,393256
31665,29908
40995,40976
37489,37419
438246,438238
31792,31706
543243,543807
315753,316003
179412,181863
309762,310338
533859,533671
428397,152952
376195,376257
551584,553543
208485,182722
105517,106005
399294,397917
136250,135654
171546,171575
14065,13572
428477,416627
481984,483452
539086,539098
26004,25996
27674,27891
587065,587150
101041,101314
27421,27445
33196,27830
317297,317156
47784,46449
465827,466339
36706,38447
184129,178264
29960,31186
93639,93641
39214,39226
364660,364195
252008,252012
105357,123557
190823,190438
541003,539005
63556,103886
534188,533859
379446,380998
256394,259065
392680,393269
86099,85701
133127,140213
23103,23047
339573,339395
314180,314175
48296,48179
71715,71278
307269,260538
101065,100782
365377,365418
29110,28922
396443,402346
41804,41737
557540,566030
59642,57349
561088,560724
195578,195375
302015,296227
186292,185811
123324,112602
322927,321889
18723,18818
364180,364093
281998,283394
34585,34643
24257,24244
48394,48377
513867,524449
75832,75380
152952,428397
260787,259799
41962,42215
361978,361290
381896,381893
497274,496741
434422,435758
39084,39395
16371,16421
394688,396219
102805,98777
121885,121728
28806,28524
32465,33343
363594,363595
33535,33516
20397,19492
165915,165653
24020,23900
27645,27674
227694,228380
430964,431050
28307,28022
49737,49446
524449,513867
385300,385331
362276,362273
563416,564258
37781,38317
33055,33064
92309,91130
46084,46098
439483,438641
210658,211177
336841,336790
43673,43976
45863,45870
27137,27123
495427,495455
262927,262905
425022,423439
401220,402036
63173,62790
419641,419689
31923,31868
127168,127171
342409,342739
64648,64675
491891,492140
577859,577433
71683,71544
527130,565434
22862,22422
101821,101801
325205,326218
575226,582809
160302,159688
22645,22653
246138,242839
46351,24871
259046,259555
26247,26480
487120,415666
114517,113908
153195,44783
366988,366924
120528,121245
584928,585054
549794,546751
120073,123819
141428,141420
27999,27919
532683,532673
142176,141808
323451,323053
148927,148918
26723,27577
95889,95898
48794,46351
332962,332964
450429,451869
296848,296825
304112,303554
498993,498891
98505,97937
158636,158787
220193,220381
359216,358634
153224,153206
27259,28230
506385,547324
1272,2042
20681,20553
307769,289200
23115,23110
24495,24492
43769,44047
275983,276728
242839,241988
429729,449781
32057,32046
354862,353640
500440,500835
515085,515070
332244,331758
28008,27981
59049,58729
26631,39665
210052,210454
393504,376887
510234,512266
66438,67816
42215,42219
227898,227876
37986,38001
50146,50394
245333,246481
202729,193504
22489,22274
33918,33923
20971,21416
482125,482036
558665,558944
33006,32380
400535,400495
126210,126747
375780,375791
516570,516101
349702,349714
35541,31047
525888,525883
361601,361800
381886,381968
43931,43937
26733,26736
345629,345780
27832,27876
20790,24000
370512,368683
405567,406464
198708,198253
330381,332972
542324,543700
66441,67979
42848,42741
39317,40588
101649,101801
111413,111404
302575,302551
457814,458433
171165,170649
82697,82711
32933,32925
581920,581992
298777,298785
236684,237854
546787,546772
3398,4166
21425,24861
525896,525599
28288,28277
45071,44970
443544,442045
387585,378951
173909,173627
18878,18906
507309,507199
37318,37326
49184,47515
240095,331927
503760,504400
48466,48467
464250,464835
44297,44300
66186,67995
533489,533671
304542,302575
208695,198536
41620,41204
389291,389292
165065,165054
442745,442715
365453,401672
396017,401004
18693,18752
161155,162050
47210,47202
45023,45050
346195,334769
575850,575522
152406,152196
22238,22274
587029,568300
414304,413998
463604,463798
21775,22018
359216,359239
45151,45501
429161,429284
43769,43255
21263,19857
191904,192168
186725,187842
558234,556990
535508,537790
48844,48884
250211,250131
24026,24124
421189,421273
42162,41379
488424,488338
27743,27901
172003,172377
479202,474359
250190,267455
444153,442745
72033,71494
166223,166895
566332,564295
27258,27334
35151,34759
304135,304119
221943,222244
389,206
24779,24748
398079,398067
27406,27205
26064,26078
28477,28512
405889,405952
97937,94607
28408,28412
406658,406463
33431,33622
24197,24248
159781,160166
370179,370162
548746,549779
516528,516251
430508,430997
22660,22653
127168,88138
427469,427054
248755,248178
111969,111961
491650,491891
256394,255979
466300,466038
418289,418182
27949,28019
474678,474673
434950,434949
47368,46989
403998,403950
545917,546097
45876,45100
287198,288248
32953,32987
397917,399294
95904,95898
235484,235466
72943,73125
438246,438898
248649,247149
41734,41746
24630,24638
466299,463490
33808,33851
456199,455924
24379,24009
27508,27616
140230,141255
33430,33410
27568,27630
581634,543407
374718,374518
38376,38437
198673,193629
439045,439143
250361,250330
535871,537575
533895,535085
519257,519577
164044,175177
425256,424600
21326,21336
432924,433368
26105,26186
338296,337741
365562,365710
46005,46395
152196,150749
27568,27522
459492,459494
358894,358554
17117,16989
299590,298910
433144,432361
189636,189616
174246,174281
228390,228380
412174,412090
445768,445346
76346,77213
32255,32783
400256,400250
430500,429671
36036,36050
19292,19285
26413,26423
526882,525386
29847,29875
532673,532683
282963,21643
28207,30074
480902,480939
96896,99261
44526,41479
396550,396487
81234,81215
528562,528494
192168,192186
582059,582028
422218,457146
27115,27109
33651,33099
310479,306757
450063,450002
32613,32612
405901,405628
453996,495771
282861,282766
47371,46724
137924,142249
435252,435771
135761,135762
307797,307518
64470,67366
274001,272852
272120,272171
335591,335643
525386,526882
209881,208705
21770,21740
576292,575963
27406,29917
530134,527198
376915,378279
168729,168741
128105,128465
349588,345870
23600,23587
39148,39316
49737,49756
450002,447669
366942,352472
345839,345709
375750,375738
346725,346327
67366,64470
230295,231094
23424,24566
20284,20275
114770,114772
581187,580126
45468,45358
35412,35418
337741,338296
294885,294372
378604,378588
391198,391236
7659,9024
317156,314160
573032,570193
30058,30044
365710,366910
288265,283251
409245,409136
28395,31720
447653,447263
82711,84916
328109,321120
29380,29311
530969,533489
93685,92457
456816,437923
26202,23075
101568,101113
171159,171155
378508,382677
251953,252008
49390,50708
31256,31311
483929,483851
37468,34208
325056,325092
46077,45479
537365,537375
50039,50070
23574,23584
483842,482125
42527,43047
36338,41302
39722,39766
45434,46016
471508,471279
184622,344174
352393,352483
34441,34934
16560,16508
350887,352911
322380,322406
129966,130291
389505,389599
41183,41029
259158,259409
546435,546533
386874,388191
452550,452640
43161,45255
322859,317422
71494,71443
20856,20864
522390,520942
394481,394734
528580,529934
53244,52625
28278,28933
25874,25996
25635,25485
82260,82253
350026,350781
107059,105273
436942,436816
24249,26732
28464,29554
40740,41627
135505,135502
69506,75510
93543,93518
75701,75986
317677,317672
62790,63173
526752,485466
36387,38053
404119,404053
47840,47844
36304,36298
27254,27270
342134,344641
381812,381804
25223,24615
400873,400800
340312,285951
229986,229776
469896,469109
323053,323451
325076,325205
352958,359822
135618,180826
16508,16560
50221,50245
349354,349277
372766,371434
443037,430389
137408,34851
349226,349277
18472,22608
102605,39924
36202,55656
30610,36639
35252,35805
142255,142252
506290,505127
70820,71596
38844,38584
283251,288265
48396,48533
572116,571765
45870,45899
338851,331010
238052,280553
124528,117473
70667,74508
426579,426759
47985,47915
24758,24757
523658,522402
20959,21621
41013,41102
298845,300848
31665,32380
335659,354300
40439,41244
162071,163379
438206,437339
34358,34373
546772,546787
35190,37384
521766,521976
107776,108064
19292,19327
33357,32987
370179,370230
34373,34358
45553,45525
345451,345629
82896,87529
301234,302551
41302,456205
30954,30948
19648,23577
91305,91313
394106,387585
265667,265349
32049,32612
354868,354895
408948,408750
25657,25620
273326,274297
396567,396654
33956,33962
491581,493485
523247,526042
32380,31665
75986,76346
16876,17211
19870,23397
114924,114931
9421,9490
96179,96171
23577,24729
383053,381296
267455,284912
283586,261557
25468,45053
488589,486887
283299,282963
44769,44783
350868,352082
45956,41606
81343,83307
260130,258992
209700,209611
37158,37229
42808,43355
56039,55126
482617,482403
384158,382897
358815,359218
34604,35021
31156,30651
380295,380234
541698,541709
49100,49133
43992,43815
474359,479202
49141,48905
35086,35704
391806,391686
70776,69566
577774,577970
29002,29582
559614,560129
413628,413634
38165,37504
267155,267509
30030,30024
22995,22889
24043,22815
324832,325076
322406,322380
389292,389291
34759,34033
349868,349995
31980,31973
336032,328759
406464,405567
395404,395448
83486,84954
547324,548831
63556,63553
291971,280007
30871,31542
20407,20316
282924,246138
37569,37594
397786,397579
387741,387963
449713,416359
114298,123234
374347,374013
465786,465201
496595,495626
272011,271946
489014,488998
22409,26333
27099,27462
376195,376180
30392,30268
41416,41602
63189,59716
42584,42576
192959,193012
440977,439628
36436,36210
468945,469101
481517,473817
284301,284304
157474,157606
101098,99822
180826,135618
31980,31986
243826,242781
374718,374720
375559,375565
466281,466469
20006,19985
178090,179190
230295,230223
27321,27137
28434,28441
379260,379334
354275,353185
542630,542991
30873,222435
549011,549336
27729,27642
234020,234349
41659,41831
37306,37318
498993,500424
73147,72810
376887,374434
420620,420617
362390,362083
221529,221075
13894,13397
64926,65061
463024,447670
37516,39299
372354,376177
24443,24438
324135,324171
350692,350697
26486,26349
363507,362984
103402,102770
471871,471803
91749,91642
31177,31086
415970,414312
218138,220329
162788,196189
28453,28467
289196,289197
191603,191532
182713,182722
44378,44348
456372,456380
24043,24588
224732,222244
25610,25604
473739,473575
530854,529941
39316,39560
28401,28398
51430,51571
218043,219166
110541,116004
28972,29153
25672,25664
46156,46190
275118,406924
39012,38102
209780,209700
31789,30916
37229,37498
414691,414759
45100,44868
35293,34400
273945,272011
557483,557474
563816,565091
146390,150273
40282,40063
381713,381708
38713,40694
391855,392691
550027,549794
22522,23324
266820,266831
290809,290800
32185,32057
46639,46724
32410,32404
245795,247149
403554,402622
252012,252080
526372,517972
29674,29731
457056,457291
31697,31973
39661,39571
179412,178792
48155,48152
142249,137924
217880,217953
39633,39509
193629,198673
33521,33554
465579,465526
42262,42241
546396,546097
296404,296357
85295,85303
33060,33573
451351,451350
48018,48039
39436,39345
22711,22822
327977,291688
358330,357562
557464,557474
32046,32019
368496,366650
437142,437416
454677,455205
25428,25438
29316,29326
31281,31398
289199,289198
35287,35278
102194,101834
17084,16801
29554,30137
540575,540964
30562,30664
276323,276342
6576,6700
37488,37563
456743,456807
318950,311812
433922,433812
37472,353501
24108,24191
381891,381885
524501,525310
388191,389288
423418,423389
47157,47013
433739,433812
363595,363594
302015,302016
129830,184811
414502,415758
21858,21842
580733,580807
168985,168979
261557,283586
300818,300718
524154,524155
270845,270565
221074,226482
305125,210511
30434,26520
563239,539112
148904,148843
400475,403292
30557,30562
33573,33060
371995,371200
33459,33453
22848,22665
20959,17730
20226,20094
34578,307
53311,53244
41522,41518
48179,42614
208300,208197
46173,46102
105250,105060
382632,381307
151784,151830
483842,485026
18373,18199
571102,571100
85454,255969
26037,26030
35727,35418
455205,454677
434947,447969
387639,387741
16269,14507
48180,46077
19598,20094
46617,45742
36516,36517
385966,385962
53244,53311
16996,17172
32451,32444
49742,49607
561222,561214
32404,32332
38450,38458
35998,36039
362941,362938
24307,24390
37498,38011
84113,83723
115906,115567
37360,37781
71443,71494
179724,100758
457146,422218
423095,424186
25326,25766
539098,539086
429023,429502
418182,418289
36334,36338
135992,136168
266831,266820
16674,16784
41602,41416
426345,420620
119473,117535
182705,182711
87100,87102
32228,32227
29881,29824
19178,18087
114120,115567
264630,265639
45319,45129
319102,318557
21798,20999
22407,22275
25387,26311
286729,288124
28912,28915
70436,70185
519913,519357
217559,218112
505127,504917
39871,39891
41371,41375
511894,510022
22078,22221
485210,485118
50184,402559
30551,30450
463475,463583
78214,69635
583117,570821
283285,283351
409136,409245
526059,527232
93878,94143
41262,41324
425783,426077
4166,3398
426642,394024
205405,205133
286991,287198
41880,41602
39277,39273
20284,20640
519200,519047
542342,542363
49369,46463
48018,47960
222769,223040
50315,42140
17623,17589
176766,173691
458621,458717
45266,45279
106390,106577
283123,283410
17798,18115
24721,24743
82253,82215
370063,369802
380080,379814
395561,396536
470955,470960
50155,50260
567197,567355
20763,20796
44153,46392
28524,28523
41098,25243
23615,23600
567454,567462
226062,227694
539714,539802
267607,266357
252468,252782
100913,95656
166732,168815
394206,394100
186292,186970
342739,342767
20842,20796
366942,380958
236503,234735
378566,378553
29795,29891
489681,489599
16287,16334
525135,524874
474681,474678
80162,80155
334729,440328
322406,323053
38238,38655
582814,582810
480566,479624
345612,345630
335643,336790
520237,521766
142252,142249
21048,21049
47452,47562
429575,429452
57405,58572
419606,422598
31742,31542
437923,415284
38806,38883
20842,20917
253348,254679
307518,305569
105273,107059
28217,28120
29795,29783
46077,48180
44083,49342
66835,65562
21085,21089
74508,91643
39703,39744
173190,204696
37669,37572
456743,456741
24698,24708
393745,389288
30518,30528
54677,54649
262959,261680
34043,32378
391590,391256
410584,410757
50353,50379
396942,396971
98523,98228
481604,481548
17513,17262
221667,313536
242781,243826
573468,573208
407647,423306
352779,353126
419424,418928
46495,47013
385132,385078
403292,400475
16269,16414
146736,146898
213884,208413
96512,197410
31793,31749
345142,343893
307518,307797
137739,137733
453516,455349
26423,26431
46589,46382
37360,37352
381077,385628
579743,579773
535508,520840
23246,23278
526042,539978
22679,22413
573223,573269
373461,373788
23668,23681
45353,45358
94820,95860
192816,191929
24693,27272
332972,330381
463021,465078
94003,94820
558944,559276
233310,233061
128614,128652
394392,394481
29133,27960
476473,476525
217880,217095
93639,93082
288912,289172
349714,349702
46612,46608
28163,28139
379210,379260
24426,24420
504992,504529
528251,528393
516789,516604
248311,222435
447736,447894
32273,32601
81209,81215
511541,511626
97195,100782
44416,44266
24219,24211
16115,16081
25777,25636
34582,34604
408976,408948
426165,426329
227089,228344
354895,354868
26372,26196
74319,74296
46612,46850
37972,37986
573549,571816
49879,49933
49411,47613
39843,39871
490113,490140
452365,452288
155828,157346
124092,123821
425200,458373
391844,392680
20982,22885
49721,49724
557626,557674
422200,422342
375738,375448
397500,397574
118746,120523
515070,514914
553740,555027
38027,38043
349234,351185
132895,133093
103402,103577
206339,206019
531245,531495
68219,68765
50264,50353
67887,68026
179148,179392
49818,49778
244234,244527
220393,221964
33700,33704
259555,259799
78980,79985
548497,548178
34104,34053
26100,26568
189549,189515
224238,222543
29654,29644
252744,252823
350224,350059
149395,149390
30044,30058
26202,26286
47656,47542
30246,37103
210699,244806
523105,523038
289953,289808
478518,479195
354048,353144
376177,372354
422314,450979
52351,52694
85885,84916
363594,363507
69566,68815
50334,49937
37554,37836
481362,481357
216023,216918
355533,355222
397085,397079
397917,397875
27562,27588
583302,577459
50379,50353
29647,29725
508792,507219
550027,550601
402546,396550
22775,22325
133998,134365
444321,444306
48227,422209
383981,383053
20116,20101
62380,61898
27476,28716
27123,27137
379113,378885
579386,579070
72033,74639
523038,523105
324114,323188
340624,340540
456381,456202
371261,359864
584150,583302
337122,337102
25932,25886
460220,461891
32227,32228
21663,21781
16422,16577
44429,27319
41746,41734
43148,42875
24749,24752
324114,324127
46071,46377
373690,373825
266948,589303
98298,99680
26680,26688
32454,32355
393256,393259
309158,309212
27889,27959
18543,18115
220101,220125
273605,273406
174246,173909
313897,314175
27594,27553
268524,267962
30529,30355
321221,275363
32373,32403
43976,43673
421388,421379
30425,30234
40588,39317
542514,542363
335624,335556
30163,30234
401070,401034
31185,30925
426759,427070
407666,409290
154477,154496
272303,278215
232967,240227
48905,48467
41467,41622
428222,343453
434945,434946
25657,25664
198963,198967
567155,567197
193447,180992
88558,86768
32315,32317
220131,220125
556984,556718
48039,48208
526372,527773
37376,37267
19421,18626
31664,30751
50042,50020
523047,514842
28523,28524
589151,589153
331031,331633
193481,192280
424929,424233
46646,406503
44526,47765
33444,33457
421896,421273
289199,289200
358929,359549
346223,346202
47766,48436
44034,44041
24938,24758
25490,25500
106820,101223
148927,148964
30450,30425
61560,60778
250710,250855
397114,397109
168741,168729
413303,413100
394904,394977
396017,396015
90195,91239
439234,438898
43294,43184
27746,44939
44129,43231
399859,400955
111567,113890
33704,33919
407324,407408
381893,381896
436849,437142
23358,22648
30675,30664
28306,28502
41734,39067
579861,580126
58612,58572
195173,194930
11630,11612
25387,25119
457748,457654
415274,409860
28268,27429
38011,38141
24409,24013
493281,492993
328653,328846
112813,112424
575522,574501
18944,19064
24410,24615
48368,48517
31679,31688
404593,385538
275263,283251
17235,17214
110259,110253
36210,36436
135044,135065
141420,141066
378570,378581
512657,512266
46850,46612
50236,50104
117447,117337
65004,64675
280007,291971
534882,536782
586915,587065
459591,459598
469152,469101
22467,22948
532798,532803
568285,568292
372972,372766
38579,38453
106382,107776
543265,543317
46049,45516
405585,404349
28548,28543
33016,33006
542342,542339
46293,45876
549458,548150
190438,190365
44927,44392
345861,345839
41186,41426
525558,525421
27929,27976
22566,23075
82277,96171
159688,159537
78145,78071
18115,17798
29305,33854
247216,252744
143899,18324
359444,359432
49756,49773
499587,499406
33251,33253
43694,43639
340731,340624
18012,18050
274947,276319
32601,32619
47232,49134
258745,258817
279613,278811
444153,444306
385962,385966
378885,378834
30795,30799
487181,486701
486985,484840
47358,47031
31866,31877
21137,21134
33946,33936
27429,26498
192273,192899
214171,231424
41958,43231
402867,402541
407032,406966
343850,343893
580126,579861
43017,47224
31868,31923
401022,401059
24492,24495
409101,409132
220050,241988
431008,425260
233782,233073
29304,28502
41853,41902
524874,524738
373196,373103
96975,96888
478184,478852
569651,569644
454768,454775
40981,40926
493952,492598
449415,449101
230223,230003
389147,389185
272779,273406
27553,27594
174924,175586
26932,26981
102673,102681
32406,32393
481475,481474
250181,250190
378604,378834
32276,32283
23259,23432
371173,371470
306757,310479
175586,174924
522280,522764
468791,468788
56201,57405
191904,191288
537275,536523
381692,381585
379271,381219
46542,46872
30013,29995
543914,545149
18752,19391
515212,514634
317422,309802
404282,404573
564092,564144
443697,469915
563204,563416
473724,473997
450227,450490
108766,113066
27796,27823
504457,504400
204990,202045
415758,415775
239544,239507
231424,214171
376728,376847
342822,342767
391271,391263
289197,289196
253304,253056
534712,534882
381746,381713
42766,42757
451006,451130
349139,349127
347559,347391
456807,457654
54611,102084
23038,22214
20292,19348
349614,349097
400190,396317
284722,284730
210658,209881
224862,224868
126747,127158
457112,454503
120073,119477
61325,60051
391236,391198
387297,396124
452640,452550
23429,23038
471905,471871
36019,36705
35429,35442
121899,121885
152156,150107
173318,167579
181748,181588
538887,538426
216621,239512
28014,28022
389105,391244
496741,496621
359218,359357
63189,63653
49743,49742
347162,391152
43306,43502
451849,451647
275919,275929
394972,394106
468073,455810
21090,22566
41627,40740
499406,481253
26796,27052
188903,188909
26414,26758
40166,40150
563416,563204
21137,21631
540736,540444
258992,260130
407302,407324
384538,383173
40347,40198
82148,82005
109638,109719
448189,447744
114120,114080
21722,21732
380998,381917
21644,22078
206317,208101
220131,220193
188909,189104
20064,20076
27476,24717
41496,39883
395435,396617
296902,296933
338363,315223
45306,46103
14798,16801
36208,36324
114931,114938
31127,31109
376180,376065
396487,394972
444306,444321
31877,31866
375498,375479
39395,39872
511541,511386
571096,571100
157606,157474
573841,573549
24224,24315
40510,40202
405623,405622
402617,402351
14507,14006
164746,162824
379455,374892
61479,61941
563204,562745
405969,405966
19273,19331
17525,17516
121737,121812
532597,531700
454503,454277
3259,3048
516604,516789
49592,49599
302016,302015
575615,575622
40638,42494
420617,420620
42527,41804
39748,39744
366660,366576
10498,46873
34053,34104
37318,37306
46156,45697
98722,98695
166021,166004
17757,16977
25038,25299
3048,2986
36020,35993
485980,486265
26858,30925
319723,319537
288912,288248
551174,550970
41244,40439
34081,34324
46324,46449
221075,221529
178286,183028
397335,397122
559024,558991
23871,23880
575960,575963
162063,165211
485210,485980
28433,30193
23788,23882
375021,283299
32486,32953
176619,185753
50245,50221
111350,110523
10570,10589
29525,30916
23997,23992
46735,46693
38053,38061
102499,102607
473538,473563
261433,260787
35623,35660
231175,231202
433068,434185
86768,85252
563074,563816
189636,190038
16177,16264
25691,25692
44348,44339
24743,24721
49828,49825
391256,391236
20763,20719
230003,229934
286834,286541
547104,547088
479487,480924
535871,535085
218031,218043
26245,26214
453211,452876
449221,449206
46927,46984
467586,450712
164270,163379
37306,37201
305251,305243
29209,29259
47850,47144
470549,469562
21726,21705
27919,27999
109789,107379
156517,157169
345861,346028
359239,359216
371336,371058
134473,135559
47029,38522
146898,147166
41013,40906
429060,427239
24749,24741
25518,28221
589683,589283
275983,275929
428400,428398
20879,20907
379285,366455
64134,62850
378801,378945
13723,13519
373445,373525
247332,249846
29725,29647
482242,482869
36051,36056
24682,24687
113919,113890
422146,422996
264302,264187
334316,334295
435285,435673
471467,471458
278797,277431
394865,394904
376901,374723
357449,357562
515082,523247
389905,391147
41831,41659
374347,374501
381456,381585
198804,198963
493281,494713
45516,45447
39463,361495
143002,143171
319537,319723
31606,31617
28471,28461
35704,35086
358538,358670
210510,201700
305125,305201
32111,32247
41326,41379
162824,164746
23751,24420
37568,38015
16772,17860
364588,364609
216894,198665
23473,23429
401059,401022
475992,474297
25704,25886
480924,481375
109432,109427
346045,346212
113690,114080
94143,93878
446131,449229
150625,148611
115107,114563
49277,49159
62850,53955
23103,23337
169431,168815
266820,265667
569053,577468
88138,88049
367225,367232
568282,567462
457344,457052
422209,48227
209611,208848
209881,210658
23990,22608
81944,62282
24616,25285
74639,72033
46096,46035
457609,457279
418585,419112
415280,415279
283251,275263
323135,323111
45606,45619
513867,512496
88558,88756
343790,353089
322220,321011
182705,144648
369852,370039
205405,206721
29993,29946
21910,21902
250855,250710
46360,46495
111947,111949
41831,42022
21053,21049
176792,176729
517549,517972
326510,326895
199198,198691
404349,404294
432361,431033
473629,473131
178090,176766
385935,386011
158748,158016
199830,203105
28487,31047
39703,39693
468456,468327
188192,188350
6700,7107
447405,446936
32433,32432
39872,42131
228344,227089
462662,462681
182654,182630
36305,36083
342271,344250
587261,585392
386023,386016
110304,109719
148843,148595
379263,374656
350026,349230
300976,301039
4042,5229
100758,98538
305017,305923
148367,112385
307269,307271
469101,469152
186545,187462
58612,58682
208705,208237
178264,184129
254251,269684
271597,272002
246481,245333
273887,273605
423419,422598
470210,451503
412046,409804
36590,36602
361800,362984
104520,105700
20076,20262
23111,23002
451022,440538
426089,427317
24182,24080
47612,45611
38476,37563
296244,298048
108543,108766
456202,456381
348688,349097
429242,427605
33434,33508
461002,461258
583109,583915
157449,157474
40883,41185
468850,468873
344250,344284
33622,33707
115387,116040
564258,563416
400193,400200
357187,357729
338370,336878
56201,55634
47915,47985
422342,422506
46504,42823
184935,183874
26322,26540
433922,434058
296429,296902
20815,17689
240715,244229
571102,571104
352483,352393
221436,220543
397579,397574
38906,36864
453080,453145
527736,527603
141720,130864
557464,555976
450227,450116
458373,473226
23173,23112
24678,24674
44264,44050
42741,42848
16117,41932
34104,34218
18382,18373
48408,50375
33806,44912
452493,452530
440057,522994
26141,27259
35991,35882
287325,369504
394299,394291
78024,77783
18818,20889
75308,72773
515537,515642
74117,74296
558226,558140
45718,45539
397675,397110
24239,23930
34085,34097
125710,173999
291518,292111
46660,46695
479606,479624
47539,47603
305923,306859
201700,210510
194726,186389
39022,39038
47010,48013
412461,412223
22995,23082
16448,16674
521490,521136
184461,199135
504517,504282
302924,584949
18180,17757
458512,458536
38323,37990
102604,100742
222380,221529
233310,233494
427317,426089
154378,154477
62282,81944
317417,317297
517549,517543
28499,28521
26372,26387
193498,201700
28958,28806
433010,431050
213672,212881
43386,43272
126685,128363
536331,534909
22008,21981
38191,38184
405889,405879
291419,290425
566499,567489
20839,20782
235466,235484
144648,144643
539098,539561
371058,370997
254625,252837
141024,140047
125455,125427
167160,167526
45605,45611
363926,364195
42377,41244
118746,118728
385892,167438
69414,69390
504614,504457
109453,107727
34097,34349
498891,497560
360308,360316
427605,429242
289172,289313
311248,296848
66835,68815
222435,30873
554837,554942
456205,41302
75308,76290
491610,490140
438073,436453
484182,483754
422146,421896
410250,411276
28461,28471
23432,23483
30651,31156
18057,18050
49449,49550
32320,32183
514903,514820
527474,525993
365021,365485
381219,381296
91313,91642
69210,69223
28174,28185
27594,27610
27666,27715
253531,267101
40862,40926
289197,289198
308483,315223
297052,297563
3046,3613
43551,43443
481972,483692
230366,230188
588407,588406
575615,575019
352282,352082
273168,272829
560703,560211
453211,453536
17913,17897
266831,268476
373103,373196
534633,534712
82697,82438
486985,487433
149922,151784
165577,165653
171159,172813
49100,48884
348873,347559
47857,49951
552108,551174
22144,23063
340624,340731
16127,16177
34951,35001
393552,393556
183014,183257
457274,456381
378566,378570
495455,495512
588990,589521
415916,417544
232543,232651
254760,254714
50260,50155
30861,30871
39004,38929
44338,44324
39055,39160
370475,370113
33463,35190
475411,406503
381692,381842
27823,27796
17500,18495
17498,17897
468327,467864
468874,468262
17226,17209
349614,352495
292855,292758
370616,370503
414136,414141
25692,25691
26349,26486
41453,41464
214965,214347
449710,449289
20987,20992
48152,48155
349086,349077
111891,112839
22325,22185
444853,446936
456807,456743
314967,314889
17897,17498
23088,23110
16421,16371
33731,33584
439892,439571
289200,289199
267085,267443
167160,166037
19539,19331
62949,62380
16977,17757
458433,457814
42533,42483
363934,364287
108698,109634
461455,461258
271419,270859
48377,48394
108064,107776
113919,114563
422057,421934
43430,43408
39872,39395
33363,33804
46872,47475
397422,399776
31973,31697
135569,135761
22274,22489
427054,419773
481375,480924
32256,32251
401031,402522
49828,345388
295275,295918
61941,61479
61891,61887
191532,188357
197497,195578
24618,24594
381886,381842
511386,511342
54583,20628
148209,149922
349086,349090
540736,540809
516251,515212
40638,40510
488513,488187
48344,48338
379263,379275
28055,29714
36066,37158
318719,255210
88023,86894
486561,486542
36798,36784
21582,21336
324660,324561
464022,464724
48466,48449
401008,400939
355793,355312
252744,247216
31699,31700
266400,279596
476740,474375
429679,428842
164746,165054
23746,23702
273168,273326
370512,373108
27687,27224
185811,185333
366250,366306
260498,204696
247067,246787
24541,24616
548844,548923
443992,435370
218599,219657
37045,36782
93082,93639
525558,525599
525599,525896
7541,7107
166902,167044
228377,239482
486206,484930
93843,82891
357619,357612
350059,349838
514851,514322
429502,430993
22489,22511
31186,29960
402306,402036
25606,24832
69363,69386
208300,208848
16316,16317
403593,403641
368043,385102
205147,205823
49686,49599
29783,29762
516101,516570
252782,253348
390838,390846
528118,528123
36334,36289
128652,128614
319316,320302
24668,24670
401022,401008
46850,46924
362938,362941
48374,47533
66186,66125
434185,434189
25606,26121
530629,529816
22003,14229
392779,392682
391834,391457
426251,426241
379334,379410
115066,137475
62380,62949
528016,527967
562403,563074
23706,23656
567651,567648
27445,27421
29957,29891
33826,22920
395294,352911
468045,347548
560129,559614
304745,303814
24861,26273
295225,297052
342391,342372
49159,49277
357849,357619
3089,3136
141066,140570
39436,39446
274305,274683
43443,43551
27553,23463
16880,16264
38586,24000
241988,242839
239316,238690
160166,160497
30528,30767
28716,27476
46873,68697
384802,386296
548831,548835
546751,546547
546336,546268
267443,268119
483956,483883
30355,30058
22122,31869
425022,425233
23536,23487
454503,457112
398833,400079
460709,460487
365907,366693
509773,509781
483692,481972
144339,144491
31617,31606
41026,40981
406429,406463
93367,93366
281438,281427
474507,473739
167135,167133
439483,439509
39382,43653
500727,501397
57344,57345
385935,385892
562403,561222
81343,81019
25363,25450
431467,447670
130325,128783
463467,461562
490100,490113
572116,573223
47765,44526
374013,374347
121885,121899
142994,143002
28512,28477
20864,20856
47628,47675
180774,180806
101834,102194
39858,39862
213812,216059
459778,460220
197825,198253
16751,16769
41407,41467
21915,21955
4027,3782
33064,33055
484452,484706
474678,474681
226482,226487
470684,470515
267443,267085
314829,314889
36705,36019
142249,142252
212895,116343
415284,437923
371825,371829
578119,578053
43445,43465
379455,380076
100484,101041
222543,221964
26277,27833
177371,177956
58572,58612
42809,42766
58682,59009
352101,353391
350949,386656
34053,33919
495427,494808
404349,405585
481548,481604
392682,392573
35649,35636
531495,531245
39688,39693
545642,545469
35151,35359
40906,41013
370113,367843
27200,27700
102410,103535
344771,196831
165564,161150
346352,346212
370162,370179
18793,18778
117539,117560
417611,386023
148508,115251
48061,49381
320029,320038
342767,342739
23511,25375
343453,428222
33923,33930
25520,25504
57499,55552
384552,384538
480981,481348
400260,400256
235484,235716
390838,389599
23754,24049
258754,287325
565396,566499
172277,172290
466300,466409
46646,42235
46190,46156
363242,360708
190823,191106
556990,556984
442267,444090
133093,132895
43639,43694
30283,30265
120936,118558
373373,373222
44339,44334
32390,32427
394347,394366
524045,524110
265667,266820
228619,229379
541527,550640
39119,43161
551595,552252
26520,17108
48446,352659
320396,321794
370239,363242
577433,577859
33919,34053
466299,466305
23778,23746
26111,26214
17589,17571
22214,20291
97446,98100
47955,29750
206721,208237
278215,272303
125035,122558
219657,218599
368819,368813
205435,206224
3259,3347
104679,104661
127037,124926
41659,41650
481267,470549
149286,149385
396654,396673
19840,19862
248911,202729
48144,48052
397500,397404
453789,453957
473848,473782
40926,40981
47840,47826
3136,3398
412223,412461
400332,400495
20545,20553
112803,112598
24736,24738
402036,401220
547079,547088
26623,26631
40552,37478
366910,365710
385078,385132
419424,419484
410350,410099
92166,91749
379914,379919
322129,322001
470864,469896
388058,386401
517116,517542
145729,149286
469152,470515
574668,574663
443989,443771
35659,35882
39785,36969
436224,436531
536211,530938
349139,349226
412090,412174
352495,349614
27334,27258
52317,52351
417474,416609
19285,19064
391641,378285
47126,49250
457306,466024
400535,400800
352619,352538
21416,21842
110543,109453
25459,25375
94283,96413
126747,126210
429868,430071
41479,44526
256428,256310
13008,11729
39796,87429
577970,578053
538133,538130
286210,287134
493236,493307
65231,65061
41379,41326
63226,63590
216503,216917
71845,71614
135502,135505
38053,36387
70859,70122
529067,529737
45741,46790
352442,352474
20907,21039
165630,167491
57347,57348
396942,396843
103688,103723
528393,528251
46629,46700
34073,34078
392484,392573
504488,506161
26697,26687
413250,414734
20076,20064
38373,38176
537287,536473
28045,28531
153206,153224
319537,279779
548437,548441
433368,432924
46586,47003
18050,18012
28195,28475
250313,250326
231805,4458
18147,16898
17525,24728
579070,577859
464724,464915
10230,10055
551368,551245
379454,378203
291419,293005
36037,36083
38571,38541
37858,38376
7541,7659
39883,38513
390408,390461
47144,46634
26758,26414
141255,141742
469896,470864
48152,48144
474326,474577
35034,35001
492993,491468
36639,38753
183874,184935
453304,452655
352082,350868
466024,457306
422342,422200
45867,45572
27973,27850
378179,376177
549336,549011
155615,155700
391323,391147
31749,31793
49207,49133
300718,299367
123557,105357
421189,419484
396126,396125
25119,25387
35287,35339
93364,93365
415274,415275
221964,220393
44050,44044
329100,329059
571100,571102
54649,54677
55122,55126
45907,45802
25634,23473
159640,160468
16317,16316
558234,558476
509733,507309
96632,97171
389105,381812
340324,329608
578662,579861
18423,18778
26344,27955
534297,534633
546268,546336
484452,483956
31542,31742
357549,356253
114456,114770
231202,231175
26733,26720
201909,200515
51736,50708
464864,464921
101314,101041
37103,39516
494267,493726
379147,379210
244911,244907
537375,538130
386396,386533
329608,340324
465003,464972
373765,375723
588963,588477
144491,144498
391806,391923
25647,25640
32374,32393
459899,459773
23830,23991
34347,34326
11612,11630
569644,358316
372357,373461
272300,269684
503433,503760
32159,32212
50268,50236
22905,23354
498986,499356
489403,443785
463490,466299
25647,25761
147637,72019
28200,28269
78576,78582
35068,34732
135085,17445
167678,167331
78621,79227
355864,356133
176846,176351
372310,372009
361918,362083
495530,495512
378214,378200
241763,242239
96888,96413
468404,471458
162071,161777
386401,388058
27955,26344
443039,443038
271980,268524
53402,53261
324687,324679
440977,441033
25874,25817
19432,19425
247928,248178
44209,44184
340422,340463
409643,409245
409290,407666
543750,544306
323618,339862
39012,39023
59923,59616
45605,45547
23278,23612
27321,27374
450419,450063
366092,365439
17149,19703
32427,32390
386210,386396
391256,391590
120917,120841
233049,232463
99261,96896
47863,47612
522402,522399
182297,183068
81094,82277
281740,281741
519357,519200
571219,571816
26688,26680
363288,360316
75161,73584
46463,42316
18778,18793
7409,7195
457056,457044
39274,39144
240715,240340
359455,359518
37133,36617
42287,42576
486504,486265
21071,21081
28318,28395
166732,165601
352649,353640
250241,250236
557474,557464
21134,21137
26333,26344
114517,114523
358929,358361
507000,507030
35893,35888
31612,44083
412187,412175
527603,527736
324800,334597
528182,528123
21416,20971
106009,109427
29762,29654
43065,42991
551245,551109
358306,358089
65367,64115
39714,39722
527104,518640
486206,486463
346028,346680
71596,70820
38043,38127
26687,26697
23719,23718
480494,480627
544608,546649
162050,161155
394278,394000
578053,578119
39160,39055
183265,182654
500835,503319
525421,525558
188151,189616
3089,2091
137422,137458
23215,23138
24605,24750
51571,52161
78419,51095
40150,40144
36602,36590
29326,29329
150340,158016
451647,451572
23215,23259
29753,29847
35021,35117
17730,17725
41173,41410
41847,41620
314160,317156
20719,20763
504901,505092
26413,26407
567355,567197
3531,22680
400332,400229
507199,506290
188151,187643
324941,325056
36324,36208
70845,71544
34582,34410
37569,33201
155065,155059
366273,366092
65198,65194
371980,371998
433739,433578
364843,364852
38829,39170
31398,31281
543243,539108
40131,40144
26267,26245
79812,79527
200214,205435
349354,349474
16716,17689
576234,576235
46102,46096
45572,45867
383173,384538
32328,32319
16317,16371
581537,581270
321120,328109
432361,433144
218112,218553
385561,385666
283234,293770
26276,26186
47947,47928
42605,42443
39119,37552
18626,19421
35368,35359
34473,34480
24191,24197
317689,317677
293005,291419
39023,39012
113890,113919
473782,473848
463798,464013
347559,348873
38376,37858
45050,45539
34097,34085
28163,28200
79227,78621
89753,88510
353001,352495
348186,366647
237498,237652
161507,161777
29209,29184
304119,293005
367768,367595
45741,39650
546435,546396
461891,462003
323188,322479
211242,211239
48844,48452
29638,24379
496603,502828
31542,30871
28543,28542
33357,33413
29615,29579
20923,20488
23096,22775
23120,23132
528494,528562
172003,171945
35361,35413
244904,239482
361292,363312
403554,404282
62850,64134
313536,221667
497274,497519
212251,212378
366273,366576
380276,381307
490140,491610
40926,40862
191106,191288
36784,36798
377627,377327
217598,217648
44891,44970
20448,19333
96413,94283
31606,31421
195375,195578
466339,465827
446218,445124
42235,27704
33389,33193
46162,46338
296902,296429
16963,17003
547188,547104
376334,376257
567158,552362
24013,24409
447894,447736
203803,204973
192186,192307
258740,258745
46790,46809
419689,420013
31601,31198
534712,534633
364465,364198
122542,122375
70318,70309
20728,20676
182722,208485
364487,368683
347157,347391
376257,376195
115066,114780
503319,503433
381917,382514
312047,311337
38753,36639
249959,255210
375791,375870
45077,44170
49818,49960
400266,400264
188896,188903
256310,256428
319748,319723
567355,568754
393259,398035
45679,45672
389319,389298
482403,482617
38323,41606
37382,37376
340074,340077
182722,182713
349230,350026
21043,21074
508980,508792
519047,518921
588969,589706
32524,31186
401008,401022
22185,21123
93365,93364
51154,52625
337039,337044
282179,281506
43255,43207
50316,50294
28022,28307
41204,41620
46541,47515
446387,446491
20960,20258
41479,38112
26648,26639
27928,27891
463632,464972
22885,20982
49556,49559
24944,24150
194251,193172
5046,5145
354300,355469
21980,22007
324832,324697
466613,467368
358409,358538
26423,26413
336790,335643
28401,28461
166223,166021
24000,20790
250431,250428
241763,241731
170395,169439
314967,315456
451113,451572
20999,21798
19598,19539
350887,316761
467659,467864
32393,32406
44213,44199
540102,540444
16819,16984
394016,392779
32329,32421
33956,33946
24739,24741
446302,454768
314175,314180
22144,22007
29714,30203
18720,18748
469915,443697
581920,581373
62790,61547
50394,50146
18057,18175
426025,426089
20094,19598
302173,302117
492140,491891
348934,349115
493485,494255
560087,558226
396015,396017
45279,45283
81234,82072
28081,28082
22274,22238
44479,44476
454277,454503
546814,548178
129966,128907
444218,415447
5173,6138
522575,523539
358809,358670
155747,155700
12331,13572
213812,213672
504282,504122
127821,250784
441033,441480
423418,423439
36094,37235
47654,47640
29750,29725
26276,26349
299367,300718
49566,49563
45358,45468
284077,284301
548923,548844
69635,67366
379275,379263
353089,343790
42451,43896
291167,272878
581915,581537
95898,95889
35035,35120
21806,21732
560129,561912
41902,41853
144776,144498
116004,110541
37995,37686
114593,114535
549736,551054
60154,60222
37168,37419
426241,426077
156185,156168
350164,350162
33453,33459
349474,349715
23584,23574
35252,35239
175880,173272
44879,46759
206625,207176
208101,206317
33897,33850
423366,422996
567879,567652
60461,55656
244926,244911
343622,343576
471252,470103
24748,24779
145458,142209
33508,33516
364924,365259
20031,20026
27959,27967
275363,321221
570193,573032
162063,162050
25431,25223
33810,33817
307788,330381
185762,185203
483754,482869
30137,30268
32019,32046
31692,31688
354862,354915
192870,192816
456741,456743
27504,27508
355882,355533
452027,452288
94820,94003
484831,484930
158633,158636
491572,491581
31185,33806
458438,458512
88510,89753
46375,46380
363891,363776
525962,525939
134030,134969
157346,157381
248178,247928
355559,47898
480569,481474
26378,26386
19435,28380
244907,244911
465585,465329
71544,70845
195578,197497
23110,23115
28538,28374
42404,32291
33397,36923
400264,400260
379260,379210
543407,581634
27610,28055
438783,436942
82944,105326
254699,254697
543412,544007
78024,78071
19551,19816
28453,28451
363926,363891
349482,364198
570193,570012
31792,31868
390466,390965
193504,202729
45600,45606
22027,22040
220046,220050
259516,261007
22161,22040
250330,250361
105725,106382
286443,286541
24497,24550
298502,298845
525883,525888
412175,410757
485026,485118
43346,43367
431050,433010
309158,307797
483759,483347
358634,356133
416621,425260
353131,353144
332965,332964
481253,480362
443039,443040
139295,137739
417620,418585
257608,257604
30664,30562
47826,47840
107181,108698
289645,289808
47944,48061
419711,421934
35660,35669
35412,33847
47603,47539
364290,364373
282733,289196
78902,78582
472965,472825
426829,439391
20995,20967
20410,20048
26576,26505
35564,32403
350224,350296
399776,397422
277341,276360
397110,396205
441098,441217
436134,436816
466038,465674
281607,281628
40524,40748
36369,36516
48180,48947
391686,391590
504955,459584
18129,18120
284730,285420
439143,439045
473563,473575
31135,28992
154529,150625
30861,30675
221072,221075
112815,112907
35630,36298
232054,231769
152522,152757
524730,524646
22920,33826
43100,43095
413998,414304
471803,471871
508336,508408
64115,64011
220543,218775
567651,567652
68219,68197
254661,254660
47960,48018
457814,457748
17648,17645
376305,377327
19816,19551
186394,188357
74639,76456
590067,589521
24231,24124
183098,183068
17684,18012
30231,29582
446998,446713
470515,469152
51324,51155
457052,453611
440004,430985
322927,323111
69535,67995
44027,44020
28019,28306
47898,355559
17725,17720
413749,413842
235722,236384
69386,69363
470852,470908
357729,358874
503419,504324
390461,390408
191929,192816
545187,544759
254772,254770
57348,57347
42223,42246
50211,50201
483883,483759
5046,4166
236384,235722
381307,380276
299805,299602
543412,542289
574170,568053
293005,304119
68785,64420
185811,186292
34373,34410
368683,364487
358312,354472
34175,34425
403062,403217
190038,190171
28538,28992
324171,324201
546533,546678
35359,35151
444996,444321
366250,366218
498025,498541
27630,27568
321011,322220
496980,495651
49944,49978
60778,60774
142107,143183
466736,465678
320302,320942
203224,202815
14507,16269
43730,43746
221107,205072
48349,46392
110304,114034
18175,18198
376711,375870
381893,381891
289953,290192
27850,27729
540218,539990
41464,41453
176122,176351
340519,340077
567489,568074
29847,29753
45913,46162
254664,254661
546287,546285
21089,21099
25299,25038
454775,454784
33645,33684
17008,17045
115107,115979
75986,75701
128614,128594
323618,248911
21142,21339
351844,352049
41478,41472
27319,44429
525135,525421
61445,61479
124528,141808
20996,20992
570816,569831
249614,246436
530021,528182
371750,371780
254627,254634
29522,29525
358894,358903
308769,307943
457112,457263
248311,318378
176729,176628
528578,528437
37893,37972
19771,19632
180992,172994
31504,30231
22275,21955
545995,545187
112602,123324
117473,124528
254664,254674
31999,32159
234966,234037
19348,18748
188896,188879
376649,376173
39452,39541
335674,318378
100302,112385
25485,25635
375641,375565
582042,581915
431033,432361
193447,193498
2735,2587
26025,26030
25856,28207
172377,173814
347700,367779
361150,361918
542363,542514
47157,47494
379516,379864
9490,10570
42981,42156
515070,515085
28912,28791
20397,21090
374656,379263
542339,542342
416612,416743
114563,113919
229934,230003
40202,40510
38671,39218
428398,428400
60154,57499
487433,487590
72784,72810
39141,38844
373690,373633
39182,39141
38447,36706
384224,385894
25704,25692
47434,47371
45600,45553
21098,19309
252782,252468
112231,112440
34676,34571
38671,37353
376890,376891
91239,90195
414312,415970
364204,364425
199399,199184
378200,378214
537575,535871
452379,569053
113690,112839
165630,154529
281770,281741
25438,25428
168979,168985
94409,89309
171334,172969
476473,476254
289558,284912
345751,345958
355687,392491
33217,33209
345377,345451
275929,275983
509390,510234
370239,370254
29926,32731
523236,523032
101801,101821
524916,525386
38126,38061
523661,523669
32278,32179
31357,31311
457263,458976
405510,455810
352495,353001
439509,439571
375904,375641
21980,21659
93365,93366
527925,527844
365021,364660
22609,22621
31531,31612
19348,20292
165124,164991
380086,39665
428842,429679
88541,88487
17393,16427
260665,50799
305569,307518
238958,282196
40748,40524
44199,44182
40409,32427
43113,42981
493333,494412
171701,167491
48169,48368
35893,36066
288168,287221
57490,59616
23142,23205
54897,58729
344641,342134
220125,220131
141747,148611
110298,112376
514008,513193
324171,324135
23051,24026
324135,315847
17495,17498
89921,88943
456205,493313
39051,39061
91235,91728
14661,193504
415137,416079
31934,31601
78752,75161
72773,72731
186389,194726
349474,349354
290751,293368
567648,567651
502828,502864
28428,28421
43799,43551
396962,396617
23047,22685
583828,583822
202815,203224
32511,32521
43335,33473
332244,332780
292758,292855
46589,46608
409860,415274
111949,111947
405872,403571
117535,119473
27522,27568
193669,193670
388973,389147
281438,281607
232543,232536
39792,39796
24436,25765
47162,44965
39218,46879
539990,540218
242166,248515
167044,166902
426174,406306
571096,571095
69635,78214
569805,571219
26308,26303
30637,30193
453145,453080
32333,31323
47010,46759
49529,49417
545187,545995
424537,424186
21061,21055
49759,49879
222543,224238
378945,378801
208101,208413
28428,28434
36617,37133
41737,41522
45076,44939
373445,373373
69646,70122
76992,76853
242665,243072
422598,423419
352393,352282
546649,547079
31688,31679
3613,3046
17177,17178
39294,39303
345780,346045
26273,24861
567972,567845
482869,483754
165564,172994
362431,362390
45246,45242
24871,46351
502133,502621
198253,198708
34410,34373
23340,23337
430964,430246
19190,21627
477751,476442
47850,47944
28525,28838
34349,34097
17464,17393
574501,575522
46872,46542
290192,289953
270845,270859
43154,43065
433757,435853
352082,352282
38338,38333
484721,484350
96425,96818
292524,292758
27462,27099
227611,228975
47824,47928
39182,39183
46809,47950
413100,369504
558991,558809
170853,170860
406233,406313
405966,405969
359239,359787
555350,555027
29631,29644
400190,400192
48052,48051
480494,479195
73109,73322
376173,376649
299805,300262
365485,365907
192273,192010
192059,210511
493336,493342
49224,47454
34121,33573
549458,549489
115906,116787
162824,162271
144776,144863
74015,73249
528580,528578
290425,289558
53955,62850
36639,30610
79061,78214
381971,368794
30030,30265
493313,456205
45375,45369
320068,320038
454768,446302
158229,161150
23990,29811
46183,46333
446131,419693
366771,375396
407488,407003
7107,6700
376173,375723
449713,467568
450063,450419
165577,165217
43815,43992
375563,420531
152757,152522
27384,27421
20049,20031
335191,334921
21339,21705
36037,35995
292111,291518
49192,49205
114034,110304
72470,73348
443043,443040
216621,193937
289200,307769
402673,402617
87529,93050
366988,367409
364195,364660
436134,435758
89753,90098
145631,145885
151784,149922
30528,30518
120917,120953
44329,44334
101793,106775
33410,33430
30111,47613
77783,78024
106577,107539
37353,35564
38586,45335
173272,171701
250190,250181
356133,358634
473226,458373
102605,105872
109258,108475
457654,457748
318950,334295
61898,62380
491468,492993
4042,3801
24438,24443
88291,90195
26007,25761
474340,474316
24517,24507
133127,128363
230223,230295
405476,42304
47232,47224
7409,7428
250180,249614
29259,29209
189616,189636
23483,23432
29677,29722
22490,22459
366576,366660
220329,218138
452288,452027
265720,267145
42991,42925
347162,168985
40976,40995
13723,13756
583915,583109
258944,208485
40299,40524
184811,129830
518921,517940
397856,397875
40214,39891
182989,186389
23719,23830
232651,232929
26105,25932
20995,21211
351537,350175
82198,84788
319608,319490
550970,551174
33523,33505
502133,492622
32465,32339
235716,235733
129229,128873
499275,500068
375769,375750
546678,546533
445506,444826
21339,21142
475248,475083
381355,381366
396124,396125
500246,525145
32615,32283
480939,480981
36516,36369
220518,143899
418026,417544
22511,22531
310338,309762
38317,37781
413250,375021
161310,160302
113067,111157
28523,28521
57348,57349
545469,545642
328039,328028
44153,43316
367768,368391
84916,85885
540444,540736
33676,32794
589283,589683
43040,43409
345780,345629
159288,159537
29824,29731
17689,20815
109634,110414
22541,22531
36298,36304
301423,300262
558476,558809
499356,498986
232054,233073
35570,31135
23079,23109
110277,110291
44970,44891
17571,17561
49665,49104
272120,272038
376728,376334
113321,115251
72784,72665
28082,28081
482242,481375
39795,39748
23132,23120
23011,23059
273605,273887
422089,422200
42287,42246
436531,436564
363934,363288
27389,27336
47620,47682
573549,573841
421388,422089
154580,154496
250004,249993
264630,264215
524449,528273
463017,462392
35795,35804
407495,408684
319484,319450
570821,583117
262157,261178
324800,324239
321889,321794
379271,378504
26121,25606
46767,46948
375565,375559
419689,419641
551245,551368
137733,137458
158016,158748
425256,425769
347079,47698
521490,521815
26007,26029
545149,545421
378504,379271
380295,381456
36087,36097
400800,400873
26672,26648
516483,516320
270390,268119
316773,312047
252080,252468
409101,408995
34343,43005
418928,418883
483334,467586
3801,3273
546460,546336
354915,354862
39509,39633
331010,319748
174924,174281
83022,78902
28277,28269
27850,27973
33457,33463
484840,486985
36056,36087
571095,571096
39791,41453
21839,21804
400939,401008
244234,244229
239512,332962
364424,364067
20553,20545
388454,388303
39795,39882
23880,23871
466074,466072
528182,530021
510626,511126
183874,183263
444108,444116
46948,46972
20898,20728
328318,328048
21835,21806
352472,351596
585059,585054
27445,28045
322354,322220
39843,39815
20410,20910
451503,291167
381296,381219
133171,133494
48899,49560
517482,517471
11729,11685
120962,120953
254679,253348
453536,453211
525888,525939
26431,26454
49664,49134
65198,65682
412090,412046
403062,403006
85303,85394
24550,24497
217953,217880
500068,500093
181832,183014
26706,41827
27833,32183
524737,524730
47682,47768
81094,79061
500068,499275
484831,484182
580728,579374
347965,350157
466074,466085
111961,111413
195219,194251
284912,267455
35413,35361
38579,38584
460039,457344
48442,48395
38661,39148
23660,23063
23882,23930
23873,24110
399978,399973
41324,41262
190028,189807
298903,299367
32332,32404
34436,35086
26389,24750
107727,109453
110130,110445
254772,266357
282963,283299
298067,298048
259555,259046
582100,581992
457816,457609
371111,371003
428402,585706
321120,321026
381585,381456
454677,453957
53054,52694
38655,38929
78980,78414
40976,39882
25500,25490
35429,35426
35599,35837
100041,100035
345377,345224
28992,31135
16334,16287
466196,466024
428634,426642
48039,48018
67816,70897
47306,47201
176619,165763
69414,69506
49322,49504
38541,38571
453957,453789
20016,20043
112424,112813
447291,457074
542730,47368
21077,22648
574668,575019
363845,364093
49563,49566
30231,31504
22470,21525
450490,450537
496980,497560
46529,46462
116787,116967
31617,31654
450419,452579
415916,415540
41026,41029
27252,27841
29060,29441
29960,29432
201700,193498
516711,516536
38453,38579
381382,387297
425447,438383
391060,391198
371434,370703
159288,159121
82896,80162
383563,396312
567230,566605
364180,364204
102681,102673
198673,198691
28512,28525
386011,385935
76290,76853
145770,241860
455615,455687
29316,29259
148918,148927
396943,396219
407426,407495
125035,125384
270565,270845
29153,28972
45742,46617
27429,28268
103036,101036
207351,208197
303534,303554
16264,16177
346202,346195
134864,135052
60461,60774
45023,44422
254677,254674
23354,24150
24897,25038
438641,439483
491609,33959
169439,170395
24248,24363
252645,252548
481984,481953
59923,60051
109877,112590
475604,428477
457748,457814
19327,19551
227908,227898
43653,39382
414145,414141
24020,24132
305348,306194
368647,368391
316540,309528
346327,343234
26651,29677
520237,519913
3273,1920
458976,459778
48446,45335
334769,346195
501847,503007
117959,115457
304139,304135
237652,238690
28164,27158
498025,497901
45614,23706
189104,188909
444302,443795
220381,220193
112440,112231
27981,27976
479195,480494
26093,26087
143171,143002
52351,52317
31273,31281
24231,24436
447152,445506
41102,41013
16177,16127
375723,376173
190028,190196
27076,27052
27833,26277
27955,27960
353640,352649
395345,394977
276319,274947
166895,166902
48392,48374
403006,403062
368391,367768
14229,13914
532689,532683
231094,230295
38929,38655
550640,541527
108378,115895
41827,46005
25766,26264
25430,24588
18778,18423
144875,143555
513193,499587
170359,170354
380234,380080
17513,17516
36951,36728
492140,492150
537804,536822
42613,42605
40552,40559
536782,534882
195173,195345
527535,527232
184244,183265
539802,539714
126075,126670
104679,104830
17209,17226
25243,41098
305251,305348
542363,542342
42121,43570
380958,366942
364868,422314
25691,25689
32179,32160
185762,186725
509997,510047
359799,360247
39910,41213
98777,102805
446218,446230
449991,449902
264187,264184
473575,473563
21839,21872
26720,26733
39309,39303
293368,293879
24832,22400
142994,142621
420906,421083
257350,308483
60296,60120
134969,134030
167526,169010
17645,17648
464145,464250
449808,449902
468262,467732
16706,17140
37419,37489
24459,45954
568074,569426
235911,235948
106390,105571
367376,367291
44163,44182
508336,508278
407408,407426
275929,275919
30087,29875
46879,39218
362938,362936
20710,20681
146110,145885
371003,371111
357619,357849
42757,42747
35837,35599
49355,49615
492970,493236
25438,25485
543807,543907
426123,425233
331633,331031
47640,47654
244052,243825
149922,148209
22161,22165
35001,35034
46012,45941
397422,397114
23205,23369
440448,439234
20448,31419
33813,33822
38450,37828
571729,566030
48449,48466
487283,486898
39325,39489
544608,544306
302551,301234
481357,481362
25966,25991
43329,45245
26905,26913
44879,44106
358316,358312
456202,456199
527821,527844
254714,254699
197497,198285
36864,38906
153822,155490
522764,522986
419484,419424
24667,24682
433528,434422
259799,260787
49664,49673
575997,578662
216229,216059
217817,217656
94006,93685
27767,27588
20262,20275
42766,42809
41247,41312
44392,44927
296838,123560
359357,359218
32169,34171
520942,522390
293368,290751
47030,46984
487283,488187
165653,165577
35807,35669
520840,502902
43409,48284
6138,5173
61887,61038
571765,572116
340657,342271
348778,345386
38126,39407
70308,70309
254661,254664
181863,179412
34585,28164
96975,97195
71544,71683
23900,23880
210039,209780
91130,88615
33268,33217
331010,338851
542289,543412
98695,98682
546396,546435
79227,79527
93366,93365
66676,67020
306859,305923
438238,438246
26631,26623
250361,250428
155615,154580
283410,283884
345870,337698
37972,37893
409290,410250
569468,569426
28197,25199
28475,28590
233049,233061
359822,360691
26766,26932
566605,565682
202960,201979
453611,453304
25996,26004
86363,89309
29631,29446
107275,110541
401000,401031
516528,516604
385538,371261
59869,61038
426089,426025
23702,23612
388406,388339
19925,19969
21143,21326
29986,30024
296357,296404
227898,227908
368794,381971
386053,386121
27809,27803
37478,40552
334295,334316
503319,500835
217092,216918
369504,413100
426829,353569
260443,260555
48395,48313
29254,30519
367595,367768
32421,32432
80030,79985
123234,114298
30385,30416
28398,28319
355222,355533
175753,175586
324201,324205
21068,21044
388339,388406
452826,464058
26004,27009
542078,541003
105517,105513
29429,29446
41498,46639
25969,25739
432997,433068
31866,31742
27200,26540
585054,584928
20240,20488
440050,440974
72216,72223
43184,43294
30268,30137
39309,39345
21858,21964
152757,155828
543254,543265
43592,382908
565291,565101
438282,438692
23702,23746
27976,27929
32378,32038
254690,254694
21133,21644
410580,410543
396205,395903
153195,153206
37990,38323
18748,18720
378556,378537
391590,391686
25817,24944
85996,84788
467515,467732
140768,140213
220046,196189
325076,324832
26029,26032
418585,417620
114593,115186
34208,34043
37673,37828
46629,46440
115979,115107
28543,28548
16967,16886
38191,42140
346045,345780
447649,447669
24584,24605
21074,21077
42265,42219
99480,98523
232967,227783
16784,16886
287198,286991
546281,546285
257896,258992
141420,141428
41186,33854
49841,49937
69345,69274
166004,166021
22621,22609
465078,465678
350949,312839
342391,342409
32016,32049
381804,381812
473575,473739
288248,288912
379410,379334
587150,587065
77213,76346
340540,340624
555270,555976
128105,126724
21781,21814
32355,32454
189037,189515
432913,425745
49778,49773
109634,108698
233947,233782
46261,46286
386696,386724
528324,528399
23082,23088
546547,546296
473658,473629
364067,364424
29881,29946
46659,46561
30268,30392
28174,28169
19391,19485
411368,411366
412187,412223
539714,539561
36094,35697
355267,355278
581270,581537
34425,34175
403950,403941
392092,391923
20049,20101
28469,28467
131578,132413
42718,42702
145638,145729
270859,271419
25765,27224
589521,590067
33409,33420
380998,379446
231250,231094
28933,28278
25375,23511
138076,138296
414691,411661
28014,28008
345451,345377
253531,217864
544034,543200
388191,386874
128411,128406
157501,157983
414502,414391
555270,554942
237652,237498
38458,38538
381708,381713
477926,477751
315456,315613
186545,185165
32925,32933
261178,262157
111567,110427
283394,286210
235948,235911
18752,18693
264119,264215
262722,261203
41746,43306
81209,81069
32455,29722
447040,446998
360929,355469
39560,39316
543317,543414
588406,588407
157474,157449
390466,390461
438237,435861
310890,210948
31664,31852
462392,463017
427070,427107
305923,305017
520840,535508
456741,455205
155490,153822
114931,114924
397079,397085
474297,473871
323111,322927
446611,446713
394576,393351
422218,256437
30551,30935
490504,490404
465078,463021
69373,69345
135065,135044
254655,254658
42925,42991
160688,160497
220193,220131
25199,17003
552362,567158
20043,20016
388730,388454
453516,437378
568754,568919
36481,36482
589683,589832
27009,26004
159537,159288
364660,365021
27115,27154
169943,238052
539982,540102
76992,77783
236384,237070
28486,28487
451130,451006
541527,528756
221773,221436
42533,45742
28356,28377
349115,349482
424600,425256
210510,231175
523244,523236
524376,524553
281741,281770
31699,31684
27830,27809
35193,34480
216838,214733
112598,112590
46190,46206
320038,320029
39560,39571
240778,259906
95656,100913
405628,405901
70776,70845
171575,171546
435673,435701
93725,93729
120934,120935
282179,283285
49220,50184
41410,41518
528399,528494
181588,180806
69566,70776
219657,219696
31706,31700
32437,32444
196189,220046
44385,44392
448274,447655
35882,35991
16984,16989
173272,175880
478852,478184
51571,51430
150625,154529
20184,16827
172969,173627
50375,48408
542525,542514
75965,76882
173691,176766
524167,524163
444826,444453
65683,65367
48533,355687
478370,471701
175753,175775
35993,35980
20782,20839
517468,113065
391923,391806
104661,104024
274297,274305
381804,381746
340422,340337
112442,112440
416743,416612
25450,25363
94283,94006
228616,228619
466072,427745
94133,96425
232463,231045
406429,406313
396617,396962
37516,37303
44329,44325
450002,450063
203690,206019
18628,18723
400264,400266
502621,502133
104389,103723
33544,35636
28408,28270
344806,344284
82944,82930
23059,23011
352472,366942
434888,426345
42576,42287
337741,337657
293770,296786
531744,532762
142176,149989
23615,23643
360308,360247
31109,31026
495771,453996
21952,21872
179436,179392
340731,342088
467659,466623
35538,35534
505330,510607
199816,199797
82781,82535
403843,403641
190365,190196
143278,142917
30871,30861
314624,314226
440538,451022
284713,284722
21134,21132
33217,33268
242166,239567
483347,483759
26264,26468
522390,522397
18019,18628
23354,22905
188909,188903
49507,49607
34604,34582
426251,428803
373788,375031
49133,49100
49933,49944
49369,49902
32050,32640
565144,538165
21126,21133
228360,228009
23643,23718
18175,18057
42200,43181
355222,355159
462392,461783
26980,28486
164957,164937
276323,276319
351596,282745
394299,394347
27179,27154
394106,394972
46462,46529
304127,304112
167526,167160
35818,35830
296429,296404
423306,407647
190365,190438
465579,465745
28104,28114
580728,580733
39865,40007
364456,364425
125384,125962
46972,46981
22467,22452
435758,436134
567656,578848
512496,494267
75060,75058
423631,423366
41173,40237
580807,580733
44266,44416
82072,82438
45501,45151
142048,141428
549703,549636
93366,93367
345629,345451
451849,451930
462948,463475
205379,206317
28521,28523
544262,544034
29762,29783
295275,292803
97810,95904
179547,179599
40077,29811
532803,534879
520484,519955
503007,503568
23635,23668
528178,534899
302173,303575
122558,125035
290489,290165
206224,213589
123762,128406
582810,582814
40524,40299
175177,164044
529934,528580
27730,27741
44314,44325
318378,248311
31869,22122
112231,111949
24752,24754
367779,347700
487590,487433
49064,47656
468592,468456
20006,20017
43047,42527
206339,206988
41847,41978
25504,25520
27076,27109
191645,189104
23075,26202
427107,427070
511626,513325
192186,192168
520484,521136
296227,302015
546097,546396
434419,473817
112376,112424
44184,44043
522059,521976
542037,542630
507639,507630
551066,543907
23769,23802
29087,29418
86894,86866
78214,79061
470549,481267
88487,88541
50708,49390
453611,457052
33196,49261
316761,350887
544023,544007
46377,46393
468780,466305
50221,50211
264184,262947
226013,224238
21055,21053
362431,362570
48338,48208
127708,127158
53054,53261
392491,355687
25856,24938
471458,468404
430336,430332
549336,549666
16967,16996
373222,373373
526032,526059
41827,26706
549732,549666
489014,490453
21663,21582
22566,21090
395448,395404
45118,45129
397574,397579
33554,33521
295918,296025
519545,519180
397085,397122
405813,403655
193937,193920
565429,548835
557674,557626
49220,49205
562109,561912
473930,473848
46916,45223
103723,103688
153206,153195
457279,457274
48051,48006
340324,344142
32731,29926
16801,17084
24736,24735
22609,22601
370714,371173
431050,430964
448756,440004
440328,334729
438692,438282
42048,42223
520942,520098
39775,39769
30935,30551
27098,27123
320942,321011
236954,244972
43207,43148
365439,366092
404119,404153
29329,29351
430336,430345
48533,48396
94119,95656
364609,364588
49978,49944
51736,52181
46504,46568
296848,311248
490100,489681
39446,39715
6875,5325
22337,22034
274297,273326
449206,449221
152196,152406
246436,249614
31343,27757
47670,47654
259799,259555
374847,374720
484706,484908
52809,52810
20823,23769
31684,31699
306862,306854
527963,528358
38933,39022
30518,30505
334295,318950
101065,101113
27873,32609
40851,41985
42576,42584
306194,305348
103977,103702
466916,466196
459592,445638
48377,35293
429575,429671
33948,33959
144643,144648
61479,61445
556984,556990
415284,404593
281506,280819
447152,452826
229934,229433
443040,443043
157449,157381
199830,199763
216918,217092
180806,181588
128363,133127
254770,254772
346725,349260
244972,236954
38513,38476
483334,519055
26655,26687
531700,530629
72614,72731
392126,385628
346195,346202
37212,37323
27704,42235
49064,49563
35818,35777
240778,231424
394000,390965
31014,31099
153243,153224
199763,199830
120935,120934
506385,504955
27067,26981
394481,394392
584739,585392
250217,250211
401070,403655
121812,122375
20275,20284
364822,364843
87429,93362
21806,21835
114541,104649
186399,186402
460961,461783
280553,238052
20291,22214
359549,360855
70378,70667
45353,45348
85394,85303
439994,439339
423348,423109
473509,473763
265633,264939
145506,143171
55051,55122
154005,151830
324298,323135
326218,325205
50315,50319
44300,44297
114770,114456
406171,406233
484350,483929
317417,317672
250999,249846
529816,530629
322220,322354
358361,358330
34243,34132
254677,254678
21819,21895
364852,364843
98522,100221
93364,93362
396125,396126
6272,6576
46981,46990
23011,22997
13914,13894
16605,16595
485279,486085
43792,43746
31504,32373
148964,150107
363572,363776
470960,471791
215622,216602
241731,241763
247928,247799
547219,547188
461562,461528
375358,375433
231424,240778
243072,242665
85885,86866
36780,36716
373108,374656
49566,49800
43639,43625
584908,584581
433279,427469
32437,32433
26308,26309
32483,32320
39067,41734
44970,45071
50236,50268
39407,38126
288124,286729
355048,354915
492598,492053
21102,21099
100221,100467
37478,37468
30234,30425
446230,446218
394100,394016
402522,401031
17211,16876
521766,520237
20796,20763
304112,304127
402036,402306
106382,105725
27729,27850
581179,580807
423631,425783
19331,19273
39170,38829
104024,104661
22944,22956
261680,261433
16115,16192
46449,46324
394291,394257
20545,20134
82438,82697
1588,5130
28956,28946
29461,29576
33606,33645
32169,31692
92166,94003
555063,551701
525983,525993
17589,17623
26498,27429
423109,423348
390846,391060
187643,188151
74508,70667
303575,303814
179599,179547
71032,72614
231250,231714
438383,425447
46924,46967
48450,48440
130681,131475
226062,225390
25777,25868
366306,366924
28735,31808
315119,314891
29554,28464
471779,471964
52317,52161
371626,371374
123821,123819
569736,569731
158748,164044
39865,39862
484840,484721
37447,38747
70921,70918
171945,172003
26480,26900
48905,49141
45899,45870
479606,475248
173627,172969
193172,192307
162271,161310
381971,383029
9424,11445
102673,102616
542525,542758
474577,474774
231202,231427
30074,30462
82253,82260
32987,32953
35623,35193
344174,184622
519047,519200
367186,351185
89309,94409
25616,25640
511626,511541
295918,295275
25932,26105
42614,48179
47276,47260
45330,41000
371829,375358
548437,541606
23142,23132
346749,346168
61941,63130
534297,534188
403950,403998
16886,16967
228361,228344
457306,456398
470986,493336
486265,485980
74503,74483
27258,26389
569805,569736
230853,228361
25016,17623
561214,561222
7328,8637
35534,35538
46724,46639
355278,356103
316773,318309
435252,433282
545861,545917
349115,348934
24417,24390
484721,484840
25664,25657
44846,42765
104005,103977
29418,29087
530969,530529
34326,34347
43386,43568
252008,251953
31311,31256
227876,227898
25996,25874
17860,16772
18336,18162
480899,480902
481548,481348
32315,32307
349260,349702
22337,22452
254697,254699
107727,107539
464250,464145
47454,47279
446491,446611
480892,480899
543874,543914
65231,65584
37500,37552
371626,371750
23075,22566
516789,517683
47029,49732
34951,34934
22035,23992
193629,193417
326510,325836
409233,409562
31747,31678
271419,271597
47675,47628
260564,260715
504400,504457
35426,35429
462681,462948
126676,125698
43409,43040
293879,294061
28531,28045
451108,450537
113890,111567
325487,323873
367202,366660
49756,49737
28238,28237
349995,349868
512496,513867
367843,366693
401059,402541
19648,18147
348688,346749
312425,311830
289172,288912
447649,447405
425260,431008
33392,33378
465745,465756
353501,37472
504400,503760
418182,418026
494255,494465
117473,116697
20889,18818
502687,502168
375904,376065
193669,179731
24758,24938
24000,38586
366693,367843
501397,503419
370503,370616
199184,199144
223040,222769
510022,511894
452640,452969
125962,126075
349714,349868
20681,20710
423439,425022
427107,427180
415540,415338
363507,363594
24541,24536
378537,378394
459598,459591
36020,36036
478852,480214
568292,568285
364287,363934
237070,237347
42614,41213
86894,88023
229993,230444
33584,33561
228360,228616
19333,20448
28395,28318
184129,186394
27727,27630
87108,89709
31973,31980
568285,568282
83307,83723
416609,417474
50245,355179
148166,148209
21926,25243
44325,44314
579374,580728
27154,27179
478417,478192
28085,22844
422089,421388
32255,31851
44028,44027
26011,25969
462662,460709
112839,111891
300848,298845
27727,27751
385078,384997
36780,36784
36952,37305
25817,25874
28499,28496
29958,30208
375479,375498
69345,69373
277647,286936
491581,491572
203399,205133
542991,542630
452317,453460
26454,26431
199701,199797
31868,31792
378182,378179
376649,378504
193920,193676
533895,532180
121395,121471
524155,527364
331633,332003
26057,25977
37352,37360
40144,40150
368647,368813
494465,494530
44939,27746
350427,350692
391457,391390
17097,17108
449128,449206
30283,30385
44334,44339
29615,29926
48374,48392
534390,537491
411276,410250
199184,199399
128499,135502
38844,39141
206317,205379
42219,42215
392398,450452
325836,326510
47628,47003
44450,44443
430332,430336
282861,283123
541698,540964
188192,186970
353391,352101
28972,28958
3613,6732
100484,100477
566605,567230
389354,389505
444090,442267
30024,29986
48313,48274
32283,32276
28104,27687
546285,546287
115567,114120
370209,371003
378182,378192
33505,33523
388303,388032
303814,303575
250181,250180
506161,517116
38184,38169
179724,179731
27704,24720
385903,385739
475837,469915
48313,48395
35669,35660
47079,47030
43335,48031
98222,93543
24211,24219
331031,329100
102084,104649
31466,31357
82930,82944
17108,26520
465756,465745
323873,165706
16387,16372
233705,234482
406171,406088
52694,53054
28791,28630
331576,4996
552252,552362
574663,574668
216465,216503
72031,72665
33209,32454
224409,236954
477751,477926
38165,38169
344806,345751
520829,121306
167133,135085
49212,49221
368043,353089
42875,43148
464972,465003
44213,44304
49342,44083
575960,575685
527967,527957
282732,281800
102914,102194
64956,64532
536331,536428
33513,33481
150340,149545
95860,97446
260443,260130
30610,27184
384224,384158
35697,35368
467368,469109
528358,527963
47079,47164
47153,47113
320029,319608
115251,113321
511126,510626
24739,24738
393552,393544
171575,173389
33959,33948
67995,69535
121728,121885
405221,406602
542324,542260
374847,374856
28412,28408
102805,173190
458373,425200
405966,405938
33850,33897
20889,20967
172818,375584
423109,422974
117560,117539
456199,456202
114938,114931
33434,33430
329100,331031
195345,195375
165217,165577
39815,39775
39273,39226
535026,534644
51095,78419
50260,50264
362083,361918
470738,470684
298502,298345
25587,25599
41426,42029
41185,40883
407302,407206
473782,473658
36923,38511
380580,392398
26037,26064
86416,85996
456380,456398
103688,102917
50039,49743
135761,135569
324697,324832
28319,28257
24241,24703
322859,328759
368511,368496
405567,405266
567032,567656
43355,42808
464915,464724
112839,113690
466305,468780
22413,22407
176846,177371
36782,36707
470687,467312
211703,212427
288248,287198
45941,45907
419693,392491
31047,28487
96888,96975
48057,48148
123560,296838
365205,365377
44182,44199
115567,115906
49221,49417
541722,542289
445768,446563
538584,532483
374013,373825
165211,166004
160302,161310
473629,473658
34193,30462
504517,504901
372766,372972
38027,38022
257604,256473
21049,21053
27642,27577
46430,439487
394347,394299
539753,539990
3136,3089
23369,24033
443697,443691
44163,44041
149545,149421
288265,299273
29619,29629
26030,26037
20065,291688
45223,46916
358306,358409
382677,378508
205133,205405
491572,488424
36453,36481
46382,46380
551109,551245
337122,337657
433368,433528
202045,204990
285259,283355
348934,348778
542339,542271
18087,19178
349077,349086
17149,16414
36923,33397
35697,36094
337039,336841
21740,21738
18199,17140
17247,21123
26727,26766
254946,254679
32160,32140
540809,540736
370113,370475
17495,17172
25299,25572
523244,523253
24492,24311
355048,355159
497519,497523
304745,304836
63551,66340
20967,20889
580807,581179
540841,540809
16197,16209
471871,471905
31177,31188
44939,45076
202729,248911
198536,208695
16287,16139
30767,30795
561093,561214
34235,34326
66438,59652
316761,213198
16209,16448
427735,307272
123086,125708
549732,549736
48519,48518
26913,26905
287325,258754
365259,366218
396971,396942
426123,426165
29441,29060
45242,45198
101604,101586
20976,20951
525734,525883
360787,357849
10502,72019
403217,403062
98522,98505
425666,425660
26087,26045
114080,113690
31692,32169
527844,527821
366924,366988
50443,50451
20016,19862
172994,180992
333551,525666
276342,276360
43047,43081
297908,298345
132110,132360
565101,565291
70318,70374
24420,23751
18324,143899
22880,22905
345709,345839
564295,564144
23473,25634
433528,433368
46791,46695
18922,19187
367232,367225
283884,283410
46293,46418
30584,46084
32521,32522
46989,35541
78902,83022
353569,353501
200515,201909
68785,70820
82215,82212
173389,173691
25285,24616
22372,23751
47844,47840
19492,19424
330381,307788
37045,37267
428842,428803
38141,38661
328759,322859
20240,20226
36036,36020
35888,35893
32247,32111
346028,345861
373633,373525
558091,557674
435356,435448
27522,27497
81069,77213
191929,191645
46005,41827
582100,584739
358554,358311
335876,335624
440974,440050
23992,23997
35239,34171
70378,70374
33407,33382
583822,583828
33508,33434
346680,348877
25664,25672
500842,531708
298048,296244
21631,21137
24315,24357
224868,224862
391457,391834
276728,280815
59716,63189
25953,24728
464864,464841
321794,321889
429284,429161
142917,143278
407153,408858
523066,523047
38169,38184
296786,293770
20957,21048
130291,130597
32486,32406
184244,185165
28207,25856
129229,130278
254760,254770
17725,17730
27960,29133
19187,18922
42809,42875
200761,187402
97446,95860
539978,526042
345958,345751
33923,33918
400200,400193
30208,29958
39815,39843
173999,198536
391263,391271
175963,175537
436453,438073
510047,510263
359432,359357
389291,389196
22608,23990
373108,370512
21646,21098
286374,285420
352474,352442
45270,45649
23722,23681
448797,252478
254678,254677
354064,354048
507030,507513
185753,176619
100758,179724
49563,49064
32251,32256
42073,42029
39303,39294
421379,421338
408976,408995
41962,41932
32212,32264
107776,106382
110541,107275
72019,147637
443992,446259
152952,127171
32256,32307
32022,32140
43625,43639
43792,43816
101036,103036
29647,29638
317156,317297
449101,448274
74015,74117
313897,313846
29619,29576
29908,31665
557678,558140
27184,27060
143278,143539
25689,25691
565101,565091
75161,78752
526042,523247
411661,411514
434058,433922
125698,125455
465870,465779
25069,29366
285420,286374
20828,19432
254678,254690
367291,367376
402986,403006
26568,26949
364204,364180
40347,40740
62949,63846
20910,20410
23138,23121
40981,41026
473817,434419
32619,32601
22948,22997
315613,315456
281607,281438
26311,26505
583809,582814
173318,173961
545149,543914
32332,32278
104830,105060
527957,527925
116040,125710
519955,519577
471220,470687
78621,78234
141808,142176
41312,41247
460544,461002
21313,21473
61887,61891
393279,393277
442045,441480
39541,39714
349226,349139
193417,193629
394024,426642
19832,17235
199144,199184
32522,32560
435356,434201
46103,46107
350164,364819
342271,340657
92547,100302
71610,71614
517484,517488
46989,47368
30751,30209
154496,154580
466305,466299
117431,116004
519577,519257
303814,304745
201979,202960
40111,39170
454876,455330
102604,102960
358538,358409
41472,41478
542271,540841
70859,71278
523658,523661
530134,530832
338370,338533
234037,233947
555063,555396
370410,370254
252012,252008
241860,145770
109877,98222
24698,24689
36311,32483
90155,92019
381917,380998
48013,48899
371470,371173
21099,21089
23463,22907
346223,346236
285099,120936
373525,373633
434422,433528
249809,249505
388973,387963
524045,523669
483759,483883
439143,439339
419693,446131
32444,32451
231175,210510
305243,305251
344174,393138
417442,416900
557638,522994
376901,378285
49724,49721
403661,405628
32185,32227
50319,52819
135654,136250
297563,297826
13519,13723
343234,341777
199816,201037
369195,279596
378834,378604
180806,180774
300861,300976
551584,549703
406658,406864
39183,39214
108378,106775
31793,31851
31466,31493
16387,16508
49030,48522
254674,254664
83723,84113
485279,484908
25620,25657
498697,498986
27313,27270
296825,296786
385243,385132
402541,401059
534909,534879
344773,344771
106775,101793
479624,479606
93888,93767
23681,23722
550601,550027
260499,260498
406924,275118
33453,33445
24241,22369
228646,275363
99798,99480
21775,21735
22470,23051
33253,33505
370072,364852
18780,20316
78414,78145
513270,514634
45330,45863
19870,19421
43816,43986
25635,27254
452969,453080
33378,33392
47765,47857
117039,115186
567648,565675
46206,46207
352659,48446
37572,37323
24703,24241
27316,27029
27741,27730
189807,189549
19632,19485
305243,304567
391390,391323
35804,35795
459494,459591
41978,41847
39862,39865
512266,512657
27154,27115
400475,400079
110445,110130
20996,21044
208695,217864
416900,416835
49721,49705
43546,43465
427735,427745
282733,274001
33408,33392
538639,537790
21967,16027
38584,38844
27191,31090
541709,541719
92457,93685
22844,28085
391323,391390
80155,80162
113301,106115
274305,274297
371998,372055
21902,21910
513667,513465
558140,558226
114695,113067
28716,29305
485466,475604
485980,485210
28055,27610
491437,490453
481348,481548
489885,488513
26064,26037
495220,495567
294372,294885
42804,41902
554730,550849
11685,11729
547104,547188
20026,20031
33475,33459
48051,48052
358670,358809
46924,46850
25285,25289
577859,579070
397404,397335
47434,50335
22822,22711
105326,82944
28959,29184
38112,34432
39775,39815
259046,254547
391390,391457
243079,243072
171152,171045
529934,529941
444826,445506
41357,41368
545846,545358
346547,346870
115186,114593
398079,401072
46440,46629
497283,493313
548835,565429
22665,22848
424233,424929
127037,128594
32585,33193
373836,47950
524064,524916
26344,26333
43198,43266
406037,406088
513568,516101
188879,188896
406009,414391
39075,35805
205435,200214
135797,135052
167678,168729
293555,323134
350868,350697
27142,27252
541003,542078
468921,468945
547219,548844
43161,39119
239512,216621
221072,220832
28958,28972
418494,419606
2574,2145
264184,264187
315613,315753
299602,299805
32264,32212
6272,6138
158593,158633
467732,468262
510626,510263
33428,33481
459458,459455
36289,36334
460220,459778
32521,32511
350296,350427
394206,394257
314829,314624
304542,305017
26349,26276
26796,26736
532483,538584
82005,78752
547324,506385
41375,41371
25739,24546
28433,24253
492406,509754
210508,210506
510047,509997
34033,34759
244904,246436
449991,450260
39571,39661
244527,244234
423095,422504
102607,102616
549252,549636
459899,460487
40906,40748
429502,429023
247067,247153
418883,418640
32925,31934
24584,23632
464837,464835
527535,527603
39641,39023
23038,23429
514634,515212
55656,36202
130278,130526
392491,419693
528358,529067
178792,177956
25604,25610
120936,285099
128783,130325
49504,49507
463475,462948
43095,43100
420620,426345
394656,395903
546533,546435
455205,456741
360316,363288
461528,461455
39278,38338
96818,96425
455924,456199
63590,63226
42443,42356
36361,36344
30203,31697
45369,45375
289458,289297
42802,42703
503433,503319
384997,384552
425666,426025
27052,26796
476254,475992
114780,114695
358874,357729
204696,173190
98228,98100
426165,426123
417544,418026
134969,135569
464835,464250
23802,23838
48899,48013
24239,24593
1920,3273
366924,366306
114523,114517
46873,10498
415775,418983
165124,165177
21089,21085
361495,39463
111157,110445
542758,542959
506161,504488
408858,408871
32320,32483
37376,37382
359799,358874
467238,453608
264215,264630
486641,486863
454784,454775
318049,317032
532597,532673
22815,24043
75701,73488
417507,418494
38538,38541
414312,414304
381077,378214
546678,546772
38317,39067
29674,29380
33793,33726
318378,335674
307271,307272
450979,451006
453723,454277
384158,384224
42271,42262
394579,394585
374501,374518
33413,33441
145729,145638
33707,33622
244229,240715
293879,293368
176792,177902
394688,394528
393138,344174
321026,321120
35368,35697
525734,524167
399859,391271
231427,257350
301423,303534
263191,277647
47863,48339
381885,381891
530832,532180
109242,405622
272878,291167
33726,33793
438898,438246
26639,26468
471791,470960
17921,17913
142677,162788
473724,471508
583109,582042
119911,118791
260498,260499
41209,42451
449808,449710
237347,237070
367186,397527
455810,468073
206224,205435
78752,82005
396487,396550
104952,96179
125271,201113
44476,44450
405901,406794
48395,48442
582809,575226
507513,508278
42140,50315
27497,27522
43986,44034
379814,379665
524154,467238
522059,522211
437142,436849
67816,66438
582809,582810
28051,28081
24075,24080
315847,324135
50020,50042
48339,49449
33382,33407
350157,350162
144863,144776
35830,36387
208705,209881
40588,41326
33804,33810
430993,432409
244052,246787
414734,416359
370166,370543
141066,141420
35128,35068
34732,35068
250233,249809
528118,526182
31998,31990
37500,37235
272171,272191
210052,210039
6732,3613
52810,91982
39910,32524
41453,39791
371374,371626
231714,231769
265639,264630
107155,107181
169387,169439
44028,44044
33428,33415
408858,407153
32454,33209
358089,358306
33431,33420
259906,323474
96896,96818
217598,216602
21132,21134
201113,480251
143555,143539
47515,46541
230003,230223
383561,383563
315223,308483
22956,22944
33704,33700
41477,44965
209611,209700
493934,248198
363678,365132
24005,23997
438595,437416
146390,146110
187842,188783
248515,259779
381713,381746
45077,45447
31135,35570
523105,524376
250860,250472
223400,225347
82438,82072
191603,200214
98538,100758
392779,394016
352619,352649
40510,40638
463467,463580
33822,33813
465325,465526
229379,229433
115387,114772
166004,165211
23063,22144
508278,508336
25243,21926
386401,386370
70918,70921
44106,44879
525666,333551
152899,167579
20923,20973
25114,24670
75058,75060
301784,282924
247362,247799
49673,49664
459778,458976
70309,70318
415279,286936
137924,137604
340337,340128
25599,25587
32046,32057
270390,271767
36039,35998
249494,249496
41496,41958
47113,47153
18162,17920
336308,337698
94607,97937
82891,72231
258992,257896
249496,249505
49550,49449
126676,126683
2091,3089
214733,213589
116967,116787
383173,383063
442700,442715
375433,375358
2091,2042
16139,16287
534899,528178
71494,72033
28915,28912
120953,120917
78071,78024
516604,516528
546649,544608
201909,202586
287134,287606
442715,442700
383029,381971
513465,513667
65584,66441
452579,452655
106258,107275
340838,342638
27179,27336
20226,20240
24615,24410
332846,332992
39650,45741
381842,381886
483851,483824
255258,254946
21123,22185
16920,16973
378801,375396
543797,543874
193504,14661
570012,569468
21644,21133
198967,198963
34851,137408
466409,466613
446713,446611
4166,5046
170860,171546
566332,567155
258754,242216
227782,227783
432843,432409
74296,74319
106258,104952
19985,20006
42890,42884
446302,446259
569644,569651
64115,65367
42304,42265
374723,376901
547079,546649
28467,28469
165054,165065
183028,178286
565144,565421
348877,346680
461783,462392
39294,39289
404153,404119
39785,39792
364424,364924
474316,468873
379275,381708
400200,400250
177371,176846
350692,350427
65194,64956
216503,216465
169387,169010
155700,155747
445346,444996
490404,489885
546336,546460
537062,461365
558991,559024
500093,500068
107181,107155
393138,434982
42925,39966
192899,192273
22862,22880
144498,144491
41932,41962
376891,376915
37995,39084
72773,75308
17464,17500
31493,31466
407158,461933
32227,32185
20910,21043
406966,355559
354300,335659
19997,20258
44304,44314
26378,26374
443989,444850
35570,35980
60051,59923
491650,491610
140570,141066
549636,549252
299273,288265
16209,16197
334921,335191
33918,33910
403567,403217
33016,33055
24420,24426
65194,65198
246792,247362
539005,541003
542630,542037
367225,366958
343790,339862
365377,365205
479195,478518
39170,40111
249809,250233
453409,454764
124298,125427
542037,540476
68765,70843
351596,352472
171152,171155
347548,468045
588406,569651
45493,45468
33962,34037
100848,103163
406924,434947
268476,266831
54752,87100
38333,38338
287927,287968
24708,24721
982,2145
44266,44264
430508,430500
467568,449713
22400,21263
136194,136168
167491,165630
36910,37488
47640,47409
33473,43335
19064,19285
345630,345709
47452,47358
568020,568019
24026,23051
158787,158636
360691,359822
75832,78576
44429,44443
38001,37986
587879,587261
34183,34571
409233,409071
354915,355048
465003,465325
123819,120073
387585,394106
31908,32273
565675,567648
459584,456816
483824,483851
32179,32278
48442,48447
23536,23574
22459,21964
28257,28217
281707,281554
28496,28499
98777,98722
264187,264302
5145,5046
345224,345142
406009,405991
41368,41357
142048,142107
457293,538453
378179,378182
408761,407396
414136,411368
452969,452640
103577,103402
538130,538133
66340,63551
302117,300818
173389,171575
557540,528273
358903,368794
519180,518446
14179,13756
409071,407558
84788,85996
179599,180024
48031,43335
27796,27751
4027,7949
63130,61941
44020,43992
272829,273168
48519,48522
46879,50182
176596,175775
518640,514008
30013,30044
416900,417442
319490,319484
29259,29316
335622,280553
362390,362431
310890,466558
407558,407488
264302,265349
31198,31601
31869,33755
403567,403593
407206,407302
176351,176846
123086,117431
47654,47670
532683,532689
233705,233494
33850,33822
45606,45600
350427,350296
88510,88023
42404,42454
137475,137604
210703,210454
18050,18057
574853,573841
427239,429060
473997,474326
361290,361978
98100,97446
461891,460220
101314,101649
557626,555350
252222,252548
48050,48057
525939,525888
328759,336032
468791,468850
91129,91235
39299,39325
371173,370714
527967,528016
197410,96512
161008,161155
408750,408684
422598,419606
399999,400181
553543,553623
388303,388454
345870,349588
35459,35599
44368,44422
527198,530134
23632,24584
539818,539802
588477,587879
536523,536428
575019,574668
26395,26407
72198,72204
427799,429023
558140,557678
35359,35368
18543,20447
390408,389459
34218,34231
548520,548497
48467,48466
327239,327557
344284,344250
435918,435448
70843,71754
421338,421379
31939,31999
568053,574170
17003,25199
322001,322129
35591,35610
93362,93364
29731,29674
103977,104005
262927,262947
314191,314180
274001,282733
418289,418640
291688,327977
20048,20410
75443,75060
353183,353001
217095,217092
426077,425783
407153,406984
367409,369733
88487,86416
86866,86894
100742,102604
582810,582809
47322,45530
37133,37212
27959,27889
16769,16751
42483,40077
337657,337741
117039,117337
18408,19333
102917,102914
265349,264302
157983,158557
45954,24459
147166,147930
34480,34473
82277,81094
428634,430332
21378,24307
20628,54583
48274,48313
555396,555063
46746,46767
46553,47126
378285,391641
24752,24749
48452,48844
400939,400873
493342,493336
497268,495530
275363,228646
47682,47620
243222,243825
45198,45242
24755,24754
34324,34081
198665,216894
49550,49759
254690,254678
328048,328318
433024,433010
262722,262905
145638,145458
78234,78621
44044,44028
370703,371434
473871,474297
20017,20026
42480,42559
145506,146736
434889,434888
16675,16577
470515,470684
446230,446387
34461,34473
102770,103402
86099,86361
185165,186545
143539,143278
395561,395448
16989,17117
23991,24075
536211,537441
4111,359088
34085,34078
46927,46791
49559,49592
456381,457274
1920,147
21659,21980
23051,22470
514842,500428
124926,127037
368819,369852
435285,434191
46724,47371
110253,110259
234349,235382
93641,101786
290800,290536
581218,582028
125962,125384
22018,22034
504122,502687
403593,403567
546787,546814
212900,212898
327557,328444
9872,9024
451911,451351
36304,37090
369802,369733
49560,50581
435771,435252
16027,21967
28704,28197
451006,450979
130681,130597
46695,46791
105725,103163
88049,88138
183068,183098
35339,35361
290489,290536
69873,69535
581179,581218
43465,43546
75058,75036
76290,75308
258740,258735
536523,537275
30562,30557
137052,137422
177902,176792
244229,244234
514851,515537
316003,315753
42316,46463
37103,30246
265633,266423
50268,50294
39325,39299
21055,21061
494808,495427
30209,29917
364819,350164
430345,430389
24832,25606
585054,585059
434185,433068
539112,563239
165601,165076
473574,475083
27889,27876
27968,28169
23722,23819
231045,230444
254626,254625
573269,573223
540476,540218
49277,49303
256437,422218
386016,386023
381746,381804
406306,406040
35538,35584
315119,315302
252080,252012
446563,445768
403356,403344
494412,493333
314160,311698
436128,435997
478784,478584
360691,360708
91305,91274
48148,48176
531700,532597
340401,340398
21336,21582
112806,114298
216917,217559
486085,485279
482403,480742
387319,386296
423439,423418
399973,399978
49504,49322
284722,284713
283234,270929
44416,45151
259906,240778
116787,115906
569736,569805
21098,21646
99680,98298
93641,93639
317422,322859
36481,36453
272852,274001
17204,29432
109432,110523
505167,507000
347079,466012
81019,81343
59009,59869
6138,6272
41045,41149
47533,48374
103535,103702
44080,43660
29304,29908
42029,42073
43653,47757
43231,44129
348186,342638
362260,362268
333783,336338
46463,49369
370939,370831
302551,302575
403938,403941
29380,29674
193920,193937
111404,111413
32464,34033
91749,92166
75965,75443
17129,17136
392691,406040
386121,386210
24191,24108
459773,457816
46103,45306
275788,273887
24249,24049
41958,41496
43329,43324
46981,46972
394656,393745
457263,457112
47409,47153
16674,16448
17720,17725
224409,216894
324679,324687
173961,299189
553543,551584
29993,29995
27825,27823
91982,98682
33645,33606
389308,389354
352911,395294
525310,527963
208413,208101
72731,72614
517683,516789
192899,192959
155700,155615
577459,583302
153243,153340
72665,72031
154378,154137
481267,492622
47003,46586
42559,42480
165177,165124
385102,368043
21142,21032
24593,24919
277341,277718
31411,31790
42494,42765
32560,32522
24938,25856
26505,26576
386533,386396
567032,565434
515077,493342
112598,112803
21981,21952
254658,254660
41650,41622
47539,47276
218553,218112
42188,42200
171044,148509
149545,150340
135618,123324
1103,1243
539112,491305
199135,205379
216003,216023
25363,24692
210454,210703
458512,458438
65562,65004
491468,491437
318719,329608
20987,20986
329059,328232
550601,550970
23660,23788
18748,19348
23259,23215
24642,26100
520661,519651
494530,494465
50294,50268
405938,405966
263405,264939
169431,171334
24720,24707
39665,26631
25640,25616
26132,26078
16769,16819
57345,57347
134012,134030
402673,438163
497519,497274
319316,319102
467864,467659
30193,28433
32001,32019
28307,28374
32374,32264
48517,48368
49303,49277
441037,441494
271946,271767
115457,117959
588412,588410
176351,176122
24919,25977
415447,444218
27543,26931
577669,575288
2874,2937
492053,492598
355793,357400
59869,59009
213589,206224
326895,327239
431025,431008
27976,27981
34519,34654
565091,563816
121245,120528
510263,510626
246481,246792
37774,37811
350781,352958
36728,36305
72198,69373
49841,49747
39148,38661
378203,379454
148026,147930
33382,33343
464915,465201
16801,14798
123234,167438
116004,117431
28434,28428
38929,39004
527198,527195
18336,18720
18818,18723
49322,49303
181863,182297
21227,21223
537275,538426
46012,46035
444850,443989
195219,197446
211703,211628
532180,530832
442934,443795
324205,324217
148110,148166
473131,473629
389599,389505
226492,226487
34799,38333
20730,20767
171045,171152
227694,226062
492150,492140
35466,35120
46372,46462
50451,50443
221436,221773
47013,46495
20982,19032
37568,33676
278797,278811
546460,548150
399294,399358
100871,105377
430345,430336
440057,402559
171045,171044
167244,167044
369504,287325
26121,30237
364373,364290
16772,16675
43316,39061
406463,406429
25572,25299
35824,35888
105700,108543
443795,444302
227432,227876
30163,30098
272829,272002
42115,41293
376177,378179
438595,438641
65061,64926
43408,43430
165054,164746
170649,171165
436855,431025
233061,233310
26949,26568
71754,72031
372055,373077
186970,186292
102607,102499
247153,247332
29644,29654
452288,452365
24224,24219
579773,579743
495455,495427
133171,133093
231043,230853
478192,476525
242216,258754
160166,159781
21032,20973
193417,192883
31700,31706
254697,254694
28451,28448
340050,340128
20920,20917
23246,23197
406948,406864
495512,495530
138629,136137
371980,371977
452317,451911
364093,363845
332685,332337
536473,535899
447969,434947
96179,104952
36311,36864
21804,21839
302575,304542
181832,180061
370230,370503
16920,16909
328855,328804
254679,254946
370162,370039
385261,386696
41149,41045
85701,86099
474692,474681
440538,440536
409132,409101
23635,23544
37774,37382
21835,23754
16973,16920
90464,89921
124098,124296
349277,349354
394366,394347
412223,412187
357612,357619
24692,24687
434191,434189
504282,504517
268119,267443
394579,394576
386023,417611
228344,228361
68697,72231
449229,470986
24423,24418
340842,335876
28590,28475
470684,470738
444307,444853
83434,83022
552108,552512
28006,28195
21738,21727
24618,24630
5130,1588
496621,495829
371998,371980
327972,326218
385102,394004
429161,429060
80226,81724
20676,19873
39541,39452
424186,424537
394528,394688
34436,33651
47368,542730
554835,556718
378570,378566
47494,47157
71032,70436
14780,14179
136863,136250
83486,82781
46380,46382
29242,29461
453957,454677
24755,24756
44422,45023
403344,49615
360768,361601
526182,528118
159781,157606
57490,55016
461002,460544
397579,397786
533156,532762
42702,42718
142677,142255
581187,581270
548923,549252
21738,21740
39650,39516
34934,34951
194684,147637
241731,237854
25977,24919
63590,64532
198253,197825
255969,85454
469034,458598
334597,324800
39748,39795
22648,23358
373373,373445
23363,23340
310555,311292
338296,338322
147166,146898
38043,38027
353185,353183
484908,485279
199763,199209
340128,340050
24244,24257
137604,137924
558476,558234
35764,35795
26387,26372
28236,27973
46790,45741
182711,182705
423419,424233
16605,27746
144887,148278
110427,110414
45493,45525
349090,349086
436849,436564
32406,32486
402986,402891
72223,72467
46449,47784
89709,93518
376915,376891
165763,176619
30799,30795
332992,332846
239316,239652
36097,36210
39516,39650
28114,28104
410099,409801
198285,197497
188879,188834
33055,33016
354559,354275
68815,69566
389196,389291
315302,315119
16909,16880
192883,192870
47031,47358
359455,359444
41183,41247
118791,117959
510607,513184
26087,26093
78230,78234
31720,32050
120523,118746
503007,501847
474340,474359
24438,24257
33006,33016
421338,420013
50708,51736
48148,48057
47494,47533
26688,26727
335591,334130
254626,254627
328855,331758
47617,47603
26300,26093
44047,44290
239652,240890
568919,568754
478584,478784
37811,37774
425769,426516
481730,481806
214347,214965
34175,34107
32373,31504
527364,524155
114298,112806
148508,148509
504457,504614
340077,340074
110543,111891
17393,17464
180061,181832
389319,391855
36517,36516
152427,152420
433372,433024
465666,464921
80348,81019
49773,49778
33936,33946
46984,47030
118553,118558
373196,373222
24822,21227
32319,32328
396843,396673
28169,28174
438229,438238
300861,300848
279596,266400
370410,372354
101568,101586
379864,379516
405938,405363
351185,367186
20767,20730
309212,310023
374723,345388
434947,406924
55581,52181
418883,418928
535941,480251
429874,430122
411514,411661
235722,235382
440974,441037
345386,348778
17920,18162
459455,459458
331927,240095
490140,490113
331489,332487
29242,29153
365130,316540
4996,331576
322129,322479
411773,409562
21722,21717
352049,352779
148278,148595
204696,260498
439391,481259
106005,105517
272191,272779
346749,348688
122375,121812
97937,98505
37828,37673
205379,199135
289210,289254
580733,580728
548835,548831
379665,379814
43992,44020
24728,17525
289254,289297
500428,490129
412517,413628
52181,51736
38176,38127
331758,332244
565340,529595
29986,29957
35120,35035
49615,403344
98298,97171
390461,390466
309802,317422
537491,538165
567462,568282
466469,466281
64675,64648
39769,39775
72019,10502
25599,25604
38513,39883
400181,399999
42747,42718
25576,25620
282745,258944
207176,206625
558665,558091
212881,212458
401000,400038
20052,20064
70122,70859
25485,25438
377327,376305
200214,191603
44209,45078
21135,26858
543914,543874
39159,39213
408684,408750
468862,468921
375750,375769
33481,33513
29522,28402
44083,31612
39862,39858
370831,370616
135654,135559
71278,71715
32140,32022
89921,90464
338977,338533
26932,26766
169377,170649
21717,20568
38125,37384
25956,25962
119477,120073
539005,538887
109453,110543
357449,357400
584519,584581
437923,456816
26387,26414
497375,497901
22648,21077
290536,290800
17226,17555
21049,21048
410580,410584
261203,261007
345839,345861
371829,371825
111350,112602
565421,565144
35361,35339
36369,36361
32291,42404
136137,135797
172994,165564
328444,327557
375780,375769
359864,352474
70436,71032
486898,486561
391641,465328
2937,2874
564258,565682
91239,91274
297014,296933
381382,381366
407666,406794
45513,45697
121471,121395
584908,584928
210863,212458
289808,289953
217953,218031
513325,513465
48284,43409
463583,463475
539990,539753
42802,43017
474774,478184
364425,364456
232651,232543
25766,25326
17235,19832
353126,352779
442267,438073
26639,26648
471259,471279
207255,206988
128594,127037
17178,19032
293634,292855
181748,182420
328042,328048
373222,373196
167579,173318
517468,517471
393277,393279
416612,415970
444307,444116
515642,518446
376065,376180
42219,42265
546246,545995
400495,400535
250211,250217
561093,561088
44324,44088
271946,272011
483452,481984
365259,364924
452655,452579
567197,567155
309528,272418
27803,27809
539753,538133
19873,17055
113065,517468
2735,2874
21048,20957
434948,434949
257896,257878
55051,54677
292758,292524
560569,556099
22185,22325
135762,135761
414145,418238
412461,412503
328653,328444
509799,509804
21525,21003
36051,36041
220832,221072
28441,28446
469451,468874
324239,324217
398067,398035
324679,324489
45050,45023
28006,27700
41606,45956
333783,332999
469562,457078
22935,22944
399781,399973
447040,447736
24108,24033
43231,41958
482617,483347
27098,27067
291518,291236
30664,30675
182713,182711
87108,87102
538584,541606
33869,33826
439391,426829
392691,391855
26407,26395
521136,521490
9024,9872
149989,165755
37168,37090
131475,132110
44041,44163
364465,364487
493726,494267
23930,23882
374518,374718
37212,37133
113908,114517
28461,28401
142917,141742
522397,522399
311292,310555
33240,33251
513325,511626
328804,328855
221075,221072
420013,421338
39189,39444
30884,30799
385300,385243
39744,39703
135863,135762
45899,46430
493307,493236
65004,65562
23120,22966
281628,281800
193012,194930
521808,522943
32565,32560
227432,226013
172813,172816
49221,49212
46542,46107
393279,393351
495626,494530
432924,430071
209780,210039
28491,28630
228380,227694
46700,46629
277431,274309
16192,16115
31332,30787
375031,373788
41349,41324
43816,43792
439487,452379
157169,156517
110277,110268
291167,451503
13008,14006
23394,23363
256310,253576
525599,525558
549596,550849
366306,366250
314891,302016
250241,250472
36041,35837
478584,477926
464837,464841
267455,250190
578875,573468
342088,340731
22035,22003
237498,236223
18685,18693
26651,22954
445506,447152
101821,101834
413842,413998
324298,325052
28377,28356
374856,374847
584519,582179
360929,374892
17136,17209
464013,463798
126685,126683
30385,30283
328028,325092
106775,108378
31923,32022
575850,575997
29576,29619
27270,27254
289808,289645
157983,157501
23574,23536
389185,389196
543254,543240
34473,34461
49417,49221
107539,107727
430246,430964
125384,125035
548150,546460
125271,114541
80162,82896
32640,32050
26286,27757
396536,396567
27700,28006
104830,104679
345142,345224
2587,2574
364609,365137
571729,579576
513184,513568
568053,567879
39641,40439
39226,39214
61391,60296
117431,123086
481604,481953
28008,28014
26029,26007
19032,17178
171334,169431
28197,28704
504324,505051
135085,167133
173190,102805
550970,550601
24743,24748
491609,491618
16421,16422
528324,528132
93767,93888
521815,522504
31681,31684
385739,385666
115457,115451
178286,177699
272418,231805
20053,19832
45501,45513
29366,25069
26723,26576
443691,443697
17172,17495
254627,254626
27901,27743
296227,278215
24009,24379
244972,245195
101199,102271
374892,379455
403217,403567
210511,192059
36478,36480
18120,18129
451572,451647
208197,208300
428843,340312
214100,212391
564144,564295
13756,13723
144875,144887
416079,416609
300818,302117
33251,33240
44195,43154
335674,464292
9872,9954
25962,25966
336878,338370
365137,364609
453996,448756
252823,252744
505127,506290
133494,133171
31198,30237
446387,446230
397335,397404
304139,309802
71610,71596
20291,16455
409562,411773
45479,44195
35120,35466
385331,385561
37504,38165
26386,26378
363595,364067
260665,434419
417611,420906
397856,397786
523253,523244
328804,328318
405951,51785
39051,38906
87102,87100
20262,20076
81069,81209
473494,473509
523066,525983
28139,28163
441033,440977
413749,413634
43207,43255
28230,28318
175537,173814
410426,410427
544262,544759
488948,487590
27746,16605
506290,507199
311280,310479
26245,26267
23612,23278
34107,33817
27588,27767
263814,262157
26736,26733
415338,415540
59642,59652
39858,39766
40214,40862
72470,72467
84954,83486
547188,547219
579743,579386
216917,216503
370831,370939
457274,457279
304567,305243
152420,152406
148595,148278
27336,27179
192280,193481
477998,476740
41368,41416
47109,47135
361800,361601
389196,389185
25038,24897
8922,9421
396124,387297
402867,402891
539108,543243
589283,587150
355864,354559
575685,575622
183014,181832
407396,408761
79985,80030
102410,102271
66441,65584
183068,182297
105700,104520
2145,982
18180,19273
42241,42105
188834,188783
137205,136863
406088,406171
427317,427605
481843,481806
128652,128907
34441,34349
114695,114780
25479,48294
21922,20828
568051,568020
198292,198804
164957,164991
23121,23138
527925,527957
36287,35423
298785,298910
426329,426417
421083,420906
42200,42188
228361,230853
158636,158633
33523,33900
504917,504614
333548,333550
319450,319484
177956,178792
405879,405889
33726,33707
23830,23719
152899,135505
23088,23082
170395,170601
216229,216465
221934,221773
521808,521254
39516,37103
46377,46071
188903,188896
43266,43272
433578,433144
372354,370410
336032,336308
38747,38763
551701,555063
28491,28469
47686,47960
568075,568390
559276,558944
507219,508792
484706,484452
49800,49566
16973,16977
397110,397675
165601,166732
35193,35623
453145,453409
499587,513193
22452,22467
386296,387319
27825,27827
42181,42188
539818,539982
250860,253056
262905,262722
465745,465579
364195,363926
187484,187643
473128,473131
214100,214298
399317,31060
16784,16674
464145,463864
43316,44153
406233,406171
45941,46012
407488,407558
47224,47232
274309,277431
260715,261178
378588,378556
318462,318309
46561,46659
355533,355882
227908,228009
375396,378801
434949,434948
222435,248311
48344,48431
365439,364373
375448,375433
167044,167244
548520,548569
30505,30416
34037,33962
93767,91728
380959,383881
33060,32933
19869,19837
210703,212165
378192,378182
27616,27666
434982,393138
28082,28139
421379,421388
530832,530134
26939,27158
415758,414502
346680,346028
422200,422089
500093,502168
101586,101604
45649,46634
43710,43568
575963,576292
537365,537287
579070,579386
474326,473997
42605,42613
91643,74508
429679,429874
217092,217095
38466,46468
375870,376711
279596,369195
324217,324205
22966,22822
298067,298777
363776,363891
40559,40552
480251,535941
147930,147166
400955,401034
27901,27919
379285,381355
250098,283577
102914,102917
349995,350175
134473,134365
402735,402306
91130,92309
201037,201979
57499,60154
21895,21902
24756,24755
44783,153195
49192,49184
579386,579743
38015,38022
36305,36728
237347,238178
180061,179190
28578,28548
24593,24239
23769,20823
63846,64636
229776,229986
373825,374013
164937,164957
382773,382764
370475,370703
60222,64470
125647,144643
464972,463632
26939,24956
26311,25387
81724,82535
100467,100468
243222,243079
524155,524154
26454,26604
23104,23523
522402,523658
18685,18198
189807,190028
22325,22775
439487,46430
33463,33457
344284,344806
26045,26032
98505,98522
241860,249042
49937,50334
264939,263405
262157,263814
529820,530938
62281,62282
328232,328039
161150,165564
502864,502902
249042,249959
254694,254697
512206,513270
49686,49705
28448,28451
507030,507000
32336,32339
28578,29958
54752,46395
43694,43815
323474,259906
270316,272038
67844,67887
349715,349474
476442,474507
41293,42115
5164,5173
49159,49141
461258,461455
21952,21981
414759,415137
403655,401070
407003,407488
513568,513184
259409,259158
49104,48158
49759,49550
418135,414191
188357,191532
476740,477998
418494,417507
353416,353391
60778,61560
514322,514851
264939,265633
381885,370543
345224,345377
19857,21263
546751,549794
480362,479488
403929,403938
9024,7659
381842,381692
36319,36329
85295,84113
27610,27594
221773,221934
33535,35645
527113,527195
275788,275919
464058,471774
480656,365130
32167,29133
26186,26105
29525,29522
201979,201037
26273,30948
568051,568075
48321,48284
364843,364822
128406,128411
64011,63130
32505,32511
91642,91749
122542,122558
215075,216003
44106,38753
495530,497268
497268,497375
355882,356253
430997,430508
175775,175753
21110,21126
46035,46012
369733,367409
24630,24618
404573,404282
43237,43673
375498,375508
331038,332672
74117,74015
366958,367225
49134,47232
461534,418073
548178,548497
370039,369852
370063,370209
486463,486206
389308,389292
274683,274947
27981,28008
267085,266423
111891,110543
449229,446131
69274,69345
383881,380959
425745,394004
127158,126747
387319,387765
353501,353569
89418,88756
52575,58658
34121,34183
176628,176729
533671,533859
193012,192959
559024,559946
36517,36707
78419,129830
589153,589151
144333,143183
360247,360308
340463,340422
73348,74564
410757,410584
548935,549011
43746,43792
35035,34459
116697,112907
246436,244904
55581,55634
254634,254655
519257,517463
39871,39843
385132,385243
48158,43896
558226,560087
304836,305569
403006,402986
21872,21839
588969,588963
380080,380234
492877,492970
473817,481517
543907,543807
46495,46360
100221,98522
117560,120866
236223,236148
148509,171044
143183,144333
137739,139295
538426,538887
4458,231805
73348,72470
20258,19997
516251,516528
55634,55581
583932,583939
420906,417611
32307,32256
41932,16117
453608,467238
34519,34471
112442,114456
172969,171334
52625,53244
220713,220832
580012,565429
346352,346547
411366,405952
262947,264184
49743,50039
250131,250211
72223,72216
431000,430997
243825,243222
23577,19648
446563,447263
124296,124298
178354,179148
28922,29110
374434,338363
18147,19648
481474,480569
26025,26011
417474,417507
582814,583809
36344,36361
68197,68219
53261,53054
46016,46375
343430,343576
44195,45479
148595,148843
149395,149421
165065,165076
35413,35448
142621,142327
24536,24541
405991,406009
105377,108475
33161,32410
109427,106009
29329,29326
23882,23788
31851,32255
42131,42906
44264,44266
524605,524553
545846,547273
325092,328028
387765,387319
42316,42134
114780,115066
72204,72216
426642,428634
17559,17798
519055,521748
24721,24708
523038,523015
242665,242314
394004,425745
176596,176628
266423,265633
44618,43976
26900,26480
76882,77162
363572,361978
35423,36287
36083,36037
230188,228975
192441,211239
57405,56201
280815,280819
16560,16717
358815,358809
17920,17898
71278,70859
27508,27504
148110,148104
42356,42327
364487,364465
39218,38671
49556,49529
160497,160688
65682,65198
26045,26087
447405,447649
548935,548569
29305,28716
259065,256394
152487,152156
25459,25468
218043,218031
524553,524376
28531,28541
253056,250860
177956,177371
34043,34208
184461,183028
427180,427239
370209,370063
289313,290165
50430,50443
284304,284301
352659,446755
38453,38437
35805,39075
18199,18373
102271,101199
31679,31343
323188,324114
37384,35190
323134,293555
320942,320302
22372,20407
54611,54583
462608,462003
370714,367202
41312,41365
212378,212391
51155,49800
344142,340324
441543,440448
127801,127821
542758,542525
49212,49207
171546,170860
305017,304542
48396,48392
267145,267149
245195,244972
527195,527198
31419,32291
383063,383173
189037,188350
23587,23600
520661,521254
587150,589283
548942,528061
27891,27928
372009,372310
13894,13914
322001,321935
513193,514008
24253,23397
49933,49879
399358,399294
569042,577459
254770,254760
438073,442267
508278,507513
396312,383563
96171,82277
446259,446302
137219,138076
35888,35824
460039,460961
314889,314967
21525,22470
228009,228360
102194,102914
27137,27321
31612,31531
194930,193012
77162,76882
349097,349614
459455,459449
46418,46586
468981,464979
478184,474774
41029,41026
45198,44927
193676,193920
33413,33357
521976,521766
69349,67652
45279,45266
124296,124098
447670,463024
538165,537491
422974,422506
528061,509804
