source_node,target_node
113939,114395
328468,327542
454522,454024
179899,176647
515145,514811
363214,362996
146973,147462
38581,43536
81086,82278
72874,80765
256654,261027
246973,244777
192787,197097
183186,197580
41412,41033
411180,412314
357054,358461
278515,278207
527394,527397
472544,472547
299376,299245
91051,90558
51142,50759
103101,103308
84432,84570
539170,538824
400135,401685
104569,104988
502398,500012
478834,471082
270849,271885
537268,537222
77668,77642
568765,572976
11053,10965
38751,36376
17408,17846
104324,106096
64499,61272
51347,51514
129514,129910
31573,32087
576749,576732
229151,232835
259796,258924
361904,362036
210457,210822
549275,544798
405396,405383
264112,267719
87870,87713
350156,340175
483853,481259
202026,201435
369315,369313
93044,93506
92789,92987
132610,129152
85382,85428
510617,510185
284411,285058
295569,295160
504248,502093
189374,196322
29681,29459
504162,504793
269241,273338
318688,318721
7563,7900
39906,41608
495888,497649
132740,132766
28844,28935
572759,573344
176906,173583
136727,134677
103390,102740
99612,100444
43150,42657
477605,477607
399305,398867
39741,44365
32792,34301
34109,38818
538246,538219
118360,119660
444556,443104
43150,43596
87076,85707
278815,278178
105657,105564
158400,161605
42746,42200
46039,51651
417472,417771
528642,527292
492168,492833
67346,67491
549113,548522
153749,151958
113995,113982
495180,499790
170766,168360
115926,115918
367581,369314
563470,563495
401429,401174
588710,589116
82278,81086
337142,340822
26129,26270
318780,318794
114498,115892
559201,554896
469404,469971
201991,212821
107574,107578
44485,44696
40716,41143
102398,103028
407805,409282
236147,236166
539825,538898
58321,57715
210353,210336
89195,89518
414665,416830
421043,421443
441028,441090
6803,9046
303190,229361
234087,231726
84780,85066
538621,538580
105809,105688
333599,333424
186895,186878
344057,344081
530029,533813
267741,286351
247753,243775
47674,48825
427810,427837
104602,104318
213052,212386
395497,395469
261707,261741
3043,8029
537296,537928
494844,494848
499364,499501
3731,2953
540024,536990
438098,439776
494522,485937
454664,468549
466477,466080
212877,211981
519965,527193
104348,105340
22923,21651
538074,455376
109003,108848
86462,84934
385850,395553
397323,398900
158736,158008
58436,58711
196871,192822
108540,108565
62245,62040
419384,419144
106339,108431
387080,387084
276769,273123
63834,67245
498513,498705
371356,372361
97068,96960
71868,71869
88813,88395
345052,342265
92176,92169
111127,110805
36058,36666
120651,120655
407864,408252
248315,248493
204230,206325
244665,244662
445604,472523
386103,386176
585139,583567
56579,54980
98337,98403
365955,364818
31655,30504
97180,92828
51211,51169
503511,511038
541921,543613
537902,538222
138450,138382
386859,386869
23202,22863
538746,515165
179033,179034
60778,63348
571644,568343
240105,248315
456446,458603
83521,84178
94437,94747
538140,537986
110220,111016
279745,283910
554442,554820
553089,554029
492551,491071
456800,461925
103446,105090
45787,45362
314774,314764
532364,534730
160445,160234
518742,522579
95190,93829
20035,19916
129730,132625
473186,474673
73213,73441
425237,424019
69491,69734
192766,193402
363978,364711
99630,99627
77375,77797
84299,84606
499455,499456
112391,112388
15380,16162
103246,102534
266493,269733
70392,71505
97206,97916
185963,185957
2568,3062
188473,187600
224574,224672
373970,374033
9634,879
20741,21596
145187,145260
6263,6262
90414,92350
533553,533561
446860,447046
134952,135025
115388,115408
280382,281073
163370,162977
305824,306451
520458,517140
242714,242692
381823,378245
272678,272769
328808,337142
113044,112902
478646,477022
41794,38616
523382,522156
588322,587991
9972,21761
53594,52157
103080,103130
20425,12634
434729,434815
234874,234877
588341,588391
529548,528734
91390,91073
189828,189702
522156,520544
342415,342353
40918,40234
536248,536781
381050,381654
492636,492551
85967,85865
46988,51827
6926,7090
444662,445250
213248,210932
9814,9817
45807,45666
539184,539175
78248,80663
588749,588751
199022,199017
179176,174052
8029,8056
224932,223709
167269,167245
300879,305701
235488,235463
89971,90170
59024,61272
546027,543716
77865,78050
530029,529922
539861,539925
354884,354659
242724,242709
2735,2854
7277,7266
396569,397045
102649,102115
70838,70897
331005,331760
247748,248558
33083,33860
14171,16118
103623,103260
65660,65520
114634,114655
121013,113986
82755,17480
14921,14337
83569,78531
444927,441868
26011,26025
170328,169049
278178,278815
63777,81129
340348,337226
373054,333833
509255,519375
97263,97324
302587,308480
175434,170766
415916,407521
574280,574179
327362,327356
310234,309433
314764,314774
115176,115180
219222,221207
583567,583335
269335,270615
200155,200144
176675,176577
94294,94012
536446,536445
357647,351597
495703,495511
172616,173450
463943,464258
115368,115508
531512,531428
239166,238951
412652,414814
45748,45704
90533,90700
517588,517599
175613,174807
66540,67514
103844,106372
111751,111975
111140,111821
101498,101161
44210,43820
422007,427487
316217,313651
62747,62816
97563,97346
19292,20290
92446,92437
44117,44006
270316,267962
381562,378259
72312,72475
410333,410271
298096,298101
54119,54420
45891,41794
185688,188301
123219,113793
295191,295178
74089,76418
230799,226142
91124,91117
464653,455857
262117,263062
108893,108844
92247,92385
434506,345536
13922,12060
559418,559339
92853,95578
157167,157753
399532,399251
25970,25703
94857,94609
249636,248032
414810,414796
235725,231806
207070,207324
270843,270838
337307,336565
315145,317178
358739,354386
150101,151426
335376,338012
72979,72887
301800,301363
190502,199766
82845,90580
538716,538711
306834,302073
78243,76503
216371,195410
44309,44310
403972,402955
112361,112388
134818,135106
369611,369005
368790,367321
318597,303654
172195,171968
83382,83995
339241,338398
65348,64307
30977,30393
289198,289197
7366,45216
302973,305727
305727,306010
121482,120693
112695,112799
490654,492852
184193,184154
356783,357250
462944,462893
117154,117149
535065,536883
458568,458396
101533,101615
450883,450893
102052,102180
427837,427810
182294,182291
493888,494122
574357,574212
27734,33113
123354,123338
325896,326501
358625,358555
73693,74993
563531,563536
149660,64834
303266,303104
243659,243688
344843,351784
375397,377755
397729,397553
178686,186391
554371,556218
2555,8468
237885,237876
74837,60684
107808,107547
494464,494066
225221,222954
418978,423022
107521,107490
394808,394282
508440,512572
322824,321721
399920,397349
115356,114937
29350,29352
46362,42936
365516,366705
311456,309530
70983,70794
51347,49611
165093,196296
108312,111402
197514,197615
41239,43093
562310,555478
115490,115287
509687,516700
46033,46036
193671,194143
119761,118455
103955,103922
109116,109103
179040,180257
61389,61494
325322,319166
117780,118095
135916,136747
19435,18876
86665,86580
424994,426249
98357,101342
351714,351711
134677,120028
167815,167031
315177,315240
293029,291587
503995,502592
253698,253714
244539,245682
84954,84768
187965,189374
393060,397260
351632,349053
478792,482084
190481,188553
161141,161494
316216,316221
83521,82678
81873,77832
355551,347797
290201,290200
379379,382435
373189,373177
276746,276469
549605,543133
101631,101637
108905,109017
14618,15898
203088,203476
476876,477773
464056,468754
110786,109146
491097,491946
275059,275051
488435,488219
41239,41133
7856,183
398649,401174
186279,186437
548310,579099
216157,211105
36920,37143
358739,359460
219783,217733
271528,272982
90580,79300
236230,236234
78125,78138
532467,534856
413454,413304
72891,72829
109107,109659
375415,306713
251892,252149
11139,11144
203214,199400
458336,456920
466885,468406
75979,75617
416367,416468
2432,2455
409799,409479
77491,77569
358034,357927
511038,503511
71717,71407
138945,138284
285987,287269
488402,488405
10764,9927
109805,107314
227478,230754
22944,22935
12608,12618
66790,66780
273679,282747
24465,26693
397553,396386
344314,343147
96032,95933
225684,221360
68746,64050
140322,138506
79253,79295
526008,528136
101633,100073
481636,484218
445696,445751
382435,379379
303104,303097
500740,500817
350757,343028
83840,83830
56814,56782
485937,484195
554371,554287
294916,295912
477688,477138
325157,327048
62526,67169
194612,195153
538456,536586
117219,113145
303626,305249
89419,87457
172075,178363
374409,374407
160580,161671
548148,548272
100596,100053
325219,332063
7563,6965
245871,242780
52568,51735
168526,171551
97633,98091
360523,360116
61684,60070
359898,360064
354884,355842
419759,417118
235942,239418
445459,446696
463502,463494
249071,249192
67477,67413
497527,496936
52339,52787
85702,87076
398607,399472
446939,438752
574612,566144
408105,408101
103010,102873
428884,427794
108828,108583
256599,256465
204892,204891
43762,48678
66438,68286
559992,559967
421464,423413
176076,174799
539132,535175
184000,185479
587354,585429
564834,566334
91055,91272
41971,41245
520555,516191
193402,194400
229640,250991
500481,514030
141731,144735
123210,123239
102822,102421
272530,272016
500781,500901
258038,247739
452572,451074
154904,141225
534383,534984
86573,88227
95284,95345
105889,106052
426070,426655
356763,357163
44069,44233
108369,107264
194609,194965
497571,497527
539855,538744
189315,191103
74201,74086
90119,89614
542078,548436
472785,472426
91672,92156
466174,470463
83857,83863
448303,448295
50357,50242
176324,196727
380553,380555
106782,100011
66276,66372
385836,384413
396380,397096
72365,72545
288506,290127
106570,106921
236309,236474
19820,19872
362920,364005
153351,153339
401433,401431
196986,196964
494290,494293
196727,176324
17577,19512
242118,269425
100998,101590
239147,236835
96175,95650
45040,45056
109741,108431
482633,482908
100890,100744
28601,29799
470279,470686
203488,203491
307323,310052
586942,587847
263174,263173
563470,561889
61329,46352
92987,92789
192744,209594
277372,277362
91119,92306
397338,394274
274776,277638
414510,413997
290725,290227
126235,124095
161223,152666
174713,174497
109017,103623
499040,497822
331027,332330
244665,244666
77551,77543
390167,393034
443019,445635
70887,70846
277381,277424
470538,469583
206933,208744
342773,342602
126016,126020
509482,511891
253590,230775
200165,202633
450929,458302
66536,51103
558068,556191
21336,21326
273239,276514
38258,18435
485084,484455
137853,136410
420818,421008
100602,100596
476270,457210
73278,74837
75160,75191
430916,431130
476244,476176
67685,69218
67525,64799
10555,18879
485213,485215
549113,551722
561906,562301
94403,95517
335915,328468
196727,214499
101035,100986
197926,201991
496499,505301
65770,65317
115975,115977
389689,389571
476735,487501
22425,28786
161758,164047
568428,568891
558069,559933
152611,155086
557036,562530
228095,235856
485368,487731
127499,127341
531255,531428
340799,340672
50950,50569
133933,135454
477138,472965
569489,573603
307104,316409
224623,224568
212219,212983
126980,127311
423604,424881
494122,496774
580642,585024
88048,83293
32505,32451
92483,92534
400220,401022
143616,144021
112584,116705
249694,247909
538665,538480
33017,32976
581250,581123
251839,264326
215783,215885
282428,284656
61362,61389
59848,59741
356858,367146
275709,278437
92374,92375
87773,87760
473130,472785
109115,109071
496492,496104
240884,243040
347752,348545
67706,66741
434762,434178
266237,272510
251329,250991
216227,215875
84731,84724
218401,215317
389371,387278
436488,438341
364912,364851
88059,86410
88824,90414
584777,583934
106731,105631
545379,543119
186827,186671
216676,219269
70647,72138
118917,119208
284415,286850
107284,107500
572584,572569
270963,277362
493962,488116
140626,143164
243703,243694
473080,470173
130800,127499
82685,77307
154724,153739
77800,75185
10965,10454
381181,379616
59024,58243
32432,32433
494888,494293
300203,301342
383174,384150
538717,538723
295669,295505
2769,1688
207741,196177
310234,310242
530657,533817
234877,234882
408126,406860
184576,190341
75921,76391
290096,287320
470954,470906
560286,561918
263994,298298
217863,223854
181191,180577
93159,91449
559829,559198
26043,11981
181532,182533
45772,46160
112571,112365
244662,244665
549149,550010
135189,135186
257663,252941
106921,107178
103277,103916
239060,238960
178104,175489
418435,419245
246643,254265
123366,123354
237784,237635
585944,586897
30350,29681
291587,291212
36656,40053
107176,106357
543716,543710
485890,488006
273264,266668
43830,43819
34854,34740
536446,536449
164808,165201
306832,306839
272346,269215
197752,198375
294444,293313
467997,468708
173879,175483
336727,342973
227566,228885
429490,435419
251329,254992
21651,22923
397471,399556
199906,200733
110626,110665
254580,253637
297165,306106
66995,67159
327056,327037
312306,309110
286743,283213
30774,26952
455942,460286
159185,159154
244754,244738
302580,300442
277638,277861
209853,215762
99627,99630
402209,394057
28062,27992
411963,413037
280283,279325
111077,111072
42016,42013
112388,112391
479771,480223
102505,102608
126806,82755
539765,540250
542895,540847
62720,62286
79304,78833
18952,19263
252969,250497
397729,398228
94563,94890
255827,255267
427672,430461
84768,84954
112496,112459
294090,295901
117117,117137
213807,213722
504174,487950
358208,358137
102740,103390
263515,263576
534022,533909
449415,445326
322414,325157
495823,495138
216348,216341
90552,92369
187600,186942
348991,349346
300922,300088
490394,492394
78649,79080
24687,24692
247433,250084
109248,104070
128885,128861
252804,250379
51620,51734
259171,294238
579037,581060
24202,23896
252969,253075
82927,77942
115862,115726
8674,6052
157821,149047
543133,549605
167116,167705
141286,141464
337087,337710
512822,515441
24262,24297
303254,308575
575442,577286
129795,130371
219925,220609
293295,293320
443739,443590
443177,374654
64793,64789
296456,295647
399553,412859
519124,519628
215552,226182
539925,539861
444358,443046
54202,54919
90107,90167
343832,349822
445238,444556
503358,505433
140546,140499
4903,2991
557116,556793
434821,434839
243712,243703
343435,341676
75092,74793
274085,271548
406832,406596
270791,269981
177196,175692
557302,557306
144883,143324
463593,463669
470507,470514
267392,266900
87913,87955
105622,105631
42548,34921
29537,29340
105474,105918
389395,389392
186182,179608
111231,111352
73453,72611
92411,92418
165212,165201
101163,99537
200238,201261
276746,284044
107083,107244
23378,24626
85345,85152
72887,70887
497950,492908
200391,201476
440043,440248
244619,243171
51651,51665
169261,168929
370127,369894
532364,528562
583753,583210
52229,56782
347797,345446
234027,233830
368882,368821
80545,80485
28935,28844
19489,23788
313309,312852
506882,506387
105371,105365
41437,42657
551910,551141
404443,398974
75578,75328
570875,569675
197042,199047
41094,40224
313977,313890
71582,83103
389008,386047
333105,336360
549788,549795
124508,123575
542873,539315
421018,421043
498782,518270
74354,74543
194964,194967
345974,347900
288047,270422
113140,114013
283498,291634
568160,568165
240434,238376
201896,206555
307932,306834
44069,43485
506975,508779
116432,116042
82178,84433
315711,319984
83218,83946
83826,83802
403742,402444
468730,469259
133239,132984
528866,528238
459437,461227
10569,11153
390367,390170
479771,476332
110082,110070
44192,44615
350118,351434
533296,533348
441457,443438
340985,340651
231171,227496
145777,145673
344059,344322
229205,232140
314615,319357
38616,41794
74557,74447
175765,180308
558289,558341
62797,62964
309502,318539
563632,562250
318617,316850
26247,26231
171314,171473
360570,356018
494177,494176
367268,369654
102318,102250
137853,142883
484019,484942
87635,87265
482984,482740
153906,153351
446831,447198
425600,424937
452740,453962
314785,314826
220794,220537
73015,72979
144407,141464
132690,133061
127416,127414
182291,182294
113877,108882
589638,589632
115296,115396
19291,8556
535545,536481
231806,235725
271548,266716
212808,212547
336149,332139
244501,245207
198627,198712
471446,470673
274299,272363
202721,201244
7840,7627
300446,300940
311299,311749
168929,168912
59435,59899
581133,576324
75110,75669
568972,564497
101765,101269
266808,266796
114182,114190
170328,172680
543088,543096
179787,177971
307506,309680
387098,388743
586101,587906
114686,114662
73478,73369
379572,380553
309254,298168
445804,446711
90562,90993
477461,477462
512474,518922
83960,84420
429446,430884
573603,569489
109037,109111
84316,84432
105732,105692
86746,91973
407867,401874
123174,123024
530220,530222
73788,73386
373177,373118
99483,102620
347752,346374
368840,370801
114395,114432
101777,102918
102138,102143
182936,182701
458336,459181
490632,489690
304052,305737
75855,77088
14459,14099
537146,538208
462222,460286
30003,30352
89611,86960
101590,100998
48794,26075
388674,389905
163956,161041
299359,298308
52388,52413
167116,166176
51827,54820
37563,38476
588391,589320
325177,330581
509764,510185
534332,532555
415284,403839
91821,92633
330171,308480
78260,78506
295178,295191
113576,113359
109567,109410
408173,407942
401433,401435
512864,515427
115234,115136
583010,583210
566975,566905
9089,9437
70989,70993
134295,134132
199142,199022
85911,85994
178552,176757
418327,418346
472826,468243
110432,110238
398452,398867
89326,89177
541794,543904
242462,242262
144904,144177
88239,88505
585403,587836
317538,317545
202648,203454
358229,358319
181411,182876
446380,444106
534595,534604
272769,272678
98575,101424
176780,176140
469581,469951
263311,121222
46539,46376
132588,132597
566267,567326
543601,543710
549511,549009
121922,122368
38493,39648
59638,59691
582723,585381
92116,92126
401174,398649
443635,462194
335729,333810
78373,74730
12562,12574
412289,412087
417099,416287
379291,379616
561047,567550
530298,528279
399498,379862
118800,118814
195747,206397
134446,133846
178792,176351
58243,59024
462137,460416
285008,281139
190260,182707
411936,410629
96238,97241
112646,112596
404884,404759
87309,87951
511636,511624
6965,7563
216666,217402
306834,307932
104849,104128
110514,110532
189683,189492
63799,63421
562616,572668
88737,89266
383771,387822
70193,70230
168927,165245
101631,101617
430358,427581
102959,102351
106269,106491
319643,321084
58339,58331
119210,119220
261667,262403
168665,168628
309596,308648
370076,373099
31657,32978
480510,470686
525923,522421
70839,71694
109168,109757
132625,133902
111752,111349
86524,86462
40619,40092
44043,39446
2616,2953
52787,52339
111850,98271
489394,490914
119325,118015
35156,35485
234770,234802
45260,46176
444106,443762
308551,308545
465428,465387
313243,310272
372831,370200
301565,270306
391353,392860
78531,76712
348324,348456
75577,75617
186136,186674
438567,438571
152489,153757
141906,141119
193709,184295
194369,192447
106940,106830
434125,437958
44048,44462
520050,520171
527697,533017
373383,374446
228637,228276
192723,191030
106493,106491
78691,77724
197615,197514
120661,121969
182117,181791
193659,192822
551534,551502
180548,181375
157151,155591
16049,15689
19843,16266
59741,59848
431140,431110
244935,246280
542060,542146
76768,76938
125757,137493
259674,258164
477773,476876
282033,282037
361489,364437
82606,83300
71135,71166
185479,184000
65770,66155
476152,476270
569427,568891
26557,26059
24356,23481
313214,313209
341736,342265
106304,106164
176884,178935
208913,198712
72236,73025
561723,559833
386741,387035
538744,538726
114432,114395
84569,85309
156954,156716
404673,404002
142338,142953
249148,246036
87689,87635
399431,397112
59381,60228
28123,23524
136588,136596
305913,296627
287988,290438
50310,50323
501653,501265
201383,197354
377892,377889
110626,110401
559886,558821
397987,397896
383793,381382
463304,463489
354819,356366
44527,41574
505763,506959
263862,263875
41033,40700
116706,116296
107846,109055
387563,387385
368343,368332
224574,230775
238682,238655
39443,39215
193530,172897
214966,216501
2763,938
85039,85207
549078,549074
151742,150950
229916,226353
149037,148839
563577,564881
126814,131428
420505,420836
343781,343124
152306,156361
278486,274846
227619,227450
30799,32945
256638,256558
193673,191268
109002,107588
475637,471585
472498,472400
102269,102252
70794,70983
151346,148856
77853,77243
461968,461308
136660,132819
19012,19989
148873,148973
43394,43135
435398,435415
344261,344269
393319,392351
206249,206319
291100,291098
185957,185963
573141,570881
141843,138139
105581,106037
395822,397896
226421,229175
273510,273494
202313,204696
216111,222930
150887,150920
125635,125639
493607,487450
166588,172075
266,199
560482,560066
537891,535843
487501,476735
120688,120545
438695,437764
271376,273427
83444,83458
117398,117249
453151,452743
574064,572976
77832,77789
209266,170155
199,266
187217,187828
269177,268828
26731,26964
407794,404673
85596,85743
20091,20099
277715,277681
78686,79017
140049,140368
452419,452420
558940,564260
350083,349858
12917,34241
236600,235074
460261,460257
234743,234750
335244,336023
411610,415747
97025,97247
8206,8328
528011,528936
167104,166060
113681,113670
389041,389031
45392,46376
415447,420343
276415,277840
497828,496492
23481,24356
532186,530144
189184,188266
181667,181128
46057,46012
96696,99408
563577,563405
51362,52103
409666,408257
316217,316237
100547,99738
577798,571162
37869,37888
8703,8730
368155,364711
125625,125620
148623,148662
87433,87239
101777,101068
244501,241397
186437,186279
383293,384413
74513,75360
135398,135393
282640,283500
23213,22447
235488,235634
102469,103281
567752,562519
210096,208838
385666,378588
97481,97247
165191,165588
345096,349071
457287,451474
97324,97263
188779,186244
494177,499360
256265,255631
388550,388928
367298,364100
293765,295532
279994,279121
420347,423631
84540,84676
361335,363112
536394,529152
274776,272625
284650,284574
284501,282007
403688,405597
96839,96817
490122,491629
71721,71536
87549,87548
542774,541166
84032,84061
138406,133475
196645,189348
106862,106765
516406,515781
330129,330139
484048,486868
333105,332713
17949,17430
179918,181760
419384,419396
343532,344057
43649,45510
568816,569168
38778,39122
128094,127157
115393,115386
271482,271438
563405,563031
521711,519778
123163,108825
301979,301978
391911,389757
115628,115633
30119,30100
116875,116937
188064,186783
440822,443239
496492,497828
416354,412590
83046,89641
410238,408916
84365,84405
303630,305967
39414,49670
518681,521640
317586,314207
62917,63048
54314,57715
37319,36376
203722,202175
74758,74870
588521,589124
563696,562402
51001,52715
277451,278202
434141,453877
483766,487289
520397,520389
135186,135189
433300,431569
380557,381355
55121,54401
10050,14646
69447,66870
115242,122871
157821,161562
122802,121223
109659,109107
417771,417472
71443,70921
97042,96475
96357,96372
583210,583753
286351,295176
77290,77561
510185,509764
20783,20785
535095,537725
357336,357086
222452,223794
478099,480004
460273,463463
195547,195575
44485,44172
160312,160307
588749,588735
247942,247900
157659,158386
314408,312010
4231,1894
77716,77561
84917,89566
426551,431311
253390,251983
298569,284855
48427,48188
44204,45219
518447,518695
520458,522869
539691,536465
201145,200733
368558,368677
107501,107491
87118,87017
227564,227554
506797,506791
298169,298103
356783,353099
117026,114533
102147,101888
116101,118161
11245,12302
103281,103480
150999,151003
531831,531031
293765,293251
327530,316775
9151,9032
156479,157657
74166,73506
261548,261530
581877,585791
72900,72899
370938,367941
387158,393633
487310,486616
295130,296654
503649,503332
188789,186879
74904,75313
497038,493263
487310,487555
383424,384412
171584,172119
68507,71589
455106,432691
315278,315918
138094,139940
405005,405739
36840,37117
309026,309165
183966,184295
8339,8349
125629,125635
579372,580304
77418,77425
215008,209266
77084,75859
570614,572616
581414,583010
55034,54434
242530,244250
318932,319467
10063,9433
11144,28195
370801,370810
45205,44887
561757,561889
426548,424865
23638,20425
498722,500933
50933,51081
326603,324978
413772,411422
410210,418550
205904,208646
584498,589439
223293,222934
116370,104698
178314,178072
305006,304811
46425,46438
415864,415935
479030,479037
436210,438971
53657,53592
30064,31279
450883,447010
83690,82685
274806,273487
208848,213725
367384,366934
27112,27197
286026,282747
110375,110379
21435,22631
498692,499727
423951,424865
127478,127464
583603,582305
194988,194993
206641,205855
2568,2538
310557,320137
1202,7
417659,417178
402219,402214
159856,159853
195474,176577
349858,349850
235116,230527
329086,332075
364005,364074
303068,304817
93434,93756
241739,240606
172556,170618
95501,99717
526401,524492
326508,326514
475544,475532
361162,360716
377134,371754
93461,94239
159443,155496
415847,415849
39446,39436
94395,94265
553978,548768
109003,109076
578093,577986
207825,186942
123331,123311
35073,36149
156041,158533
374400,367750
451345,450534
283433,283431
326626,326711
427282,422445
110682,108697
399380,401176
327752,327496
241792,246228
174052,179176
258164,259674
86179,86163
531002,535849
108726,109333
342194,341079
225463,228887
533336,538956
527991,527804
10187,10063
189200,174491
240028,241372
440253,441028
436027,436098
51179,50950
312431,311069
584127,584236
78696,80487
66205,66274
445090,447805
585183,585972
149453,148424
265607,264954
465487,466642
501154,500978
218865,219403
238876,237265
86453,85742
553689,551428
266237,259873
89194,85066
3279,5261
206356,205550
49004,49943
208360,200417
554820,554442
108882,109041
83704,87681
226352,225736
46040,46036
102195,102360
488268,487555
468549,470279
461543,459681
360570,361796
191823,190667
589112,588413
518279,517448
244250,242530
72458,73386
103260,103623
140556,162777
222600,222537
55407,55121
115929,115856
525107,505301
133030,132895
541982,541999
534422,534225
261053,263295
213961,213982
132939,129744
277715,290086
584890,585295
326939,327318
162977,158831
303650,306729
18341,19999
366093,363020
571561,583754
517488,517484
549463,549076
83915,83905
521756,523579
34615,35539
173879,172161
182803,182770
28825,28844
388494,383362
533397,534589
79390,79847
12552,4265
68430,68417
23979,24206
228520,228500
387712,390651
37508,37297
86716,86636
313247,313243
316309,330675
66044,66059
155845,157519
102967,114085
35883,35818
480516,481408
400548,400553
434261,435221
25804,26096
230297,232628
55626,57248
396369,396378
99175,99409
345096,344322
226583,223120
562250,561314
492833,493374
572299,576462
185963,185969
281082,282816
44365,46617
66757,72882
42188,42181
586339,586278
393285,393308
75901,73816
503921,504585
437096,438098
21595,26219
136416,136009
503805,527041
541311,541682
578938,580227
404851,404898
107708,107702
185037,184999
69877,69327
555541,554820
369124,370107
367596,368561
50608,49069
37563,37488
319890,328245
337354,318541
195419,197354
376687,379872
346154,353435
316620,323881
53731,54322
43663,43850
103715,103882
392406,390464
255473,251016
459901,459405
91672,91522
584127,584049
330883,328831
391675,389427
494719,493981
89987,89992
28935,30031
178957,176636
539186,540388
31606,30279
46471,40582
576570,576731
105688,105670
454075,453403
412314,411180
115892,114498
248148,255725
2538,2568
189590,188960
263714,263823
99733,103984
566149,565178
567088,567083
63613,63637
241792,252941
161811,176577
59950,62954
32420,32431
350293,331900
553858,554409
557142,557136
68417,68399
184012,183999
534589,533397
342268,342264
461256,457343
233200,233063
75124,73453
555478,562310
200104,200057
27541,28784
427810,426402
106078,105959
92853,87617
176427,172381
232835,229151
393956,393946
106765,106862
357927,356188
108303,108372
157624,159278
584772,584456
183781,184601
187965,182889
126684,126074
336080,336031
413293,412244
524043,522869
42181,41978
551586,551375
366474,366473
327506,330904
125663,124709
14269,16234
420188,419978
575442,580864
15872,14921
73524,73478
431861,429772
542582,543631
566357,566365
77243,77853
182881,181469
125946,125936
148973,150497
96895,96536
296070,295217
328763,320444
567838,562588
483497,482984
67680,69179
59621,59772
167951,156404
67736,67768
478581,477607
109876,109795
25915,27214
29412,25326
62421,63059
229610,229767
554762,554518
203264,203232
256654,256640
385846,386778
106781,107125
508930,510878
361120,361755
161425,161318
74037,76456
558646,566285
417742,416010
454924,447523
140499,136660
551650,552433
14099,14459
156172,155767
482633,480448
510160,521253
295318,292333
263515,240819
98815,99952
480325,478912
533332,533336
424727,421193
63991,64026
570879,568165
216626,215405
36431,43460
246578,243028
82927,83293
273443,271821
567758,568970
332075,329086
114655,114634
426246,420532
65925,65859
69179,70629
499364,495651
27197,27498
541395,543370
567870,567871
65133,66044
89669,83995
92345,92501
109980,110228
477783,472984
234750,234770
202721,202915
189266,189184
503329,506067
40224,39597
391551,394411
498270,498130
503511,486301
261523,261530
121013,119288
162583,138531
89641,89652
174799,173450
483675,482211
342693,340913
84234,86667
303123,304717
229205,229168
29577,27701
34623,30680
204589,205037
9032,9151
499885,499429
133842,133846
48825,48775
118161,119759
319879,321721
357054,351309
560977,566144
560655,557233
92173,92343
326711,332139
117249,117398
451922,450008
248315,240105
39122,38778
401022,400220
295901,294090
377889,377892
187292,178795
163119,156954
241620,241642
344057,343532
96766,96693
290862,292255
19971,20269
65063,65008
309680,321881
15330,16787
83293,88048
80485,80332
166085,165229
111898,112443
505301,525107
403080,402870
5629,824
30504,30319
111977,111955
304666,301794
96396,95820
282640,281544
106037,106255
74851,75089
80360,72874
112357,112361
436160,430805
38160,38151
313214,313994
267719,264112
481623,481903
95667,95795
92534,92483
227786,223727
151575,129796
153339,151971
38258,43762
470673,470410
567735,564881
73535,73025
156850,156397
306729,309110
61367,61717
42178,41977
262427,268405
567594,566339
446322,450899
422599,423602
122053,121513
394274,390364
122532,122679
418537,418514
9503,8065
489448,492553
100596,100602
235695,228598
284199,284200
537563,537268
563539,562580
494775,495959
263576,263515
15299,16645
268851,269764
127243,127250
542303,549774
416354,419144
318705,318689
237674,237371
205375,204901
293313,292647
15689,16049
2422,2369
545060,557121
424524,424568
267286,265303
245559,245844
535896,535913
457899,453764
571833,567666
63351,63613
203599,205855
584464,583579
148962,147356
349063,349043
74447,74557
447805,448083
470854,470151
366360,366371
75822,73013
456809,456362
269777,267404
386974,386219
111052,111320
85437,85233
112275,112230
43135,38714
561196,561184
318617,323140
66626,65853
533934,533859
135184,127121
58712,62462
18815,18516
456436,455972
446696,448941
527334,527332
196124,195694
453877,452932
379616,381181
193268,192101
105072,95991
298035,298642
403677,403720
472225,473160
11446,11434
105411,105256
77724,78691
388533,388525
96857,90393
167705,167116
8336,8456
40781,44915
358113,358555
78260,78112
13371,10522
63348,65519
368929,364756
26403,26779
128974,125451
320842,320776
361788,357905
114552,114937
425881,431223
410333,411064
484048,481558
94563,94390
95554,95731
105477,105852
499257,496774
575007,574280
518736,520225
310500,308385
112646,112657
189483,189492
215734,217483
324591,329093
25881,27205
292448,291474
494384,492383
506563,500817
120008,120042
95353,95983
512467,504793
105072,106274
484774,520292
471827,468121
378259,377907
63048,62917
193819,199262
114565,114367
17050,17110
244935,244918
398087,397570
179481,182245
369814,368437
450696,449632
399251,398058
244738,244754
97916,97206
62816,62917
419291,418543
417653,421555
551838,551840
581730,582795
116538,116505
73386,73788
225736,224998
560655,561047
113284,110954
116004,115817
259958,258789
426903,426857
470383,470379
176076,177255
331502,334461
502592,497671
98949,98372
103941,103744
307778,305249
96356,95913
204589,201280
234875,234633
222615,218663
940,765
90251,90146
350032,350007
170923,169841
386047,389025
140962,140974
41446,52339
231289,231726
112048,112037
434932,432426
538824,538767
323285,323505
191268,136251
553463,553453
285542,285539
91355,91522
539808,538910
165456,167155
76234,76311
14272,14631
273073,272024
161800,155962
120757,126814
60333,58508
440762,440775
150446,150994
88532,89540
102945,102974
180697,181128
466369,466220
59447,53396
121188,119803
253637,249559
563531,563524
493610,493607
428936,427891
326155,326191
41143,41145
330030,339939
66849,66596
69946,67245
239003,236129
283433,283435
87265,86429
427452,427556
256498,256505
370780,374877
330030,328046
315813,309828
200997,198692
245874,247441
48678,43762
131239,133842
298569,299277
123338,123331
450577,450558
220327,220707
383362,379944
486330,486166
249813,246837
552337,550708
502869,502004
262427,261615
73535,73590
161318,161425
431109,434786
293194,296769
201436,203061
82216,81997
102318,102421
476270,486485
205531,197335
9342,9086
535159,536990
129622,138266
443239,449370
45885,44813
272984,270746
87951,86137
298775,300442
7036,8377
365368,364327
241139,241829
512962,513071
107657,107500
534549,534967
149749,150799
181337,181191
99787,100998
357086,356568
448348,444188
358113,356408
226288,228199
72986,72570
43863,44048
155542,155136
49943,49004
519983,519978
505067,503479
106830,106940
194993,194996
111332,110987
538740,538748
47771,48295
555861,555473
124182,137561
95500,93698
332817,332144
572385,571188
535247,535251
524043,524215
13232,12703
279818,280432
450534,451345
251978,244765
194143,193671
229095,229782
182256,180161
23501,23646
191855,191848
546627,545173
176140,172515
462933,462936
68891,68981
291100,292448
351784,344843
568150,565741
163691,163789
279325,280283
93695,93698
536481,535545
44342,45698
191030,190021
408678,412244
82561,81711
188096,187858
417128,425414
66570,66644
111117,111317
92320,92367
98625,112717
92131,83046
499276,500049
95260,95284
424176,421901
349212,349276
335344,335376
204276,205426
512012,514443
342087,344059
520389,519995
209455,210654
462351,459682
66196,66029
29494,29491
51540,51147
77444,70921
209824,211460
544926,544183
33234,34154
578938,577198
378245,381823
84191,84449
9772,9638
131830,133342
125535,121816
157980,160527
427575,427560
292448,291100
105786,104139
538648,536394
313259,313741
110338,109993
104534,104154
127341,124245
288199,286186
100764,101719
145266,148901
100268,99071
31370,21116
242262,232172
436813,443590
382184,383289
26231,26247
399512,399553
509834,507287
238639,219584
315312,315266
569026,578704
469998,470410
45219,45704
400553,402674
449250,449057
342911,342361
201280,204589
222198,222189
159472,159359
106274,105367
417178,416751
72875,72552
242462,254460
363570,358919
65194,64259
174597,175628
565639,559418
106231,105670
141074,141057
155313,152618
473830,477264
86524,87438
319467,319740
46471,52024
373093,363067
270843,271391
73015,73097
291331,293729
115015,113774
496114,486976
482112,483464
527193,519965
109164,109055
104193,103971
30352,30894
82956,83393
243043,243959
308545,308551
485842,484406
18699,18719
32521,32621
97241,96238
583335,583567
42486,42968
405349,401451
80374,78090
36037,66438
68557,68517
563632,566235
155086,156129
62788,62699
268845,269276
109757,109168
489051,488652
545060,542707
530456,530459
28784,33682
550704,550708
132678,131990
239324,241058
267624,269543
144883,145028
107257,110091
46540,46636
105622,103952
135184,126694
1089,998
500400,500392
282003,282023
365793,365688
587612,585028
57078,57030
342867,339489
441162,441782
144904,146255
541004,541921
327533,329647
325119,325268
358968,357353
527804,524575
511488,514636
105975,105918
297229,296654
92350,93496
521389,517828
47663,48254
589632,589638
264108,267001
106271,105687
299293,299873
203163,203130
100855,100896
105662,105579
441457,443019
97866,108825
81322,81531
490632,491097
356603,356599
161562,164013
385846,379561
182581,182604
84524,91214
196124,197845
319869,319964
52787,54283
224805,222235
536212,530298
50242,50360
70241,69905
169209,169288
442710,435419
431110,427601
547835,548084
81487,82106
242331,241897
561184,560076
414814,412652
355030,355818
411039,409873
272468,272683
106714,106741
402399,402406
78492,77388
159185,159650
551681,538621
108296,108523
129788,130559
400548,394922
83615,81553
586518,587991
76224,76217
150399,154051
548665,549076
532119,530569
576585,573368
526131,527831
74201,75631
89546,89769
108253,109765
213623,209429
501265,498829
331900,306188
71637,71658
459850,458963
23283,23170
376119,375878
327496,327000
375857,375878
516526,522314
456267,454075
75067,85702
526851,526965
475315,476027
303630,296392
310922,312457
222817,222127
352011,368553
63052,65941
542633,533937
114113,114142
100268,105918
284415,282032
317178,319332
232063,229754
62040,62245
390421,370768
386301,386236
176582,176757
188266,189184
302548,306802
320842,320967
33716,34278
418326,418322
219567,219519
358927,358855
289536,285720
44282,44276
472672,477022
452406,444301
486616,486191
117178,117296
83995,83382
67555,65271
133191,133061
75725,74694
318463,316932
86660,87757
223322,223709
135393,124937
412931,412314
468235,468243
303408,294612
301831,302973
190272,189735
460999,462286
284044,276746
312898,311267
387631,351714
380279,378386
578378,586942
565055,565059
158358,158769
316850,315813
349730,349726
42775,42213
38391,38387
451474,457287
534870,537615
58971,61095
129796,151575
89416,101833
93788,93756
22863,23202
497072,497848
5627,3494
86636,86716
183694,183697
50505,50933
53702,53506
64735,64660
508040,509516
62720,63750
114085,121222
23077,24070
85428,85525
96828,98193
330236,329134
144021,143616
60684,57452
294090,293982
519778,519146
36951,35883
81092,81366
130556,128416
253962,253321
22247,17577
214449,211270
112196,111941
73834,67514
366655,366673
136564,135189
334461,336471
543613,545314
38771,54203
287292,288601
357956,362009
153401,155565
117274,117272
483843,485345
303108,303098
475544,484587
64303,64198
457392,458235
489448,490947
504793,512467
553179,544436
89062,89546
84623,83569
357241,357718
395439,409850
484190,481669
37735,38193
368556,368558
426022,427891
261735,263808
74758,74557
437375,442433
64944,65133
302110,314899
244978,248272
302876,303098
560925,562364
421186,419245
16079,26521
138105,178795
88257,88745
164647,163393
74329,73104
503614,503319
496930,496936
30318,30131
101550,101559
31370,37575
371800,369792
46109,51179
130846,76826
317077,318689
66283,65063
205037,204589
9497,15288
279723,281407
220636,217331
43784,43812
373030,341294
79295,96102
390603,390600
76111,74543
468959,471901
466717,471766
561196,565055
107366,106977
265607,266654
124183,124257
66596,66849
441028,440253
118720,118711
314227,312790
183999,184012
273494,273510
19916,22176
213725,208848
211403,210639
538772,579037
123547,121013
458387,450353
375020,374927
177880,177788
199914,203591
582128,579678
128102,128104
539196,536173
302698,303310
183989,181230
98328,98309
284285,283037
495823,495931
238799,243040
214683,215317
453147,453143
327318,327533
559358,558341
351632,348293
384861,384834
176871,174713
533553,527434
505278,500699
124682,125085
233476,232963
75298,75328
43771,48033
553171,552922
465420,467254
188301,185688
113359,113576
538442,538693
180097,180094
125832,128149
406831,405340
300132,300553
80545,80660
87951,87967
36510,33883
413401,427836
559585,566210
154998,154274
219303,218615
206249,205982
218029,218871
50569,50357
62705,62127
499319,499429
426249,428673
423125,420751
153906,154197
388262,388095
114281,114157
191848,186896
455972,456436
226421,226394
339939,330030
256417,257699
534374,533948
109794,109829
142815,149639
145365,148429
62375,62373
275997,281232
66283,66620
394808,395079
137772,140865
394495,394582
150703,152344
506067,503329
111673,111955
110986,111025
273432,272311
288047,288101
408260,409643
61896,59463
440900,429574
493610,493611
87433,74525
69048,72515
92820,94012
189667,190581
251254,250886
528719,526673
99537,98091
566841,568607
280660,281948
514443,512012
259305,261341
411949,410554
303619,307506
339898,337710
411180,410753
185758,185708
203897,204658
152459,150091
314899,328336
59691,60684
484251,482084
154051,154281
110529,110533
83792,83588
249,1520
78499,78453
542292,538881
434141,437296
47268,49796
72967,70104
431031,430935
157993,157358
19291,26101
181968,179214
113049,113214
90011,89992
530298,536212
85580,85596
103308,103514
416234,412815
101637,101660
50079,50209
296299,297633
333833,343369
288364,288292
378657,380214
301930,298821
106741,106714
522166,529336
398058,399251
31480,22956
87456,87451
333513,333191
506357,510341
225155,228095
296960,296941
94437,97211
502849,498457
562250,563632
535418,518922
67235,67685
75942,75593
373500,373970
182299,182306
344308,350007
238605,238799
107336,106873
223120,215956
351434,352012
537738,537787
115926,116101
567783,580096
264652,267145
70839,83949
485345,485885
541767,538389
63637,63613
17572,15830
438337,439461
141487,142302
141119,141906
244765,251978
78685,78696
143252,143037
467951,467254
113382,113534
254460,242462
518320,518345
459969,459787
977,999
563167,564219
123645,123723
401598,394346
340998,345062
351698,347116
116201,116282
27702,26779
279841,280554
275997,275918
119024,109754
503192,501559
83863,83857
138523,134611
23698,23359
236581,226603
107409,106731
57000,56995
460119,480268
109590,109596
453151,453158
568639,569827
504153,504162
469411,469581
108158,108512
296392,295813
574179,574280
305191,308413
117696,117479
233528,233958
456446,456424
324741,325099
340408,340254
585429,587354
453307,453297
70967,70655
402673,403628
121839,122532
443911,449459
113422,113417
44447,44132
55074,56096
426943,424089
189135,188789
138406,138883
504463,505118
544153,545553
264954,266654
58379,58202
257815,258156
285539,285542
143223,142941
317248,359271
104015,104128
87200,86894
165514,163088
541052,542287
381842,380496
493607,493610
96875,96913
173079,181005
51192,53396
181791,182117
161609,163619
431569,431339
476083,473620
116370,127663
224490,224485
118729,122721
541767,542390
456267,457165
232299,232963
283651,286066
557036,555220
245682,244539
12074,21646
466726,466512
22734,23170
51103,66536
4741,4237
107264,97011
319767,319447
498528,501559
36261,35434
248793,248277
227422,236559
103064,103101
235420,235110
53968,54003
125645,125855
375368,375370
73343,73132
367099,360491
58331,56925
131922,126629
72882,79338
130371,129795
242093,242273
19775,25464
69485,69537
546710,546156
75610,75956
68399,68336
319740,319879
173413,173845
258259,258280
184800,187217
39092,38946
93482,95501
96738,96934
466915,468612
22479,21846
92303,91830
44802,43810
278080,278088
524727,523859
239334,239902
102052,101798
83905,83896
111734,111453
73453,75124
111772,112499
59219,59211
450008,448971
73973,74601
258413,267741
364506,364582
322431,319008
98408,99071
468871,468891
256580,256699
374502,374427
101765,103030
423455,424937
450212,452534
116386,118076
68194,67664
286186,288199
102640,94747
318932,318914
468901,468891
393164,393310
227554,227147
105443,103028
174027,172687
131890,131897
339031,332624
535775,537899
26201,25283
317538,317533
524843,525107
27541,27532
113757,114647
349276,349212
324597,324759
93503,93829
31678,32420
924,911
567869,567870
546018,553071
117270,118365
504702,507549
356472,357840
131860,131846
488219,471082
248984,251846
488116,488108
360591,361368
210183,210755
554029,565066
317545,317549
76690,76267
343678,350392
53635,53630
276391,275738
522673,521596
37869,36961
543305,542774
366239,366263
29491,29494
61905,61914
391126,389167
93696,93419
90167,90107
388928,388550
31587,31497
201259,201435
473897,472826
109614,109324
18740,19342
535798,534984
577821,582088
537452,535888
44527,45132
265671,344843
432593,433141
55835,55932
155496,159443
413772,414736
553444,549463
348916,350292
509743,509914
318539,318541
118711,118706
377544,374856
157874,157934
378825,377464
59249,58890
45772,45400
114198,113719
150072,151566
360692,359460
423602,422599
445751,445696
304822,329134
167155,167245
163466,164240
198373,230379
530798,530794
299586,299054
6076,20769
192723,193112
335915,336515
158896,159096
69946,73104
531989,540275
364338,339736
237715,235957
471082,466897
425937,421743
89812,90026
544569,537160
96372,96373
74793,75092
316917,316905
300553,300132
75914,75725
483521,482236
183913,183894
394143,381245
300194,300199
271520,271503
537052,536788
575968,576139
237441,239114
563025,563522
116010,115508
483030,483288
256472,261651
399468,397006
491812,496473
95870,95731
61630,61546
7098,11731
301981,301982
206555,208590
263369,261352
395553,401013
94746,95177
309818,315891
109017,108905
97899,99141
217508,217536
20373,20741
68399,68417
261623,255382
275166,277039
582528,579988
285248,287971
292462,292102
496511,496496
484942,484019
315251,318003
161605,158400
102382,101633
391546,390879
515702,514030
62247,62245
79338,81040
124339,124937
375408,374826
108252,108442
46580,47275
92350,90414
553655,553684
72588,72475
166250,131799
151982,150799
303408,303610
45400,45099
53424,53731
109216,109249
66606,66549
351632,401451
68626,68557
25969,26011
496781,512548
261437,274574
462479,464653
51631,53607
50950,51179
154890,152838
4955,6609
234877,234874
498494,498167
13415,13327
115218,115803
192305,191877
472968,475535
493981,493961
100499,101161
22920,22935
303036,303980
95795,95667
372162,371182
98339,98584
92343,92575
441712,442095
114208,77444
316227,316295
113690,115196
93900,64499
135406,161823
221846,218064
106538,106466
377447,376025
43135,43394
416751,417178
295160,295569
584018,585297
166542,168901
114797,114591
103037,103108
381494,381370
69206,69882
308480,330171
449159,449002
31499,31573
415483,414401
45176,43781
590070,589494
453825,453830
368316,368297
354466,356319
500085,501300
76795,58964
52134,52618
547321,547359
442843,441860
541794,541074
297165,286850
287517,285043
115436,115234
132295,132740
555147,556191
345132,356742
290343,291056
95182,95170
325861,325858
89153,89213
135250,134999
47329,46668
496104,494107
318292,317806
90377,90533
510416,510088
517656,516194
62788,62813
310514,307860
297914,301059
198860,195516
354316,338601
111349,111752
576462,572299
87349,87395
256699,257282
111890,111352
428558,421794
299749,301974
88016,88612
524473,523456
216989,217134
515695,512672
177608,183870
342353,342415
94747,94437
79987,75822
539855,541074
165508,165499
64797,64416
47201,46617
61207,63834
22408,23378
169676,165536
464962,471483
472568,473186
88187,87689
436792,436813
418388,418346
378350,378891
505301,496499
303735,304168
284941,284203
313348,313309
137014,136747
82214,81260
377008,374502
537279,536875
197354,201383
241595,241620
550703,550704
348293,351632
280772,279026
65357,65520
238682,261437
71390,70630
83934,83915
91542,90417
552503,553877
503649,504312
305727,302973
104387,104569
446480,443630
327043,327035
234633,230920
359460,360692
530990,530590
54401,55121
588115,589630
378343,381079
418541,418537
96135,96460
92227,92563
574049,574055
358993,358947
470173,469156
149902,149037
370938,371149
245561,244882
44006,43850
30861,31853
69316,69301
498343,500978
109395,105347
112559,111944
310242,310234
487364,486088
360387,364815
63030,62964
66999,66548
534730,535411
102776,102742
434839,434821
10806,10871
134322,133662
289255,289272
186879,188789
456893,442782
256456,256452
557302,557298
99045,98922
70104,69882
111013,89416
158769,158896
95284,95260
425038,427672
525726,525573
546394,549414
393285,388730
116890,117583
98408,97705
318066,318030
108583,108828
408526,408180
365190,367820
498917,498947
423125,425911
536957,536153
460384,463306
27045,28645
70542,70616
441782,443511
74086,67820
6889,9089
409959,408526
184145,184943
464271,464232
1880,515
328661,326864
390631,390879
499790,486804
451703,451492
375373,375397
240133,239060
25010,25174
255607,252854
68430,68645
248272,251614
488472,488471
105016,105008
365969,366780
95933,96032
361915,361368
382686,382890
294028,232038
56350,57157
316259,316264
306839,308457
64952,65271
382417,376057
105989,106682
390600,390603
502382,502378
117171,117178
164483,164013
246475,245305
382996,381776
17978,18616
147772,142406
75891,76948
221847,216626
167718,165508
500012,495268
248277,241354
64025,64480
401136,398857
244261,236234
359527,361192
175483,173879
221543,219783
210096,215405
465552,459969
493874,493875
512421,508486
455211,451028
207752,224792
91428,91821
464258,465420
58871,57595
540595,540242
73025,72236
549151,556871
259413,259402
435881,436718
57424,56388
6803,5261
89987,89870
227496,231171
278486,276688
319447,319767
413997,413488
337032,334933
215773,215783
554834,555344
58871,58884
52579,53291
97792,97825
274604,274951
458848,461763
227566,227564
245559,234419
478228,478792
185036,184601
236835,239147
101425,100147
391533,389198
157762,158205
64562,64415
112275,112348
545052,554853
114847,114869
88795,88781
279541,280242
304181,304178
102282,101646
428127,430525
145184,145686
162777,140556
450331,450323
55710,55752
294351,295160
213982,213961
426410,426424
239925,243297
222209,222198
279787,280806
351673,350580
582125,579037
98217,97923
188553,190481
274951,274604
90292,90990
466088,468727
198712,198627
432903,434178
81608,81531
49653,49625
229247,228520
387046,387098
279005,284153
151934,156829
132291,136919
488405,488402
157624,152740
266654,269196
260835,259851
486186,486184
57076,57478
136446,137660
75067,74086
520820,525369
321743,321561
425550,427794
286241,286703
136919,141263
507287,503087
536781,536248
342862,338104
455142,456013
580067,579904
44043,46257
369503,368155
476332,470514
478995,481259
496778,494720
21318,21280
93419,92928
129690,126247
65002,64797
277772,277963
54919,54202
190969,189590
203618,204389
99156,100147
80726,80459
8674,8703
457576,457607
156850,157617
576605,577413
44210,44276
349473,349088
388550,388542
537466,537266
242872,265023
316892,316905
56121,56113
542910,549151
140962,140958
304471,308157
106741,107015
588959,578681
2941,1202
530215,530220
372195,390167
398607,395630
23524,28123
251110,250202
545553,544153
80686,80629
513071,519146
478900,477184
166737,171060
282816,286507
41130,41133
416830,416910
544217,543716
403657,406083
461509,461510
540242,538597
370127,374505
585671,587859
550578,550577
3043,2768
493557,493580
267404,269777
98998,99133
163783,148623
461291,464441
383388,387781
40420,40569
179214,181968
391226,381913
31397,27702
74543,74354
447654,445751
56617,56643
575710,572881
289754,289750
585112,585020
256498,256489
16526,16049
144735,141731
468298,468602
63348,60778
286518,285909
446039,449282
116245,116505
41245,41971
86461,86022
122749,122920
236474,237237
75160,75053
556576,555103
346970,347753
178820,178792
111111,109333
39906,36510
65421,65399
431130,432614
385243,386823
540230,540949
332514,329899
47885,49721
219783,221543
126795,125946
97741,97783
162791,161312
372696,363067
350193,349803
119739,119957
494293,494290
430916,430187
435442,432376
299667,298913
438695,440708
129351,122457
399500,399498
444188,448348
77369,75374
115915,115946
555370,556186
415280,415284
464353,464398
214595,215047
415852,415860
34271,34024
27165,28672
172767,171794
399305,399380
585389,585381
106538,106873
546394,544047
420751,417099
73478,73524
529689,530391
290333,288197
423413,423455
295219,290729
32433,32437
15658,16322
425257,425237
195694,196124
90193,90527
587906,586101
564223,566339
471649,455106
217749,217519
555478,551531
115977,116019
287601,292934
99936,99145
157519,155845
405396,418057
20269,20662
198363,197615
553463,556633
477515,479142
155136,154724
540957,540607
412515,409469
217517,217519
388043,388500
213166,213052
522512,522516
527720,523571
236458,234878
174441,173299
589989,590097
362009,362237
210247,214395
392475,396689
73049,72986
175692,177196
9411,1938
469269,468754
139936,136564
69466,70377
300790,301769
69634,69961
298541,293293
113686,113874
80199,82178
191766,190581
286429,254940
571158,571162
429005,426862
278033,278947
585295,584890
247375,247900
129796,129757
585112,585183
90377,89785
297019,297015
160418,162278
191036,189954
105477,103368
137848,139124
14646,10050
254906,260756
82278,82672
381918,382215
28672,27165
283942,283617
361335,360929
258413,286351
507279,507198
396102,397260
455857,464653
131446,123163
38391,38395
206117,206274
225736,226352
473713,472176
127435,127432
250318,250310
475815,478912
361904,361207
107253,107244
560267,557566
262820,262403
106873,106434
418550,417768
373476,374332
39446,44043
286866,287320
542774,543305
122920,122749
47610,45515
22956,31480
433777,436007
473189,472556
280866,280788
190502,186182
133902,132625
123658,123617
224761,220794
504215,504349
587919,589748
363936,364514
568152,569048
228336,231806
166435,166615
95206,95650
105177,104499
273679,270155
234791,211914
370647,370626
523045,522816
383812,383063
489724,491412
538553,550746
204276,203584
420921,420891
97741,97730
78166,75480
357647,358229
97246,96970
391423,396629
217331,214540
268999,271821
188571,186070
425881,425035
453135,453438
580336,580054
67973,61684
219519,219515
71207,71494
208848,201580
480305,479080
374239,374236
421743,425937
116706,116772
17973,18195
461285,461778
86453,89194
370445,370626
75578,75593
136766,136189
170565,169877
133239,134643
58354,58339
276410,276415
48029,48211
43303,42958
109768,109287
53406,53424
309479,309476
207097,207293
81552,81442
167315,167269
561918,562954
230297,229530
92817,89721
182701,182936
249110,248956
120074,120085
95381,95734
559403,561906
199906,198046
254676,257074
207741,207745
373093,373118
360116,359951
261667,259443
422445,427282
127916,128861
281090,238639
101702,101691
387418,386301
340006,340016
470538,471649
498130,497573
515882,515885
578859,580246
265038,266868
134134,135040
504153,502934
304472,306559
107500,107284
396102,392885
88141,88099
146171,143798
584456,584452
213711,210038
533561,537452
94609,94857
275779,281004
346154,343921
483496,482830
393698,395051
285043,287517
82955,84524
178024,181062
504215,504162
570432,571732
403519,402421
303133,305824
92928,93419
158128,157673
443739,444741
196322,197039
252110,251849
409050,408451
37546,37203
299586,300778
87457,87416
588757,588751
87200,87760
389347,389429
277219,281898
98633,99787
85743,85865
172685,173084
479442,463616
538456,538733
491071,492551
224540,224529
403160,405470
133821,133896
277990,277988
270869,271604
272510,279443
381079,378343
89194,86453
363949,366201
446039,443110
581781,587013
471082,488219
283192,283200
62450,63255
371754,370773
113087,113380
120029,120021
30131,30318
472399,471236
589124,588521
273763,276970
10871,11866
101560,102068
186525,187915
486623,489090
55001,55470
49010,49051
51735,52568
241354,248277
38162,38616
124257,125936
92529,92501
487161,493088
18845,18876
304611,306047
203099,207130
8742,8760
267873,266819
454955,451922
420882,420883
344242,343808
197046,197554
512114,513956
579115,581608
105670,105668
116245,115944
381181,381198
578075,576618
301769,300790
102442,102469
443401,444075
191116,178205
243451,245563
112003,113140
478997,475535
227478,227103
481669,478637
63677,63667
220154,225463
219478,219996
128516,143191
336676,336727
360115,338601
75053,75160
364918,370869
426857,426903
287725,287202
48658,49083
401983,401982
281861,280558
371781,373238
91355,91213
471404,476457
160145,167356
115068,117233
29681,30350
111332,111349
271529,273019
20778,20783
284970,285539
38685,45799
395749,395404
105564,105352
179528,178802
298722,300365
70632,70647
147051,183186
220808,223354
294239,294089
228776,229610
280772,282226
134677,136727
322375,320076
207435,206430
339564,339214
470022,470898
338409,338408
450871,450696
128673,129514
508228,511779
75946,75669
512414,514866
554346,549774
167507,167520
86747,86665
560947,561757
408545,408105
25283,26201
409305,409321
91672,91754
153452,150010
261724,259469
489664,490182
451367,450876
10522,3574
199491,193539
513852,530990
91833,91298
540699,538101
455151,432426
68036,68024
275738,275234
216668,216989
172381,169237
41101,41094
586898,585295
56917,56537
59878,60331
587920,578375
104184,104161
439639,441910
528133,525407
323140,327597
109645,110011
579508,581123
336202,336149
342602,342773
76611,75631
380389,380287
275521,274603
270306,268405
382560,377738
286647,288200
44337,40747
167196,238853
131153,131799
121859,120159
41446,40166
244555,230379
126218,126372
280283,280452
570614,569575
357905,361788
23362,27716
536229,537483
313557,309596
67231,66849
34301,32792
160234,160445
103480,103792
229838,225959
275078,275322
401598,402543
444075,443401
302110,296708
541166,542774
565266,569240
52031,51695
102584,102873
287150,286518
167613,167999
424962,420458
63989,64102
21553,21555
517717,517739
166582,166505
497460,497404
98765,99987
27197,27112
129107,127765
53183,54832
507743,507279
208235,214271
14768,14716
551586,551607
178024,177305
30480,31307
558998,557416
263784,263588
142406,142272
435221,434261
220874,224568
303040,303007
170618,168658
203449,203618
546904,543778
68746,69206
134822,124463
113978,113982
377389,377207
359850,359942
536781,538480
75725,75914
221635,221633
56068,56106
60851,59641
112847,112257
167135,167569
20785,20797
394372,394375
462700,462351
276478,275662
301328,303572
452796,452630
272510,266237
477264,473830
530119,530112
26101,19291
300778,308016
142272,142406
477022,478646
167315,167513
66989,66995
108606,109247
118664,119031
114595,114085
20290,21326
512374,498634
141225,154904
165445,165449
123313,125757
413454,417200
434718,432239
133293,129996
313255,313259
551428,548657
83949,87185
223854,226055
520292,484774
395897,395757
85281,85005
398900,403160
78163,78138
175899,176495
300365,300626
284855,280759
107915,117219
422787,415747
82630,83130
294767,206209
255198,254932
72543,72793
314507,306777
511216,511277
312045,323083
507277,512039
95259,95183
103099,102974
62404,62266
161681,164848
557759,556591
296299,294234
390181,396689
451811,451214
102129,102106
217356,220720
104792,104745
40889,40596
419023,436488
83361,83362
313741,313259
544401,540699
137367,135578
71241,71536
418091,418199
405597,403688
29348,28635
30977,30987
174807,175613
579212,579207
94422,94470
49072,61716
258156,257815
18697,18714
332909,333411
292102,292462
304178,304181
75803,93727
526714,524101
259771,258764
103539,103380
459899,458302
395738,396369
84647,84570
276420,273427
18727,18714
543565,543594
374923,374925
102143,102138
583617,584610
319332,292521
56782,52229
337657,320494
181760,179918
72611,69597
63750,62720
99638,99684
202794,201261
208050,207268
332113,332672
290541,289439
50488,50323
552211,552515
315813,316850
391226,393273
110877,111468
2485,2816
70445,69642
65734,65421
106546,106714
95939,104070
75360,73104
99133,99175
525238,561695
77299,77375
105319,105281
239568,238210
54346,53702
465748,466088
581549,581756
506621,511040
16593,14459
524303,523860
33336,34234
7936,7577
75328,78992
333007,338001
283788,286029
45799,27336
398452,398087
8056,8029
318292,320445
306802,311267
543916,543904
64275,63964
34615,34271
365602,367742
271473,269547
178363,172075
106552,106612
36813,36177
412815,416234
236230,235889
47600,47275
2422,2735
247006,253244
287320,290096
308730,307404
529922,530029
425417,425151
225376,228241
526440,505595
448017,444949
84972,85671
227269,227441
122721,118729
49940,49796
134915,134641
72387,58964
502926,499790
63856,63333
44239,48808
8999,9032
134664,134241
102108,102115
77942,74837
139,4265
366101,368728
405383,405396
436271,432933
86462,86524
112558,112130
326672,325035
101560,100970
141074,141179
432332,432382
418036,418035
60070,61684
113396,113387
237039,239925
445326,445314
257299,255081
408916,404454
423951,421584
33389,32769
195943,195840
244726,244626
584610,585944
103975,104015
69905,70241
312311,311740
25638,25585
20769,20778
543070,543131
1761,1793
66675,66215
54420,54753
133991,132939
482927,482422
393034,393063
534870,531240
254992,274684
135287,134889
263137,265361
339241,339423
476297,477184
372351,342499
80468,80291
277451,277446
133523,122863
254761,253244
193402,192766
313651,316217
559933,566771
83830,83840
298541,301165
167155,165456
583753,584552
299303,300175
315428,295994
273264,282428
75836,90484
30044,30058
104111,104387
373431,373467
31681,33991
579037,577893
499500,498537
494668,502657
302902,299880
447164,447169
79599,51747
589646,589658
87955,87913
200402,204242
145673,145777
167489,163773
119781,118658
180308,175765
402667,402209
126976,125745
340822,337142
125668,125663
174027,176188
482211,483675
6918,6965
112534,112512
284153,284919
537803,537792
168207,168311
340055,340016
75423,75927
125085,124682
372771,372774
219452,219450
237431,236987
555966,556577
316632,316394
108331,108855
191209,191472
104945,105097
432593,431031
127432,127435
342097,340443
207097,206976
167489,172767
277990,277992
225155,224806
305194,305312
528288,525752
287202,286789
414814,416157
32087,33069
429751,429746
307400,307860
564654,564219
308542,305960
561212,569951
89971,87438
243635,248344
188266,188233
537296,535843
110563,110880
43830,43982
96372,96357
203156,202915
72553,72570
433622,431832
515781,515516
513876,513458
101424,102534
310272,310242
549605,554896
572468,574330
96485,96419
237237,236474
574064,574290
283372,283498
213774,218930
239679,239114
49796,49940
83769,83781
107324,106741
566365,566357
229247,230809
496870,496814
122679,123472
198292,199017
341114,336471
131304,133290
494293,494888
494028,488955
323378,323765
568162,566788
91439,91319
101533,101514
151812,145515
413749,409901
570443,570234
241595,241307
562392,563162
374236,374239
374428,374409
538517,537753
27174,28632
274846,274574
48160,48056
81052,81040
4440,4323
1334,1114
451905,453297
71458,71390
436568,435802
107478,107342
281993,280866
283037,284285
297403,295429
134520,134519
329899,329352
309476,309479
288040,288506
54314,54223
450558,450577
334111,330038
389447,389477
387523,387931
425986,425994
582185,583904
568741,565636
160403,165093
211460,211832
482099,482092
105423,105474
349053,348293
460372,461320
345604,346438
153761,155307
211914,234791
357927,358034
107952,107709
92345,91851
413304,411058
25219,26944
101217,101546
390868,390910
70915,70134
204372,205904
85525,85580
88652,88323
115085,117486
287971,285248
146785,148873
324597,322730
336654,336651
149639,150326
22358,22226
254992,251329
165169,165183
337907,337211
415911,413923
202667,207290
247288,247748
8029,3043
29629,28554
98403,98337
168628,168665
386357,386346
102903,103277
165536,163664
430403,429313
29150,26075
517577,520073
75193,75762
115382,115386
236646,236600
60391,60331
433752,444708
498782,496473
87746,87820
402561,400366
52134,52602
297613,294164
269331,270422
33065,34684
421584,423951
509958,499984
449370,452215
38311,39414
182279,182284
128967,128944
103801,102683
219327,213982
19843,20373
95260,95195
48033,47909
177874,179459
65226,58121
86665,86747
405977,405440
134355,132976
134556,134952
430805,428673
160307,155450
37765,38692
448971,450008
582268,582305
363871,363936
81040,79338
64005,64050
1089,1096
238853,240231
543710,543601
490519,489090
380909,379872
242524,241152
382736,382239
96429,96407
531428,531255
84871,58455
100444,99612
575461,581342
469153,463379
396689,390181
512421,515878
54203,38771
244553,242872
238376,237983
370107,371660
182707,182306
162583,167196
351597,348044
294018,293907
38832,38846
74374,74234
23788,23882
189590,190969
39946,38308
340799,341079
186035,186244
122841,121094
538733,538456
41729,42066
351711,351714
389025,389008
6262,6263
491629,493263
363479,361745
135213,135211
172982,172119
511147,514575
405739,405005
506658,506791
318113,318285
259443,261667
20099,20796
219441,219425
86372,85265
49004,48866
469269,471393
299667,299942
178957,180068
434821,434815
536495,535191
248344,243635
537803,537902
119469,119031
85747,85563
538016,538949
36050,36999
472785,473130
130906,130800
294916,293851
84871,108523
101984,102002
494668,494041
366098,366101
324591,319099
375001,375641
576888,578378
111673,111138
189735,190272
139395,139387
86524,86544
51336,53374
568769,568139
102918,102967
361796,363778
92629,92496
584,266
157786,156868
271516,271529
104806,97851
80922,80839
542078,528737
393906,394282
336565,337307
109254,109017
503166,500647
69297,68238
190110,187301
399426,397329
537725,537995
45510,47372
215956,223120
110944,110332
241237,243669
564603,565330
57845,58039
60684,60904
413818,412515
270572,270569
496511,502522
179826,179833
225532,225963
258280,258259
507279,507743
92167,90721
326514,329229
366705,365516
518420,518430
27472,31298
353720,352488
46376,45392
234087,239334
109980,109659
229754,232063
194993,194988
345268,347701
427537,427581
275051,269128
83638,83243
36417,39936
70065,70045
97269,96611
16645,17926
571483,571601
385067,384861
50265,49397
343147,342608
259464,252424
92633,93503
321721,319879
311089,327728
88003,87958
531002,533296
182299,182294
493272,493283
585548,573368
132956,132538
486761,486828
444762,444282
108313,108304
305967,309828
507195,506301
583098,584049
404432,404426
430461,435226
111756,111283
108540,108468
26586,25970
236397,232005
401625,402038
30064,29694
395079,394808
522674,524761
34382,34371
305154,308385
468298,468289
40716,40375
238847,239609
496104,502093
221093,222190
542241,542582
360716,361162
386771,386767
377895,377892
563578,563549
6263,6836
11139,11124
499954,499754
40744,40329
42178,42213
571099,571745
546050,548513
267587,267962
300015,300088
459756,393063
481901,479235
102245,102553
269854,269847
45090,44802
358222,361341
329682,330925
253175,250996
550367,548084
365802,365795
117780,117754
98309,98328
426655,427044
342326,342347
68018,68014
404525,406414
557001,553599
301974,301978
111955,111977
13682,13415
344081,344057
111767,111926
64935,61786
136410,137853
26637,24699
420347,429966
453158,453162
173902,172975
105556,106113
86383,86152
484403,484908
249807,250769
463304,462766
538878,539292
300694,293155
106520,106570
419644,411914
113566,113534
574255,576306
55067,56044
53460,54205
103812,104161
347934,344059
583934,583061
517836,517842
490654,484619
529922,521389
20129,19989
450309,445421
112244,112214
217415,214701
4854,5092
53217,52353
485821,486070
39710,43158
47275,46580
289197,289198
268458,267399
325219,323533
515366,514443
135103,135097
81265,82465
482741,482742
97982,98575
7802,8250
439776,440043
62286,62720
558682,560947
326114,317565
588735,583145
194799,195093
166450,166157
538246,538553
553858,551722
110369,109940
434762,438049
548624,548665
529282,536065
244918,239189
406187,402916
304994,304533
496774,499257
45695,46109
91973,83605
253102,253179
105443,118747
89269,89266
78108,78112
313045,314207
579127,578461
289200,289199
114458,114198
327626,326471
424727,426532
222656,222954
395757,392590
171125,169916
74185,74122
413488,413997
116597,116837
528458,531989
458387,465511
478637,481669
51243,51362
282399,276754
89992,90011
107257,105761
545254,548392
452695,452743
215956,206397
196296,226699
123260,123282
38771,40582
325858,320338
530222,530220
70212,69988
92367,92368
280554,286239
291474,291100
350104,336241
428350,425291
73056,72793
6204,6203
546592,546407
146813,148424
11671,12622
101713,99071
589632,589630
97683,97463
474692,476176
296711,295902
459181,458336
130906,131715
54316,54003
383144,383217
198887,198829
561470,561459
35317,33606
456920,458336
538396,538580
586942,578378
500464,500153
47903,48056
94468,100326
272237,272793
429284,428326
373326,373270
293935,295429
1077,1114
478228,477784
45362,45787
45090,45099
111453,110774
101632,101869
500693,500740
63471,63555
474734,472399
66769,66180
86453,86653
144881,142425
203061,207517
167388,165230
399920,402916
103380,103539
85287,84934
539139,540327
98526,97320
172753,177788
386465,386741
176340,178072
389427,389417
164697,163956
156209,156129
73986,74904
497351,499132
84400,84323
554287,551857
415945,411521
45807,46187
286066,283651
92542,92452
300175,299303
468730,468727
244302,251710
74993,75408
345053,345052
222842,223735
74543,76111
479602,478997
557131,557136
394949,404002
399383,387943
185675,186279
77520,64573
169884,170334
447194,448462
70134,70915
116116,120915
47738,47160
550232,551481
200082,200053
274226,257663
6628,22425
551416,550184
212808,212820
104348,104064
198650,196525
153760,159060
146759,148806
116643,120028
126629,124082
103179,102801
108449,108706
162278,162750
124179,124183
104997,104860
462286,460999
140554,140556
408143,407731
81026,81433
124463,120909
543142,542666
252794,251684
496936,496930
18871,18577
579127,585979
106758,106765
359157,428357
75734,67259
402083,402087
58436,48925
103136,89676
176072,176647
443067,443083
167718,169574
370179,369365
91124,91154
154925,156716
247548,247462
338440,342187
139586,140114
85527,98625
77533,77535
71423,71424
103837,103844
237265,238876
423255,418799
367780,378449
436813,436792
316932,318463
415814,415820
18714,18727
553519,552337
309433,307932
473589,472498
185097,184813
381213,381629
204891,204892
563167,563162
163956,164697
136727,139764
196746,241727
195516,195515
520413,520683
84774,84751
122618,122799
92614,92542
39906,44601
249978,257581
551141,551910
374396,367146
240513,245305
52103,51362
8884,7615
71828,71836
246354,246303
577322,579317
384759,383955
253421,253390
140114,139586
519812,516679
84479,84429
432391,435841
110529,110444
384351,385069
8708,8328
106714,106546
402356,401575
87234,87566
167031,167815
556949,556528
250063,250310
135746,135889
514030,515702
81034,81003
556591,557759
216660,218315
537738,537214
105752,105761
541074,541794
63491,63215
313999,314003
273889,272982
107164,107132
572574,572561
103885,120964
79470,79396
42013,42016
407655,407255
457021,453962
395159,393452
401070,403295
358947,358993
182112,184135
359157,342773
480061,480448
550978,552804
491812,488435
42266,39429
549801,549795
181230,180485
25464,25840
196870,199644
566177,569776
446322,446252
366673,366655
442807,445090
277992,278636
346307,343152
84550,83275
135103,135207
539315,541604
534787,533892
566151,565330
587182,577357
107336,106434
201383,204230
263173,263174
75255,75355
75408,75597
134295,134889
36999,36050
129365,131304
501478,504353
490541,490463
7615,8884
344389,344430
420280,448936
123727,125942
423407,420188
526587,518187
203742,203610
308413,309689
331502,331156
445679,451232
387084,387618
233063,233056
467997,464716
56070,53640
26570,22916
564396,562815
530593,535801
380555,380557
533586,534380
120085,120659
378825,383226
32621,32769
358855,356505
488398,486146
320822,320655
384150,386559
287305,287619
38149,38151
231726,234087
201476,200391
401451,405349
32783,32723
475893,477111
414244,412922
533989,534396
560925,556074
292871,290260
539175,539075
543318,543778
417891,423810
178726,178740
316500,316552
340254,338409
571644,572141
352488,353720
469583,470538
77593,77375
158831,158205
584236,584127
432044,434257
544596,542301
60463,62789
211509,211407
104866,105239
207748,207745
102534,101424
322931,324532
476735,474141
575376,575381
436806,441045
428570,428558
409959,409990
589646,589638
67051,69999
557759,561808
67491,68019
45057,47944
318823,313592
179040,179034
239404,238429
344308,337354
113656,113939
484461,482742
98231,97563
138272,155948
162961,163561
183894,183913
59675,59659
387721,382256
261659,261548
455368,456664
327356,327362
19999,18341
84676,84540
537222,537268
149710,150010
284710,284416
70360,68036
256662,258626
498705,499319
366340,327597
435841,432391
178072,176340
157624,154525
242661,242692
550184,551416
358589,360387
105072,101627
105471,105308
115068,114505
366379,366371
135057,135025
68019,67491
251305,248938
117821,117946
105564,105657
36828,36920
313209,312333
42213,42775
360115,354316
50242,49307
182746,181968
370445,370423
40747,58322
183569,189360
381949,429457
309026,305006
251580,248769
99145,99141
35063,38255
14293,10727
16011,18032
394582,394677
566149,583890
287601,286262
288364,289439
372985,369814
30131,10838
424019,425237
103984,99733
428284,425399
92389,90761
254300,250757
141278,141286
133988,133373
48033,50759
62373,62372
135207,135103
484403,479033
548768,553978
461924,460878
560316,558408
33682,28784
308730,308754
381355,380557
382673,383047
225046,224761
102180,102052
540028,536481
36350,36840
44861,44836
90552,89934
37070,36937
239243,239479
361107,358968
364918,358960
320338,325858
361882,350104
113534,113382
45146,46109
153280,161296
289752,287517
189896,189954
124050,124017
134643,135653
437764,437528
588751,588757
97395,97104
88257,88229
524727,524843
403505,412900
412839,412827
115203,114759
405414,408661
322730,324597
450305,450700
91203,58322
81245,81199
59331,59662
209537,210326
83901,84357
184999,183634
440089,440707
253376,250748
28598,21833
520548,527434
362228,362768
82385,85265
521188,521378
65100,69048
399512,397187
48678,49853
110383,110379
239396,235856
123349,121852
459682,462351
549972,550592
425399,428284
401625,400298
149687,147745
194996,194993
469259,469583
395091,404971
488955,485155
77604,77430
319312,320119
164569,180848
272156,270791
49611,51347
492895,492882
294974,295178
120028,134677
162815,163683
104569,104387
156361,157762
119838,119469
339439,339445
247375,246973
109876,110332
497831,497571
254447,254404
127765,129107
102988,104119
438341,436488
94239,94265
145184,144735
462936,462933
165245,162714
141906,142762
106741,107324
505671,506301
588003,585941
394712,394721
35157,34855
542062,541607
486976,496114
79150,79127
535065,533192
169261,169877
300927,300685
489674,494021
47351,47734
131430,131502
304994,309530
397676,421794
47564,48781
465630,466174
502933,503087
587757,587763
60264,56163
121969,120661
298103,298101
57207,59262
448555,444290
331079,327780
119781,120008
404525,403519
70915,74570
83915,83934
109333,108726
186824,184853
9069,9086
196056,197335
346245,348776
130281,131830
582531,581756
403735,402087
271831,271865
98372,97825
109185,109205
158128,159027
487793,483288
322824,325035
228095,225155
186761,184689
580385,582268
244738,244726
91851,92345
91324,92828
204901,204803
112596,112646
557756,557753
340610,339898
94701,94056
361749,362570
562351,559547
381562,382891
550746,538553
110375,110355
225705,225684
459450,459428
189507,191877
44615,44192
81026,79046
362009,357956
21560,21555
429767,429751
525194,526751
81322,81259
77125,77259
38832,38826
434841,438346
113378,109248
116578,117754
557080,556958
245922,247909
349649,350241
37055,35263
97346,97563
270569,270572
253433,248062
497668,496505
522372,528562
370044,371449
35156,34713
423131,435436
360839,365516
53592,53657
279818,279436
445679,442966
22285,21972
269764,269771
585472,585567
483675,484037
258764,257976
364074,364005
503854,511097
12307,12302
23359,23698
38771,36614
264206,264338
367146,374396
201677,205994
317513,317519
369188,369555
312790,314227
424419,423508
218964,219251
398233,398386
368553,352011
573254,571112
197354,201131
178673,176906
500647,499326
406886,405499
405597,408665
56220,56995
522218,527290
456664,455368
198365,198371
511868,505054
148623,130439
137561,124182
556829,579323
358721,362545
525573,525726
418327,418326
484901,490829
168901,168997
33869,35807
58952,57869
57030,53952
172411,181866
66757,68857
248938,251305
70241,74089
57759,55266
73973,73788
473068,474522
251760,251722
170709,170718
68243,60728
446939,449153
582029,582513
164013,164483
536586,538456
207831,214416
245648,228919
152740,151775
95578,92853
176961,177070
401575,402356
112335,112334
37297,37508
287225,285735
282151,281462
570968,564773
147007,149559
465729,466501
6889,6609
251110,252902
83946,83218
14911,15380
497500,497539
53460,53217
584772,585424
426857,424419
390260,389395
494066,494464
273443,276493
97269,97180
529684,527403
197173,201580
541682,541683
377149,374915
115817,115776
208744,206933
133342,131830
307764,312333
392123,392708
384852,384845
311006,311616
451925,451811
393698,393319
540275,545917
319807,316183
443046,444358
397057,393187
277446,272467
80321,80332
572385,572449
247393,249673
486102,485832
302963,303092
25952,25031
337606,341077
54753,57474
484476,480718
263216,263062
198508,198516
393946,393956
116868,117117
347432,344849
177971,177575
494176,494177
103179,103744
543131,543070
488127,521553
261702,262353
511277,511216
378077,377539
255565,259492
590104,589658
499456,499457
569048,568152
73097,73015
113978,113913
452423,452976
231287,230660
167269,167315
270801,270869
164105,168073
401147,397424
412815,409318
111402,111808
68128,68162
222460,221273
73356,73252
159632,160418
233477,236620
182256,184000
97320,96639
517140,516830
110488,112003
42733,42199
394945,427537
84092,83661
91213,83629
186351,186942
271095,271100
409110,404625
554853,561750
232552,230799
318030,314013
98826,98584
217863,215999
243775,243770
148662,148623
190110,191066
266471,266474
584410,584498
313348,313354
171968,172195
290729,295219
54420,54119
136391,138506
409797,407783
383,311
277758,280554
34854,38778
358927,359335
35807,36417
73986,74721
177947,171033
309828,305967
476083,480004
481903,481623
538824,539170
502927,502093
385561,384997
90700,90533
451244,455077
120072,119759
245095,251163
311964,312472
102282,102683
105996,107438
379242,378712
585968,587333
401059,401070
197589,198046
535720,535256
49083,46187
451074,452572
207517,203061
342499,372351
277993,277926
542707,540327
126508,121502
407677,407772
229821,230610
320881,320755
307860,310514
239189,239166
572825,567838
51103,75148
399150,401121
142276,141785
421464,421279
421984,424698
63403,63348
573328,566365
102988,102269
574055,574049
47656,46921
177419,177814
392036,393060
77489,77296
1291,1128
141011,140999
162961,162947
37070,38149
168971,168073
119317,120899
260281,263311
98922,98910
84736,84731
20876,21972
442952,449366
318869,320277
588003,588413
500533,506959
91319,91439
26597,26995
347038,347525
57478,57525
330581,330965
18900,18923
581580,581024
456424,456446
367581,366379
110156,109946
172119,172982
46853,45792
518445,516454
494122,493888
109410,109567
291117,291223
39429,38818
76745,76747
116731,116012
85309,84569
4598,4165
478912,480325
226024,224742
230626,229959
161312,158734
296241,298592
117233,115068
55880,52715
256489,256498
498250,498259
236987,233063
234882,234889
25638,25703
88744,88754
392885,392708
132976,134355
509815,516629
72014,71658
124005,125620
25174,25010
105688,105809
498173,498197
506975,505433
117254,117234
161708,161716
46362,49072
502657,503358
427891,426022
290872,290772
171794,172767
22176,22273
76747,92203
48781,47564
513071,512962
303108,303123
89274,90797
432312,432332
122426,127118
263556,263561
568769,568818
279711,274306
69218,67685
387226,387758
86383,86429
118759,118365
537599,537596
371583,370745
79532,79906
8250,7802
111975,111751
159448,159443
216501,216917
515441,517577
60228,60778
546027,544217
96624,97017
386827,370090
108284,108269
453089,448922
28786,22425
110986,110082
387931,387523
136055,136410
99043,98892
161041,160983
102351,102959
100832,100967
497460,498250
485740,479750
311749,311299
79300,76499
93881,93459
577986,578093
504174,516526
121518,129706
110220,110175
537156,537160
150589,153342
224689,227619
584485,584164
78171,77853
122227,218290
109062,109071
114776,114458
808,383
117144,117149
279841,278054
264286,260134
157171,153971
102640,97211
352003,333359
259413,261220
381355,381366
18732,20091
221847,227088
102974,103099
582611,582516
312305,314159
254992,249406
298642,298035
531804,540089
473530,474581
139576,150703
442773,442774
240437,239679
190762,200296
247666,255984
64071,64333
553341,553358
519920,507198
551375,551586
224805,227147
125625,125629
156129,156209
585762,585444
283651,280988
229974,229967
498800,501922
105695,105662
38387,38267
99738,100547
65583,45532
385916,382744
73757,73356
451705,450776
378556,377475
129937,131430
80629,78477
89121,88675
47044,46438
81065,81259
87838,90343
92614,93461
462762,464209
9972,27336
330899,337960
32070,36350
536065,529282
446511,446559
89347,89368
559358,562822
117171,106782
286096,279711
557893,558592
107521,108312
238236,227786
69866,70193
140553,140552
565330,566151
457286,450857
447169,449538
130733,130559
214540,212673
225511,235781
102382,107212
233200,236987
40053,36656
81260,80922
112575,112498
336654,337440
342077,339423
37488,36999
87076,89969
164647,165109
377550,371449
552962,556074
434982,441751
120964,103885
207745,207748
37751,37759
261469,266694
105340,105581
533906,529693
583579,584464
442623,446831
168073,164105
37117,36840
110417,110502
291212,291110
571745,578859
156143,153342
520174,521696
41574,44527
372370,372361
467642,471702
109765,108253
476468,440863
53607,51631
83046,82079
93434,92529
83505,83532
129463,128974
378713,378077
477688,478631
549484,551141
408214,406959
61041,61336
325119,322772
466726,469757
527403,527397
338762,339937
149691,149695
538566,538597
5801,9899
273519,273512
478783,478201
489694,494842
513435,511576
356410,356556
319780,325556
510836,512335
49611,48802
497539,497500
404432,404463
445250,446510
407893,403295
573763,572014
178333,178802
424011,423957
447654,450736
117404,117154
87548,87549
518433,518432
449290,438983
77789,77832
299737,244561
162318,162560
62789,63140
551615,554403
72165,72338
222934,222930
226727,242530
175628,174597
521684,520460
11879,11321
105271,105281
157171,159879
12169,12588
539075,538204
107438,105996
548768,547863
31326,31292
74562,74454
259464,266716
408395,445519
121653,121852
57248,57307
15898,14618
89269,89274
492882,492868
5105,6334
551840,551838
453126,453311
263317,264086
81271,81274
519146,519778
503651,500943
66304,66530
168968,167645
363778,361796
535776,537986
12892,7856
261702,261605
427836,413401
141785,142276
300933,300937
515102,519965
21116,19959
84468,80033
95295,95283
175692,175497
387278,389371
158400,158109
500905,500901
42483,42266
105113,103136
109216,109164
64944,64918
506563,506888
448936,420280
153947,153954
265023,242872
117805,167031
400426,400326
313255,313247
65519,63348
106079,106083
530144,529756
111632,111522
130194,128885
61095,61786
379872,380909
535418,539163
542582,542241
88323,88187
378449,378598
238639,281090
588580,588021
251165,251166
294612,303408
572449,572385
80931,80936
455310,455268
29340,29537
101869,101632
199099,186827
430407,361120
51572,55520
427601,425911
219515,219492
64797,65002
507220,506797
459307,457463
332863,317994
345412,220346
513435,521188
205256,205185
112542,112631
168628,168596
198508,197097
117026,117038
265806,264181
401763,399378
65987,66152
201677,201005
34740,30546
312430,306451
62680,62660
411308,413488
10287,20207
60006,62114
327982,327483
75183,74601
415814,415210
15908,11228
489394,487731
105471,105556
86270,85991
115491,115610
266418,266788
319784,322054
554644,555485
261746,261741
286239,280554
287619,287305
182604,186297
279056,285720
172616,172556
176839,177188
124016,124012
387727,387721
528238,526401
352090,349063
315312,315913
89987,88549
83304,83300
219996,222127
290152,286434
107622,108905
457210,445519
105266,105258
564773,509212
357404,356556
96960,96913
51585,51297
306413,307404
484406,473163
30680,36376
497527,497571
118773,118775
128442,123876
250886,249336
97524,97628
356005,352387
563550,563555
363693,362036
295793,296015
131941,131860
43485,42239
120802,131799
504591,505299
178952,178740
380653,381287
184184,184353
279181,279325
127660,127408
66792,66790
223249,223238
26491,26201
283444,282043
520444,520028
169155,175497
67820,65919
147265,145686
82672,83342
456655,456920
274779,274519
457260,457259
196401,196088
269207,269215
105835,106451
468901,472433
322431,334227
444608,446511
123804,119513
540957,541083
43850,44006
113299,114113
567062,564553
63215,59249
137304,137309
565534,565636
92156,91672
350241,349649
407937,412827
428673,426249
191237,191117
108212,108450
150151,148501
19489,19239
392794,393885
122737,123788
370277,369611
62995,76979
321743,322468
413256,418035
84780,84550
449250,450322
92828,91324
554236,555473
562218,562216
73930,69316
207055,206791
25952,64499
316441,313083
589494,588658
51167,51217
423130,422787
190969,191652
486330,492855
369851,359007
154525,157624
155496,149453
334933,337032
42527,43750
161494,161924
495291,497869
98006,97990
274999,278160
97612,96373
73576,74803
236121,236068
71443,114208
341114,347116
281528,281407
553181,553184
283043,284411
290725,290862
183870,183872
57422,55773
226531,226537
26096,26290
117038,118658
428994,429407
50204,50365
193217,195523
120691,120693
117296,130967
111283,114401
583579,582964
127225,125819
243725,243740
249962,249811
363936,373500
45205,44172
281544,282640
219219,220154
41130,41101
89576,90117
300927,300933
316275,316308
101765,101713
127916,127780
505299,505980
74570,75610
286664,286507
34050,35657
186037,186061
336515,335915
586668,586512
107227,108727
123024,123174
484461,486804
293729,293898
243669,246036
222780,222758
19242,9242
133209,135924
232975,237731
150818,148266
400054,399383
166582,166737
452740,452446
176072,164925
537596,537599
430701,429490
46078,46150
314682,315814
280948,280269
53424,53406
95399,93114
45219,44204
81068,88380
157753,158058
374219,376154
147129,132025
297019,303586
32437,32444
98903,98998
120915,115408
516053,513881
579212,579976
284160,283500
105319,105566
489203,491196
548624,547978
51572,50608
173013,175656
370423,370404
472968,471827
266900,264869
282428,273264
342268,342273
507248,508040
7567,7615
498634,512374
399733,406107
80870,80824
586101,585451
360929,361335
189200,189507
123382,123366
64935,65100
100513,99953
447164,447157
564479,564473
111067,111072
19894,20269
383063,382996
535256,535720
466512,466368
540949,540230
502093,498486
278486,279181
7702,7816
106231,105809
308754,308730
222842,222780
468457,471585
135948,136009
108788,108961
533259,533322
192305,197163
527831,542292
84092,84312
107083,106964
47944,49114
107909,121043
230775,230920
200155,200165
75744,75741
429490,424698
573965,577198
110180,110215
69597,66530
97481,97581
26491,26632
49968,49901
92588,92565
202794,204258
159472,159632
465609,496499
12618,13327
216134,208590
78944,75148
331276,331038
26521,16079
111659,111468
178559,178314
120932,121507
189702,189828
67887,68511
210293,211914
577893,579037
257329,257353
80921,80842
30894,31208
373476,373466
8730,8742
35814,28598
118747,121502
316050,320325
64159,64208
454424,460384
138523,138531
181337,181411
253590,252110
404971,406676
568979,569092
325896,325099
103064,102215
189896,189828
513852,497934
52413,53131
559829,559833
176351,171858
319890,316308
103762,105347
59302,53880
587371,587333
38162,38153
65399,65421
104925,104701
82216,82701
88227,94468
109759,109487
410638,408029
124245,127341
312421,310500
308648,308548
116150,116025
423305,419435
46039,45984
110444,110529
386897,385064
253825,253831
108523,112664
254404,254447
464398,464353
62964,62797
59915,60122
124017,118442
102116,101836
377893,378074
364437,361489
543594,543601
258182,259402
556218,554371
36302,36376
210824,211633
98408,97246
93391,93507
179034,179040
567336,567326
55768,55835
340348,340443
467880,466664
316500,315918
527073,526440
584125,581060
315166,315177
427062,441017
26201,26491
383144,381993
464840,463701
106988,106890
475535,478997
113741,113817
438341,455960
537753,520860
19889,19872
129152,126508
22863,22373
428326,429284
101068,101061
239404,243272
94012,92820
47738,48835
71242,98625
66995,66989
251761,251254
115396,115296
116578,116205
361489,360693
316177,330675
148266,134935
173450,174799
308385,310500
344849,347432
469808,469217
30920,33932
398974,404443
521253,524174
65168,65002
223354,220808
366950,368236
84761,84768
364588,365710
534230,535247
199830,199763
87438,86524
448531,449590
72739,72726
6334,5105
26101,31497
538949,538016
83030,83243
353890,348776
533561,533553
134791,134299
40053,40527
46740,46649
283200,283192
361796,360570
566151,567892
28084,28870
294023,297542
98220,98217
493618,493611
51169,51157
586170,581673
199763,199830
312010,314408
382239,382226
132584,130371
97628,97524
439482,445459
276704,276264
457463,457407
226353,229916
90580,90864
176577,161811
40569,40420
73458,73887
24956,33607
546720,546710
515989,510489
80720,79752
53657,56020
272231,271807
287488,288784
135106,134818
133821,133030
457365,457407
83103,71582
325863,332857
100326,94468
256640,254580
357955,356366
327665,327967
95226,95198
499132,497351
475766,470880
557756,557761
443981,445047
67525,72899
492975,493868
64935,69048
355904,352012
290074,290772
326626,324333
107637,108304
111759,112130
518433,518436
6918,6579
20876,20342
72900,87838
114085,114595
9927,10764
400315,399426
552562,549757
390847,390639
75377,60671
501559,498528
511849,511853
41033,41412
342347,342326
44460,44447
57838,59621
121808,122740
350574,351317
68517,68557
22944,22956
475238,476372
490817,490182
440831,439795
88841,88801
86960,89611
287250,287225
577357,572668
533331,533359
153749,159070
410279,411426
92176,92247
540762,530365
483599,484774
505217,505229
474985,428570
77418,77088
336651,334111
535613,529301
518941,518037
258689,257810
356556,357404
286066,293194
356758,355818
83949,82855
89614,89259
215156,207487
376194,376189
198829,198887
112071,111977
124728,125139
62742,62119
180577,181191
301328,299376
374409,374428
183190,189348
153761,150920
271885,270849
472118,471901
82253,82260
278088,278090
109248,113378
274722,274018
62114,62119
166588,165432
446480,446769
482211,478646
424937,423455
171098,171060
587865,582795
93431,92987
401147,401352
18988,21754
513401,508241
175434,185957
490553,488526
113913,113817
268828,268821
221979,224928
43485,44069
370044,369847
114815,113396
501251,500895
99991,99684
220720,217356
28195,11144
184073,184689
9996,10048
418909,419978
288601,301794
102903,102273
319984,324614
282119,281747
51118,46844
491197,492361
489481,497934
134241,133429
85515,85527
549788,546592
568343,571644
271807,272231
165982,172172
368275,368215
121222,136251
2327,2115
119998,120005
463669,467145
337458,336515
315991,313977
327037,327056
248654,247315
34579,35304
70107,70794
127634,126461
584264,584413
200238,197387
91337,91140
43964,44029
120005,120021
483179,484782
227847,227452
74730,64406
64288,64273
414827,419603
90761,90391
552722,543412
384892,383289
95755,94146
329827,328285
116296,115960
92343,92173
448541,445047
151402,151003
191766,193826
43982,44204
97725,97730
186690,188726
351784,351589
377464,378825
44128,44029
513956,512114
527804,527991
26011,25969
393310,393164
96429,96692
119311,119586
45706,45288
338409,340254
224307,223735
512012,511040
484195,485937
358319,358229
415936,399072
132524,134134
500048,499727
529502,527073
23646,25804
166250,186942
38003,37586
128967,129713
104925,104945
271503,271499
2883,2830
104294,104324
102640,104359
446519,446510
73195,75786
111335,110944
348292,348293
443981,442095
532146,533230
317806,318292
531922,533522
164463,162662
54455,54337
143219,141859
77745,77780
113874,114456
290260,292871
362237,362009
73132,73343
517767,521258
42775,43722
197039,189374
442952,441751
128149,125832
333580,333667
423130,423596
180536,180548
62404,62421
276587,273211
487501,490442
470019,473711
456366,455077
574900,574904
184193,185708
399431,399544
26265,25996
337458,337483
185173,185170
249559,253637
217733,217415
363471,363616
404851,401983
413818,416638
104866,104849
131260,129920
163669,162750
498947,498917
548788,545917
282217,283192
392351,393319
405340,404776
165449,165456
87548,87179
86667,89416
585512,570321
134355,134818
305694,307400
577849,577883
118358,118216
164532,21646
468121,471827
75505,75758
18871,21651
496473,498782
25970,26586
553225,553110
103080,103021
75593,75578
479767,484901
43762,38258
528571,527963
517888,513401
200296,190762
578299,576749
113669,113380
485699,480510
72855,72014
298821,298620
109805,111283
149559,147007
88949,88899
317560,317565
83586,83769
424881,423604
110597,110694
397853,396675
83053,82717
135454,139583
163120,162827
290333,305510
562126,562580
1520,249
512572,508440
273073,274074
242632,241372
239436,246571
125451,124221
162777,162838
56760,56193
149660,149691
350580,351673
395422,381742
375370,375368
32034,30204
199502,199545
205508,208716
39201,39215
508128,508131
153526,148801
57804,56579
87838,72900
86156,86163
21833,28598
242632,242661
229974,230028
97746,96676
580067,581299
401723,401727
73278,69999
2369,2422
343284,341070
510043,509914
392708,392885
459850,461708
42486,42143
165245,168927
521593,522526
101509,101508
42298,42092
237869,237876
95554,95500
86163,86179
2768,3043
81129,63777
66492,65941
57474,58114
145835,150127
47600,47885
564223,557183
17465,12449
218319,218315
47160,46832
43158,44239
533332,530287
35649,39436
465629,467998
81034,81044
525638,527394
328768,330116
487928,487848
17845,22654
510306,509519
92295,91833
189360,183569
422007,428183
279121,278636
306475,306489
95259,97029
172697,171078
162117,162121
256421,255409
113714,113741
172094,171539
292521,286429
315015,316354
111320,111522
82214,82415
398228,397729
9927,9853
83464,83458
190581,189667
97052,97129
103796,103563
248493,248528
112717,98625
46150,46514
55540,55610
398547,399552
186824,186878
180577,180496
89812,89518
444188,442843
505067,507757
157519,157561
105918,105474
399532,400297
88801,88841
10847,11492
429091,429157
262851,258626
51695,51661
539267,539695
43982,43830
290201,292372
412045,412175
142671,143798
561881,561808
550708,552337
141458,141324
36036,36020
24333,23351
268845,268130
23883,24054
135211,134915
12127,13444
401874,398168
98193,96828
180257,183658
305002,303040
499790,495180
338398,338001
352062,351317
428965,428994
17048,16162
464460,466064
314569,338601
67159,66995
318541,318539
86417,84061
386236,385067
123658,124260
59516,58405
196964,196986
146973,146255
195943,196934
580834,582718
178540,180496
54346,54609
99612,98969
300194,300175
177971,179787
452948,452966
113417,106259
217402,217517
468891,468901
426402,424276
36031,35029
159060,153760
102553,102646
273211,276587
53203,54163
458114,458117
239003,241159
334769,337625
505181,505121
550010,550978
241220,241237
215317,214683
126295,126371
276754,282399
573368,568139
179225,179794
421984,416493
570321,585512
538621,551681
437764,438695
395407,395687
561710,560316
440542,438810
108978,108926
100296,100294
472965,471346
110483,110488
312311,315062
55929,52024
85382,85376
101608,102215
59261,60649
394495,393326
7840,9661
91754,91672
386733,386357
376967,373941
326864,328661
71677,71655
55752,55710
480448,482633
132538,119024
65831,65590
248049,239060
393374,390010
46036,46040
435536,438212
490463,482140
91522,91672
18256,21004
194495,193542
522673,522674
129107,129237
45924,45984
159618,158736
373500,363936
506959,500533
376616,390464
504936,508807
125451,128974
347753,346970
123349,123369
399556,397471
377346,377104
517484,517488
41301,42707
388358,391353
19889,22320
537792,537788
16287,13053
30350,30804
395687,395407
62905,62705
38238,39575
85376,85291
252701,252634
117811,117807
128673,127416
59111,59095
215156,222954
141808,141142
105070,105139
48701,48105
469191,488470
457234,457225
448462,449831
252634,252701
435905,435560
520397,520406
400298,401625
344554,342391
507581,508126
189266,190754
178802,179528
449366,450395
463391,462936
211950,211943
277503,276315
156829,151934
100073,96144
221889,224287
75741,75744
83769,83586
156776,157935
119513,123804
303654,318597
188233,187874
69491,69064
124082,126629
334695,337516
537452,538389
165093,160403
183999,183992
361788,362561
274574,274846
236002,235335
399472,398607
356366,357955
108296,96102
222600,223867
586472,584085
119838,119965
458622,454522
57386,57869
362450,386415
75735,74185
410350,410008
420881,420012
338118,337907
113051,113053
287645,289876
147202,148856
83304,83361
3739,10847
170929,171549
126755,122920
589187,589112
111522,111632
432311,426264
16853,17465
55001,54958
271376,270492
408257,408252
90661,87369
170879,170092
54924,58121
385850,385836
487259,484251
117754,116578
430490,429919
220584,220614
377755,378657
338490,343124
585020,585112
528314,528685
207290,202667
102215,101608
118759,119288
355469,347900
88781,88754
267074,269300
186942,186351
57595,55144
106357,106086
141458,150399
267493,265497
249636,249643
40306,41437
179587,180480
205957,205911
131502,133163
307932,309433
527906,527520
53731,53424
521697,520649
237039,232940
90896,91157
260649,259771
131456,128442
555634,536716
54455,55333
102801,103179
260756,265653
298101,298096
332547,334601
387226,384843
161562,157821
544772,545981
549484,549084
96934,97176
177947,179608
44890,53379
117946,117821
521258,522241
134132,134295
291902,287971
520168,517888
75377,93589
310272,313243
116019,115977
402955,401788
450654,445851
99409,99175
169877,169261
58867,59463
589463,589248
298592,299245
410271,410333
102002,101984
341702,341736
2115,2102
141023,135679
27524,27532
235074,236600
76618,76769
349071,349161
361745,361738
121577,117222
498142,498173
77299,77103
64307,65348
55610,55684
106477,108715
38717,41977
520145,520132
62234,62201
115817,116004
536413,536416
115273,115382
444762,447523
247288,247098
113396,114591
37751,26521
144401,145187
588821,588976
112499,113851
34273,38258
85327,85480
497404,493871
46540,46539
112981,113036
101486,101070
48866,49004
451905,449882
258293,260526
577413,576605
252634,250904
34024,33208
108547,108342
564603,563578
219954,218742
108042,106894
391551,387418
453698,455267
574071,574058
110532,110514
525919,523045
434786,431109
135097,135057
519298,522838
499901,499951
180088,177300
57840,56882
33548,20797
441780,441855
98217,98220
366780,367321
563536,563531
168311,171475
5564,8763
385572,387590
218615,218007
97211,102640
16494,12622
116643,115133
268458,269217
193019,195545
56714,59638
486166,485829
541604,542512
156730,156143
106586,106890
114190,114182
19948,20082
272231,273047
55152,52442
543096,543088
188862,192822
443083,443067
292372,290201
224928,221979
323140,324991
79080,79555
39429,42266
179725,179826
293271,291926
188862,184312
55547,57293
554029,550978
239561,239479
111941,111913
535155,535191
523098,522024
339979,339936
107770,110073
508402,507743
517739,517767
405349,405355
523098,525407
113636,113757
77307,82685
557416,557216
438983,448775
320778,328480
207752,207748
445635,448295
151068,151080
378903,377835
64273,64288
203226,200082
286241,295994
121859,122225
84433,86410
337907,338118
570396,570250
455857,452976
281861,284181
409873,411039
316221,316216
373118,373177
92423,92425
66180,66769
2769,6088
93258,93226
284918,284650
390890,393804
108623,108016
369638,370666
27568,29522
451028,450577
554834,551482
234809,234802
42128,40882
353435,353437
86573,80360
317806,316552
113209,114578
345485,370768
375641,375001
223293,226281
34099,25840
12214,11457
53630,49481
352671,350193
206791,206568
385243,384892
365710,364588
76272,76271
11144,11139
30100,30119
279691,280269
223735,222842
32224,36614
27498,27197
385289,386176
261735,260649
47366,47225
81493,80944
112534,112695
406868,406676
130518,130576
327123,328337
527963,526391
72829,72891
172897,193530
296144,294239
435287,439956
205146,205911
144021,147357
152330,152186
564820,567539
167133,166714
133342,145187
292858,291974
108893,108926
78108,78104
113667,113661
324333,326626
368297,368275
584498,584410
382057,382053
117222,121577
385561,386998
554899,555370
194143,195107
55710,55407
7825,8710
134935,132956
496774,494122
455960,462582
290438,292102
56185,54919
451492,451703
547800,556100
139487,139749
340175,331582
457270,457260
86707,86270
485040,319003
470173,473080
393308,393443
68913,68671
439378,422322
89502,89213
527397,527403
101509,101512
38934,38851
23351,24333
460878,459121
43810,44802
140999,140546
228919,245648
186879,186297
67803,66675
384455,386218
15658,11492
579115,579112
418322,418320
363863,363126
530215,528236
113297,113299
64350,64297
356184,356599
437614,418940
19263,21565
229891,238210
236262,235236
463701,463681
466369,466664
22320,22788
123196,123184
164132,163789
129744,129706
455960,438341
454132,453307
95862,95983
564820,564774
78118,77562
447280,446559
588894,583603
139764,136727
172990,172997
537928,537891
89652,89641
408395,408214
111146,110592
303190,578712
84365,83540
39431,40141
466512,466726
84972,84891
324579,324452
215575,207130
584143,585968
203259,204060
292415,292372
379627,383424
397902,393375
109116,109185
80332,80321
313354,313478
473083,473582
55773,55034
38719,38750
585972,585183
565178,555541
136596,136588
142867,141112
82312,82149
212736,212559
470379,470383
69642,70445
579579,578949
52024,46471
544798,515366
450534,448272
418304,417659
507195,507208
337211,337907
27375,28084
341077,337606
22320,19889
30480,29348
69537,69870
135905,135889
579317,580642
13773,21281
105347,109395
551531,551065
405118,405257
566329,566562
547721,548265
459762,459450
81044,81065
309502,309489
249902,248800
38308,39946
372778,369753
37684,38776
199502,196329
128163,127478
404924,402358
108848,108565
82386,82047
64415,64371
585403,585389
214416,220487
277820,276587
205256,205437
536328,539585
78171,78215
426532,424727
503120,503332
16322,15658
68019,68207
377475,373113
545132,546113
366633,366630
361988,343781
333833,327728
567875,570326
56622,57715
210030,207324
453135,452796
369894,370127
528236,528136
82701,82216
9624,9727
115944,109765
111013,142953
111453,111734
99537,99738
210326,209537
217519,217517
12574,12581
32431,32420
519812,519920
502934,502926
465420,464258
494842,495291
441045,436806
225463,220154
261416,261300
86474,85457
395159,395404
215762,209853
82678,83521
61388,59899
169657,169841
74354,73816
461320,462261
79295,79253
457223,455267
396407,397468
416468,417891
90484,75836
540466,540456
10641,11457
499901,499040
564473,564479
546197,546167
158424,158410
98304,101627
255081,257299
352578,351698
401070,401059
367305,367921
471827,472968
345062,340998
264344,264341
213961,212820
123282,123306
337921,336591
350083,353746
529925,523883
495059,493962
579323,583145
11911,13502
525187,525194
498259,499435
89052,89058
127119,127121
234027,235465
134999,135250
379616,379291
195548,196088
586616,578093
199739,199519
80806,84901
114937,115356
69921,70612
536495,542006
203259,202718
100975,101070
221871,221888
277219,274706
573955,572517
17949,18740
392230,385559
356188,357927
450322,452524
29954,27775
71041,70993
301649,303935
263173,263166
81973,91140
824,5629
359505,361733
390421,462244
542292,542301
16853,14757
255405,255628
435287,433300
149749,148962
469581,469411
9535,13686
39201,39195
353173,354462
162827,163120
306729,303650
76712,78531
253698,252804
171078,172697
517840,531783
454132,455832
229767,230496
263457,263460
533212,532468
343369,333833
53184,43781
6836,6263
464441,407521
120306,120061
78685,78599
111926,111767
402444,402406
38493,37953
553519,554236
76826,130846
89601,90107
89403,89368
73524,73576
91522,91355
93695,93605
78506,78260
449834,450036
469217,468329
280342,284415
531031,531831
383424,379627
75411,75405
182889,179176
580525,583419
408451,408173
426943,427241
569092,570079
240096,240500
186070,188571
137569,137404
139323,142676
373930,373941
338398,339241
347116,341114
277050,274226
79165,79185
420068,419728
496873,496870
234882,234877
83987,84176
105579,105662
462789,536568
260649,261735
350292,356581
271728,271544
228254,228776
42266,42483
29694,28870
374652,374461
546683,546627
158533,160610
277381,277372
66152,65987
217483,223634
120306,120545
258164,257304
579496,579503
511620,511624
59400,59820
134088,134267
258789,259958
552722,560977
561314,560267
406256,401013
366832,369365
49901,49653
541607,542062
540456,540466
445373,437614
101615,101617
98141,98012
530222,530456
52291,52103
164104,163945
388533,388542
204258,202794
484218,481636
95908,94398
99987,99840
322468,321743
150693,152014
33883,33113
457210,476270
29491,28645
117696,118455
407366,407307
108106,107985
248558,247748
406414,406860
496319,496953
160610,158533
541074,539855
520528,520171
160527,160750
88620,88409
280242,279541
392388,387651
538881,538858
292464,290331
307355,306019
79752,78863
419667,421746
290772,290074
75610,74570
165428,165445
215875,216227
81366,81092
503157,499457
326711,326626
297165,284415
582619,582611
296558,296246
321911,322333
394282,394808
237441,237431
285102,285174
546098,546084
287393,287645
13773,13686
89566,89576
54832,54856
89870,89987
482422,482099
112196,112222
253722,255081
133290,139093
366098,366097
100307,81081
58121,54924
298821,301930
328837,528737
558203,530029
408661,411610
575697,577322
338406,338407
256964,257747
9899,5801
83586,80663
280759,260946
140577,150091
156829,158517
99175,99133
57738,57788
546167,546197
4237,4741
24320,22479
75597,75408
382470,382330
420891,420921
24692,24687
178205,191116
91972,91754
188571,194637
142993,143000
75859,75758
538642,538767
291714,289536
1688,2769
115657,115726
261746,262908
551502,551534
356184,353944
64363,63567
131502,129463
171033,177947
521497,521806
179040,183966
51735,46612
92557,92565
191652,190969
48254,47663
353746,350083
347653,349803
198042,193872
489652,489664
91542,94398
366101,366098
236129,239003
306019,307355
399881,399544
47403,40882
356763,356603
539320,535955
232299,223685
323889,325888
96135,96119
550952,549912
553195,553655
588751,588749
202144,201368
51261,54434
466501,466915
117398,117514
122618,121612
497887,498142
568814,570432
76727,76611
397570,398087
545917,540275
228254,227784
101802,102195
226648,226547
193819,193131
137541,135653
539209,548932
293935,290806
289754,289783
241372,240028
366655,366633
571158,570443
479235,479142
576276,576708
96315,96413
434261,421792
110514,110073
104602,104701
251839,251710
2614,2637
112657,112646
61979,57043
87951,87309
84512,84479
358960,358792
476286,476297
109115,109287
74870,74758
440831,442194
454024,450263
294234,296299
450353,458387
6256,6361
311299,309709
472497,471718
135610,127435
556827,556825
394372,393733
308968,310468
500048,500085
56182,56882
66606,66989
111734,112913
136499,136578
76915,68286
104119,102988
218401,221360
523655,524174
259732,260774
408173,408451
295669,295937
178792,178820
315253,315240
114983,114306
303572,304050
519983,519995
282031,280809
279660,277820
34623,34913
201207,196586
429919,428310
62816,62747
42548,46949
217499,211766
94746,94596
584890,584377
265653,269241
18256,18219
274999,274066
38692,37765
337354,344308
455561,452406
353453,353458
49943,50310
511992,498048
63667,63677
71658,71637
182746,239412
32621,32521
676,549
526486,527282
122863,133523
199739,199763
568165,568160
375878,375857
67029,71363
39049,38160
569026,566210
457797,457802
538693,538703
29451,32710
4741,9698
66849,67231
235420,237188
118766,118800
478634,478631
80209,80321
220636,220808
141286,141278
449560,448281
494174,494176
38714,43135
316394,316632
92729,96403
88409,88620
332082,332075
54369,54496
112311,122426
429709,429738
10162,9891
495888,492852
34234,35063
126074,124609
90993,90562
557122,557176
36888,37586
21555,21553
60333,62660
316216,304817
18626,17482
360455,340255
386838,386859
178854,179027
206423,204782
428183,422007
518440,518436
64770,64777
356319,354466
364756,368929
261220,261469
58202,57788
2538,2455
156361,152306
548392,549442
129910,129919
61905,61630
585028,587612
227619,249838
529282,523579
112902,113044
382191,382057
537466,537596
536229,526400
213466,211633
303586,297019
321778,319767
92380,92411
151971,151856
328336,314899
579678,582128
6203,4500
176871,179129
1894,4231
247548,248800
574775,574704
201244,202721
48056,48160
480268,460119
64415,64562
75148,51103
202947,199545
446559,446511
548392,545254
271350,270324
23359,21596
280809,282031
468608,469404
14716,12892
112542,112485
517468,517471
198365,198363
64499,25952
503661,515366
6076,2981
196870,196176
2920,2883
106451,105835
85457,85207
382057,382191
579854,581549
395374,403505
161811,162827
48902,49069
398168,401874
48684,48617
544081,544134
39086,39195
556731,556125
401158,401121
84839,85171
396689,397187
26713,26731
147933,167086
313354,313348
98584,98826
199099,199997
411936,421555
29577,30003
442667,440248
46205,45132
175131,177780
565178,566149
9634,10740
489694,464441
492762,495651
375477,372293
40224,41094
26319,26403
457995,458539
478646,482211
167513,167557
112082,112230
250117,255267
453143,453147
118917,118782
258127,259305
92534,92557
104920,105256
9661,7840
557973,558724
153757,155591
473484,463946
149529,147582
564339,571621
236147,236175
459335,458694
433777,433141
337386,337377
114533,117026
237033,236002
398386,400366
208059,209266
494954,495268
520171,520528
314764,310835
330864,328289
8950,10838
20797,20785
500085,500048
512223,511891
226819,226055
41745,41445
567703,566356
198516,201244
162838,162777
110483,110228
407699,407710
16386,16452
217965,217878
442729,444643
159278,150703
284146,284448
263460,268891
83972,83976
2102,2115
107616,107947
583335,582779
400886,402960
36813,36824
267201,263576
149047,147942
66382,66372
68324,70941
1880,1894
276497,283398
124023,124016
404020,403649
306713,281266
286647,285574
320417,320776
492287,499410
523579,529282
476835,476515
335344,335340
518913,517664
262908,261746
115196,113690
289876,290287
278801,278907
199047,197042
557306,569483
118099,117479
93960,94468
45146,45056
241642,242093
124339,111016
425035,425881
287517,289752
16162,15380
512548,516861
218007,218615
414665,414290
583934,584777
50209,50079
321881,321906
264341,264344
436602,438662
403527,402561
343784,343284
514636,517468
154472,150701
38042,37683
106465,106485
546463,557298
488471,488470
390910,390868
93391,93385
225463,219219
91954,91203
61217,62115
157935,156776
574058,574071
436602,436568
15288,9497
161425,161823
324991,323140
457725,456263
557001,562215
370277,370404
271438,271431
49469,49114
116025,116150
198829,198818
15298,15288
339665,338012
182604,182581
270561,270569
302963,301474
232459,229287
427556,427632
176869,176347
309271,310229
148839,148662
7660,4598
469951,471117
134556,134550
181290,179459
117807,117404
568139,566565
362186,364283
180625,182452
460712,458595
262442,250157
124937,135393
20269,19971
21754,30680
192485,183966
436810,441162
573053,573747
157993,159359
329134,330236
421186,421193
425184,419291
19291,19242
255725,248148
439956,435287
69064,69491
64406,74730
571787,569168
405005,402784
31587,31644
568891,568428
84724,84579
579112,579115
551171,551502
93496,92350
245844,255565
105687,106271
135340,135547
102351,100910
68626,68891
103916,103277
102534,103246
243718,243712
105923,105989
236559,227422
173299,172764
37130,37684
34855,35157
465440,465748
118658,119781
257810,256162
191572,191687
302580,304822
100497,106145
42200,42188
495355,498407
535411,538411
537622,537735
529152,527296
405810,409731
85512,85345
102801,102435
116205,116578
115133,111865
60851,61471
316412,316409
4102,5162
371149,373045
191864,191687
68024,68018
429084,429446
40882,47403
553978,554778
300015,299873
510489,510416
109977,124182
192957,187828
417447,416276
98893,94000
405739,405892
389371,389377
380555,380553
479492,480061
386998,385561
402391,402399
490427,494844
299293,298548
85440,85418
340985,341351
378588,378556
438169,437505
432426,428936
163773,167489
66372,66382
553383,555103
50507,50488
361755,363402
251254,251761
414510,415104
95913,96356
506357,500933
19512,17577
96614,96403
461712,464962
103984,105743
405152,405142
581756,582531
109713,109718
364785,366185
580639,578075
422007,420462
15380,14911
555861,555868
275662,276478
53506,51891
60410,45216
393444,393445
409305,406187
139305,141320
28549,26154
168912,168908
329134,326666
274306,279711
86462,86179
375397,375373
562530,565137
532468,533212
28244,28150
100764,100691
511034,511531
579790,579954
226699,226727
403160,398900
312472,313996
198157,200402
82460,82805
284956,284869
410457,410613
139590,137493
53952,57030
441382,438971
126795,127780
56306,57379
67926,68293
394552,394539
19263,18296
461708,459850
514898,514890
105352,105047
525107,524843
157980,152278
485215,485213
552858,552332
59262,57207
36247,35689
106731,107409
63478,62388
580054,579976
109700,109566
82344,82606
570021,571188
468602,468298
50963,50972
29659,33336
178811,176675
262442,266669
217965,218793
494788,498523
115977,115975
243688,243659
138173,138164
416493,410493
234770,234750
152191,150480
17961,17978
370849,370876
97357,97129
285720,289536
9535,9531
104359,285058
82755,126806
522516,522995
300845,306559
530590,530990
495182,498800
587430,587417
145979,147475
419245,418435
154197,153906
105371,105423
556528,556949
3494,5627
92789,92785
459181,459276
60671,52025
110880,110563
26043,26591
107064,107194
277992,277990
341079,340799
567875,564479
76139,75803
515702,517828
120909,124463
113707,113953
305050,303980
343532,342285
72875,72947
110502,110738
349730,353878
564473,561881
24076,26287
457165,457767
108253,107180
445421,444343
256422,256421
288694,288199
26287,24076
339423,342077
87566,87234
292333,269425
209455,209439
543412,542633
273126,283788
89546,89062
256496,257474
549084,549484
573749,571787
353933,348624
30279,29714
474766,473035
291120,288801
575381,575376
320755,320881
38685,27336
181532,181062
332043,330864
339936,339979
555103,553383
423631,420347
113939,113656
112394,112695
229698,225715
518833,511779
575413,571285
121507,121513
387947,387727
116772,116706
76393,76204
457692,456664
418645,418550
114208,71443
312479,312536
304717,303123
401158,410493
134677,131446
69327,69877
88480,82046
529684,531156
58711,59011
412160,413666
215875,212877
68994,68913
494420,495712
565137,562530
536445,536446
97180,97269
266083,265713
85291,85376
557764,557773
163561,162961
432614,434141
115633,115628
161716,161708
411610,408661
526486,518158
214676,213842
417468,414736
261659,261707
484461,484190
558251,558241
229095,227441
7615,7567
256456,256465
174517,174807
368821,368820
504133,504279
162827,161811
132766,132740
502093,504248
151724,151766
370404,370423
95991,96828
401249,401296
152838,151982
289243,286026
38719,38677
72365,72123
461509,458998
113388,113636
480190,473609
240603,239396
181826,181218
29147,28786
465558,465729
431223,433000
370069,368790
399472,406751
347038,341077
584727,578375
350156,367678
168596,168544
184689,184073
474807,475532
197755,199914
395897,396274
289750,289748
490947,491072
48211,48588
48458,48465
353458,373054
524506,429457
96082,96326
66570,66531
253983,252902
290349,290457
48756,46028
78365,79139
472994,469629
106037,105581
39648,38493
394057,391958
174597,174092
114306,114983
322333,325925
94000,98893
457287,457704
101269,101765
73590,74152
437976,440253
134915,135211
331038,330754
382560,387651
223319,226547
107760,107194
443083,443104
243137,243048
522314,516526
527520,527334
510836,508139
87820,88229
123496,123617
186896,186391
268430,272467
13502,19916
271513,271528
391958,391885
88620,92227
38934,39880
505118,506955
317623,317741
39597,39443
123239,123210
99071,101713
306106,311089
241307,240763
55498,55933
333580,333574
20872,20746
525508,525752
251016,249612
66372,66276
132740,132295
420521,416404
465042,466080
82955,82386
538748,538740
497055,495712
278907,278801
278437,282070
20269,19894
106856,106922
235704,240468
334227,322431
568529,569864
88212,89934
106339,99987
467740,461708
440327,440630
205911,205146
46109,45695
31657,31397
492307,483853
87913,87773
20373,19843
331027,330298
422726,419639
105008,104997
492168,491773
522024,523098
484183,480625
458568,458702
172328,174092
21707,20742
549747,548539
97866,96201
160418,159632
17095,18220
75191,75505
348776,346245
20590,18915
219576,214499
381370,378074
425151,423022
527041,503805
105743,105752
310501,310835
168658,165071
63351,62723
485763,483650
18836,18719
377104,375408
294957,294767
52141,51118
436253,425086
48617,45706
365150,364059
337142,328808
203099,198576
20741,20373
72739,73816
256662,256638
34301,35029
320778,314664
106145,110993
237983,232459
139749,139487
332059,332713
457576,457270
477931,482112
476515,476835
465729,465558
290343,289674
551482,554834
320119,325177
497950,499276
538949,546811
105556,105471
167356,173239
29401,30131
121006,110011
429857,429827
162947,162940
78365,77797
82802,82947
140865,141038
30804,31389
325157,322414
62201,62021
75330,74993
191847,191575
272313,272148
277758,278054
563025,557176
374826,374033
457250,457234
415275,415274
98048,98395
74145,73971
283431,282070
255631,255628
251163,251165
364005,362920
370876,370849
290287,289876
561047,560655
97269,98815
289836,287725
261058,264341
306489,310266
88688,89676
407678,408126
436186,432588
62462,58712
105687,105657
478631,478634
138094,137660
238960,237368
260526,261605
89420,89194
462087,465835
563550,563547
461531,461416
362002,361996
330016,330023
228241,228252
103522,103675
84739,84623
82418,83441
482984,483497
107015,106741
374332,379644
218871,219219
304533,304994
432426,403113
99473,99546
177501,168738
221273,222460
270813,270286
203232,203264
213703,213217
517154,516724
251978,251983
60526,60508
48902,48886
139589,142425
562402,563696
165183,165191
501384,503319
315814,317539
19463,18815
393342,393733
253075,252969
462272,457613
90167,91063
472541,472535
106890,106988
441162,436810
450893,450925
236584,269043
63035,63030
452215,449370
23408,23883
407853,407860
178802,178333
491773,490817
77384,77388
451761,450331
82717,83053
155136,155542
175899,175483
418913,415175
32017,32387
264652,264344
472965,471708
70445,71395
483853,492307
205624,209708
134299,133585
332063,333557
39597,40224
440735,440506
407276,406886
279138,279165
525407,523098
116731,118773
400553,400548
399326,398176
143037,142499
69224,69218
110533,110563
393319,393698
292255,293251
311178,309839
269139,276754
510878,508930
305737,304052
3929,4323
25915,25174
299376,301328
70403,72458
558359,558203
118814,119201
97208,97817
365150,371711
502378,502382
41269,40744
297495,295318
370745,370179
140544,142499
266474,266471
572561,572484
63333,62225
530593,529251
560316,561710
585496,585590
102376,102260
106777,106255
157934,160580
229361,219452
499790,502926
415747,422787
585028,584209
291056,295505
58114,59641
65853,66626
201896,196871
26059,23367
412937,412931
516392,516053
285224,285174
74803,75423
58441,58723
296941,296960
29147,30319
393060,392036
25952,26129
243137,243158
537602,537622
89992,89987
32431,33046
412396,417653
291454,290074
327663,325925
380553,379572
101068,101777
293029,293129
104610,103796
96960,97068
537340,539315
141038,142202
509519,510306
100073,101633
38714,38711
201580,197173
230125,217353
482355,484455
541982,539585
42707,43820
401763,364338
115960,115946
84234,80894
181791,181760
401435,401433
808,1855
35434,36261
185675,184482
443847,434699
112957,112865
113743,113774
111850,152666
53252,53291
374927,374920
54856,54832
105091,105923
462800,464900
83946,84934
52627,56622
32972,32945
101691,101486
247318,236559
20509,19999
476998,459841
418550,410210
106552,106405
213959,220324
590308,590131
173450,172616
21485,19527
48825,47674
940,977
252902,251110
253831,253825
66812,66792
405470,439174
474391,469757
218838,218844
416404,420521
110427,110704
11457,12214
290771,290127
118800,118766
76768,76272
93756,93434
178795,138105
524101,510043
67599,67552
418312,416811
283213,282399
138450,147202
586339,587836
495242,498563
402784,399556
442303,444273
44883,43792
72874,70768
88675,89121
302133,305105
84449,84191
77952,75914
420751,423125
72570,72986
4323,4440
248062,253433
219422,219403
105657,105687
415997,417672
515559,515542
275234,275738
78918,79046
378450,377366
196586,195726
47329,48429
92295,92305
459276,460322
255473,256896
55470,56306
366185,364785
20590,23481
376687,376303
90292,90092
69657,76722
162777,178854
280520,280432
304050,305025
276497,274518
105090,105185
114379,114229
522512,522476
181218,179833
135337,134611
132684,132690
382278,354276
520460,521684
585180,585301
183686,183694
430935,431031
522526,521593
147051,141962
546131,543916
64353,64416
499040,499901
189404,185036
187217,184800
299074,300132
301428,301262
87967,89676
480305,480516
401429,401431
21596,23359
487555,487310
155307,153761
364851,363616
9638,6384
565655,566177
370815,370841
226945,226816
37683,36040
67413,67226
81968,82965
532119,532310
381842,382180
236620,236835
316409,316412
216501,206793
274722,279056
288601,289328
237869,207825
97017,97899
75942,76151
203491,203507
534787,535828
77535,77533
262912,262918
120802,120008
58711,67525
588757,588764
15689,15432
263823,263714
435398,430911
380078,381050
52240,52740
445511,443785
568816,567884
450776,449346
97263,97150
527334,527520
588413,589112
223727,218023
448971,448431
24238,24070
1951,1793
502079,503661
104499,105177
36656,36492
228152,229959
219269,219351
138139,133890
64918,64685
323850,324978
84323,84400
32087,31573
219363,219925
285750,286186
519920,520860
237368,236431
107492,107324
505118,504463
354933,345062
338440,332043
372361,371356
77369,77375
493857,493859
39936,36417
106334,106250
482099,482422
220638,218931
342361,342911
274226,277050
482112,477931
13444,12127
374033,373970
68238,69297
556000,553456
73971,74145
545179,546130
320277,318869
56882,57840
253590,263458
32945,30799
59620,50450
92483,92303
588311,586286
495268,494954
109773,109995
68207,68240
292484,532555
574212,573981
156576,156172
316264,316275
227088,227496
279121,279994
112860,112558
550367,553110
289748,284044
38209,38178
72261,72312
109487,109759
20212,20035
123758,121043
441131,441100
374505,370127
298169,298913
413045,412574
376025,377447
377046,379162
95791,95592
63769,61710
175765,165123
302526,306019
90393,96857
389574,390224
320494,314507
358721,357955
51261,48055
38851,38934
21644,22408
138531,138523
503087,507287
85563,85747
430428,432867
46906,47818
66741,67706
367750,374400
74601,75183
486306,485126
382890,382686
96693,96460
248962,252966
107038,106274
489484,486868
9433,10063
177070,176961
326612,324427
52591,59950
530121,530789
394346,390910
46127,45205
265303,256896
336149,336202
427542,425059
431339,431569
104070,105631
10838,8950
468329,452709
406676,406868
144735,145184
377907,377346
6842,6926
427862,425414
10555,5629
290331,289989
73252,73356
73288,73013
109249,109324
373627,363670
43781,2622
300175,300194
558592,559664
161850,162279
536065,537146
244626,244619
92979,92563
60728,68243
380078,380058
244669,244666
504700,504702
105367,106274
288975,290216
514811,511868
72515,69656
110682,115305
451076,450309
244621,244625
557282,554409
403434,419023
20769,6076
424698,421984
92853,92050
337895,332857
45833,50719
24822,32928
173845,173413
62699,62788
249643,249647
98386,97776
88878,87870
562822,564497
271865,272468
493487,497121
523647,521475
403649,403527
103514,105668
215911,216807
547721,546720
82253,82252
76217,75124
25548,25461
532555,534210
79463,80033
35636,35649
402042,402038
509507,509519
222758,222780
116837,116597
307860,307400
91598,90797
70630,71390
336727,336676
320248,319391
182770,181375
81274,81271
418655,420427
250538,249694
316775,327530
355825,356493
36168,36045
54322,54337
189374,197039
317565,326114
369032,369341
351589,351784
440542,441457
261352,263369
98815,97269
186037,185037
42062,43470
445804,442748
216134,221874
387418,391551
202175,203722
511008,505431
327535,327541
269647,264543
245780,246192
8377,7036
308867,313165
539861,539727
249807,249192
171858,176351
498407,498967
164047,164602
197387,193804
454520,454532
280268,280856
469191,455170
578191,575948
389410,389417
102002,102106
272517,273487
173583,176906
409731,412396
320277,324427
273211,272363
386846,390170
368297,368316
300446,291634
95226,95353
462893,462944
165071,168658
6579,6918
143798,146171
384858,384852
175277,175869
363978,361882
522816,521815
386974,387322
551534,552503
542006,536495
452777,457504
584452,584456
347797,355551
264164,254342
487733,490324
521596,521553
559201,559585
355089,350678
46352,46425
28870,29694
249978,249962
419667,419315
539727,539861
61896,63432
474673,474678
363871,363863
316183,315428
115368,114960
380426,378891
40066,37055
543919,543867
470727,468984
24167,20796
533586,525927
123857,123547
237926,237674
311740,312311
96817,94349
106357,107176
325119,332059
245071,246337
346307,347076
471346,464653
258207,257282
29181,29340
311986,310273
531831,531922
585123,588959
441142,441131
267116,268707
476680,476585
171033,170844
529251,525726
388500,388525
366832,366263
410629,411936
30084,29494
56643,57076
148662,148839
109324,109795
539585,541982
523045,525919
507760,508614
521696,520174
198371,200042
588656,537278
373627,377738
266147,270134
219582,219584
105258,104184
459405,459901
165201,165212
131830,130281
555921,559339
28870,28084
564774,564820
17482,5627
506791,506658
226353,225562
325268,325119
87433,89716
56113,56106
244325,246092
248808,182943
12622,11671
97702,100474
371449,370044
422778,421443
29150,31292
242116,242118
238518,236757
217517,217402
207268,208050
148501,148116
409643,412793
425151,425417
47990,47818
155941,154253
139576,138945
187337,187858
236175,236166
507220,513722
507757,505067
565793,562301
98949,99125
205072,203722
556551,546098
210457,203915
236431,234816
148429,145365
539163,535418
542301,542292
208123,209853
316277,314927
140368,140049
172161,173879
552515,553343
354320,356568
246228,241792
106164,106083
453784,453149
215999,217863
503358,506975
81065,81044
83243,83638
209853,208123
138421,138519
361368,361915
393512,394282
579112,578184
130516,130518
378450,378712
44342,26101
280937,279838
3739,1951
205550,206356
82047,84524
145365,142762
41746,43181
497848,497072
543370,541395
463616,463502
293851,291121
533764,534364
159879,161129
584049,583098
79987,80084
67200,67041
158144,157792
103010,103183
361928,361915
47818,46906
166157,163791
115936,115072
112837,112842
95195,94890
104698,87456
490541,494066
127464,126205
297117,295901
535843,537891
398867,399305
308558,308570
294164,293688
206430,207435
309839,311178
458235,457392
297633,300332
18195,18219
543119,542873
458262,462221
172764,170334
414796,414810
472400,472387
585072,584485
279274,279541
130576,130518
566210,569489
4231,4237
60819,59662
267399,268458
261057,261058
406007,406469
275078,274611
468727,468730
78423,78453
408105,408545
232718,233749
164676,164669
147481,147214
415849,415847
279436,279818
88347,88395
282003,281995
120085,120074
142338,126747
108431,109741
308384,308524
255628,255631
66466,66025
424865,423951
15372,15432
35485,36045
553184,553181
61329,60649
408126,407678
84670,84811
66274,66205
211522,210519
533231,533230
425911,427601
137309,137304
452215,454664
440923,440775
17518,17148
326864,326612
453403,454075
543531,546684
371478,368343
92189,92180
255984,257521
177255,179587
285102,284918
291758,293417
372760,384358
491891,490855
7660,7802
106052,106086
80944,81493
342391,344554
474391,475238
563547,563550
278609,284869
251580,251888
483632,484019
243753,243770
56537,56223
589124,589530
471889,467979
380944,389865
313478,313748
514811,515145
115975,115803
89274,89269
555104,555092
67514,73834
149066,147684
122749,122079
332846,332672
159256,157395
479602,481071
38474,50450
315918,316500
407805,405892
107574,107571
19282,8747
559585,559201
136189,132654
404931,403972
278636,279121
287565,290074
32976,33017
93756,93788
364437,368438
580385,579963
495239,495236
408101,408105
96119,96135
88229,88257
407861,407864
85680,85905
196586,201207
1059,999
539267,538748
194713,197936
84525,84540
305390,305050
303133,303129
386465,385916
145148,142883
490527,490948
416234,416276
138349,135207
8065,9503
180094,180088
84061,84032
93900,95206
386357,386733
459681,461543
30119,30296
586518,586219
150591,149066
262786,263454
260835,261051
63014,61299
354819,352671
507549,509764
563405,563577
215762,215773
193777,193804
254906,253231
115356,115491
39877,40700
401535,401296
381689,381993
48105,47849
130556,131153
376377,376616
163088,165514
425834,426659
534595,534589
511636,512414
210251,212788
424276,426402
43863,43325
111052,111028
374421,364420
96895,97025
583210,583010
387758,389392
375408,377104
237537,238605
232172,242262
356568,354320
275166,274779
312898,314838
332321,326114
91119,87757
277075,283372
112575,112580
534286,534369
290796,290806
452966,452948
190754,189266
14337,14921
5712,7577
574058,574055
469259,468730
237208,241705
12719,14613
363402,363471
258038,277393
220707,220874
473713,480650
26101,23520
285392,283746
324777,329961
248769,247501
17465,19959
582718,580834
179033,179027
83901,83638
98826,98910
179713,179725
346491,347653
453872,453935
43810,43798
79063,79083
77535,77537
59475,58880
136578,136588
38711,38714
477560,478178
241397,241067
141785,141390
81994,81133
362450,298298
21485,23077
93087,93092
103563,103389
344849,339939
8056,8123
232963,233476
527364,526235
172122,173927
500049,499276
92588,92590
552804,550978
269846,265107
435442,435536
176192,169457
242484,243028
534967,535776
166157,166450
497539,499326
94596,94746
108372,108303
86653,86453
439223,440762
88048,88409
180480,179587
38969,39480
356005,356010
481071,484078
374923,374698
113214,113357
374332,373476
389074,389041
135889,135746
163699,163842
500901,500781
308384,308016
165123,160312
159096,159154
6203,6204
41977,38717
103536,103390
352578,354264
372851,365710
17750,17579
229361,303190
399552,400323
405414,403888
517599,517588
124217,122740
530600,536976
557374,557572
291775,291974
207130,203099
267149,267155
51588,52134
316295,319780
153757,152489
93114,95399
317178,315145
20797,33548
17518,17579
148424,149453
496505,497668
539315,542873
466717,466477
426249,424994
162121,162128
5712,5162
66741,66637
247753,249192
551283,549582
165156,162838
341070,338814
493088,495701
575381,575413
99936,100561
219828,206247
270590,270596
437614,445373
99013,99354
111984,114204
43781,45176
64050,68746
21707,22226
566153,587963
263903,263915
30393,30977
105558,105578
357869,360591
184312,181290
216535,221120
365602,365287
204060,206851
360455,361475
370616,368728
369188,368352
217536,217672
373941,373930
403434,390651
167086,147933
129237,129920
69988,70212
84416,84678
571828,573743
366966,368280
35063,34234
469757,466726
508874,509743
299559,300879
87967,88688
270801,270792
47225,46636
587915,586424
255165,254169
85142,86660
52134,51781
304822,302580
267399,266474
399781,397260
260656,258730
210822,210457
53117,54924
116811,122117
516194,517656
503763,504248
516190,516194
368332,368343
161708,161692
272363,273211
402938,403036
316183,319807
136722,136715
36666,36058
134889,135287
296708,302110
184853,186824
65416,67223
443110,446039
484476,484508
111317,111377
473160,474197
188553,186985
483288,483030
498523,498528
453860,453872
347315,345610
367742,365602
281234,286222
51661,51695
404776,403818
414765,417969
118442,115631
442672,443719
26645,26132
60122,62021
130559,129788
161721,159779
49625,49534
205947,211981
222954,225221
51781,51588
270582,270572
522088,519708
353878,349730
182284,182291
102250,102129
500048,502004
93258,93271
88500,88480
88505,88824
460413,451827
405355,405349
60591,60755
58600,63649
457427,457021
173013,171924
46311,46160
541921,541004
106485,107121
97776,98386
420532,417809
73013,72515
100307,100317
76739,76341
124966,124495
87017,86653
197354,195419
342499,338100
63215,63035
558999,558998
300332,297633
286262,287601
250310,250063
274066,274999
540762,543088
284956,287565
498917,497976
236262,236757
380944,371800
41145,41143
257010,257329
325386,323279
44029,44128
12127,11102
58114,57474
179402,176830
107571,107517
97642,97581
456760,454440
588008,585297
524506,522246
80944,80932
237368,238960
106405,106552
508623,513128
26190,25066
386859,386838
273220,271541
28620,28635
90721,92167
358034,365328
263586,254356
103857,104051
108304,107637
174017,173984
373391,373060
339898,340610
48925,58436
207503,210336
557566,560267
286574,286509
7825,7816
423131,422637
406886,407276
415997,412793
69657,60755
109980,109993
178885,188338
90608,90546
482084,478792
210336,210353
416751,416638
303654,303610
219251,218964
110063,108715
105474,105423
540466,542298
273889,275032
48808,50280
412148,412135
161318,161296
462244,390421
289439,290541
444196,444205
289844,291758
177231,167031
411426,416287
51695,52031
566905,566149
186297,182604
476297,476286
167980,169209
553184,553238
342277,415274
194967,195548
134889,134295
103570,103539
197163,192305
59899,61388
217519,217749
177419,177416
155591,157151
292484,293982
38946,40569
242684,244539
54931,55067
571767,571828
533025,534350
134664,136055
402667,405499
136888,137304
127660,128913
457259,457250
25703,25970
103702,91950
115394,115572
536990,535159
374495,374920
100122,100192
331580,331584
576092,582779
121892,117254
418312,285058
274883,274684
285231,285735
270572,270582
328468,335915
392712,386771
79899,79599
386771,392712
184999,185037
215885,215911
108342,108547
150480,152191
507272,507524
96460,96135
117366,117293
490948,490527
295176,286351
199017,198292
365795,363214
92418,92423
549009,549511
47029,47663
113422,114678
303310,302698
49469,49476
548539,549747
21223,21227
350081,350118
29401,29013
40066,46187
98403,98431
262036,261724
503358,502657
363402,361755
397853,399570
188726,192447
402102,401451
521640,526796
309709,308723
195694,193112
111759,111752
138139,141843
92649,92305
71655,71677
93507,94056
235695,242484
269771,270788
320627,320277
87416,87406
468216,462261
283718,281948
85437,86153
564497,568972
45362,42120
508241,504837
519973,519964
528195,526891
441910,439639
363616,364851
488402,488398
495511,494021
8456,19523
390639,390847
253276,255787
221612,221613
400297,401451
275709,273193
195153,194612
524174,525187
431569,433300
252804,253698
330116,331580
365054,365541
187298,207831
266466,263935
423508,419124
317539,317623
103130,103080
343781,343808
113380,112842
82385,78992
419315,419215
457407,457365
360475,362186
86716,87129
588391,588341
154305,157395
111041,109741
364420,374421
66788,67235
112498,112575
219425,219441
60728,57269
471476,471117
477200,477192
173239,173583
476515,476335
54887,54958
27734,26637
75534,75478
97642,98012
68746,68715
239693,239561
137404,137569
286382,287171
365676,361107
14757,16853
516223,528279
494806,496968
76845,76393
476372,479790
261831,262876
283435,283433
266318,257940
300626,300365
133163,135340
362987,360064
80360,86573
297809,295569
538004,537744
180109,180105
533859,533934
194637,188571
538745,538910
270818,268707
17482,18626
56380,56617
471784,472535
465387,465428
449835,450223
525919,526851
185036,189404
95749,95913
333052,333707
300696,300703
220823,225562
130576,132295
475532,474807
64133,28195
206420,206430
172404,172515
476307,471393
451999,457995
447151,444643
553135,552868
269861,270144
133163,131502
6579,6548
545553,553599
81863,84224
418855,418909
188473,188939
549912,550952
103715,103570
552562,552575
163120,163791
379862,399498
112311,109395
450654,451214
282031,282033
274779,275166
285750,285442
423596,423130
435956,433854
356018,360570
323320,318003
134791,136446
78138,78125
449831,449834
87549,88098
139305,131428
240264,233579
291043,292647
396088,395749
118015,119325
129860,130357
119325,122863
170092,166645
21281,13773
5393,10727
492394,494788
101070,101486
363067,373093
35092,33932
537340,534814
308570,315163
11321,11879
306622,306615
189648,195419
578782,577442
443771,438713
576732,576723
350118,350081
91324,90661
59627,57293
39858,38210
70107,69961
531428,531512
1433,2102
493888,493875
79150,79538
112125,111059
123645,121577
262683,261616
451705,452151
72483,72543
253075,253758
412396,412347
44491,45342
114995,115085
142671,139956
104964,104091
93459,93881
528401,528195
152489,151973
576048,576040
113690,107545
587919,588293
458510,460372
220346,345412
263561,263588
25461,25258
190341,191575
87369,85389
90722,90919
382283,381931
93461,92614
399570,402358
76391,78079
277963,277772
154852,154478
442100,294767
443785,445511
242624,240434
548436,542078
336241,336202
470199,474432
583787,565066
135398,135406
201131,203129
112985,112990
401022,401034
350032,367760
157657,158109
115408,115388
48781,48886
48886,48902
317741,317623
79046,78918
201005,201677
256465,256456
456436,458262
225321,190992
83934,83940
342077,342087
379627,377968
548844,548265
323279,325386
360013,359927
279378,248808
386415,362450
52630,53657
77666,77593
83995,89669
119986,119965
413666,417128
489690,487289
105631,106731
234781,235889
38167,38042
518690,520292
53594,58436
464716,462137
526965,528011
471876,472421
73104,68368
367775,369124
383388,381764
83629,67223
3322,2932
300199,300194
503782,507259
83532,83505
101888,98548
354264,357154
196746,185040
418326,418327
210101,206646
184959,184943
523859,523647
61786,64935
433622,435232
321881,309680
449220,448338
117234,117233
505832,504349
148801,147687
133896,133821
562580,562126
107571,107574
420836,420505
92374,92368
162838,165156
122117,116811
34736,32928
45833,45787
97320,98526
587378,588341
242115,242114
301474,301428
14768,16079
29050,28276
112334,112335
402391,402387
105672,105711
556828,556827
337516,334695
368791,367596
36177,36168
120693,120691
72849,73995
87179,87172
368558,368556
340579,340651
164429,161924
147356,146152
297141,297540
489481,489477
189360,190762
559547,558994
121083,120095
373941,376967
538746,538761
400054,400298
451827,449459
481901,484619
512374,520050
75758,75505
138266,170155
113476,113414
541758,544183
534380,535891
537563,538566
493618,493961
490739,490731
49670,50891
66548,66195
368352,369188
122457,112664
527073,529502
75330,75408
641,11124
493194,492852
430358,430416
294089,289440
76795,79823
575418,575433
589789,588611
261053,254233
367596,366586
198818,198810
77156,76769
83802,83826
98070,96125
538717,538716
266147,263295
453311,453126
202648,202235
206209,205994
425600,432391
61362,59772
24054,24178
326602,326191
110383,110416
117274,117277
201540,210293
163032,157935
164666,158187
320627,320655
456424,453877
77853,78171
170844,171033
114458,114776
153200,152254
588293,588427
116293,116250
26154,24206
110332,110427
222785,233741
133295,135727
457234,457250
412931,412937
517544,519792
478581,480625
50197,48825
585024,588610
45799,38685
55470,55001
353099,352090
453830,453825
400326,400315
319391,318705
470686,470279
102974,102945
430911,435398
342255,309502
222704,220324
230527,235116
272363,270316
303650,301534
91428,91391
195776,194565
368275,368297
297254,298035
457692,462800
341427,359271
440506,440735
65762,64026
101617,101631
85281,86152
150799,149749
66916,66859
90146,90251
154261,148806
80926,71363
492868,492361
373238,377061
33832,34055
228276,228637
46543,46514
543531,537483
329229,329253
205375,205878
531922,531831
311089,306106
273570,273510
116755,121518
314137,314972
516724,517154
566284,566356
42120,45362
521553,521596
222656,215156
223099,223081
54316,54931
586898,587894
83275,84550
81262,81269
85692,85440
295006,299559
381287,380653
17754,18403
441640,439859
161966,159913
318958,318957
95933,95870
32451,32505
451989,453764
239568,240028
443104,443083
585381,582723
529251,530593
451232,445679
56022,59381
83569,84623
489484,497293
155948,157713
181062,181532
9996,6076
572167,575470
544047,546394
327533,327318
556576,557893
120159,121859
370808,369654
409087,420462
284146,282452
575110,573962
252110,253590
40077,39936
296593,296558
475315,473080
581060,579037
228919,243335
532555,530380
217483,215734
239609,238847
165591,168544
84891,84357
33708,32783
117472,117479
95731,95870
100369,100744
574704,560977
177416,177419
343369,343921
43787,43794
542707,545060
362987,363020
523860,524303
478834,478841
282190,283037
572018,575481
70134,53184
93088,93482
369792,371800
47306,52403
412652,412396
286789,287202
377327,375545
102742,102624
528011,526965
295912,296708
375368,374944
559967,557783
526401,528238
523883,529925
557764,557761
98141,98167
540847,540250
11709,16153
43730,43394
478861,474197
197041,197042
574612,574704
305729,303935
466368,466512
452709,451288
509482,508745
262353,261702
301794,288601
216501,214966
106466,106538
386869,386859
163842,163699
452796,453135
477230,481167
386761,386767
60860,66624
417428,419031
71589,68507
18219,18195
520683,521553
87074,88317
472783,477931
546429,543370
241727,196746
391885,390753
305672,312045
416811,408667
216154,213703
522268,526235
556886,556808
367775,366201
58964,72387
553599,557001
233158,230809
313159,321411
470973,481021
341676,339543
537928,537940
316264,316259
204853,206117
416010,415936
246835,246804
309110,306729
90990,91112
44132,44447
170322,171756
548307,548304
167569,167911
522180,528458
375573,372985
169977,167557
349473,350081
448083,449002
407307,407366
567735,568033
406959,406656
310468,308968
498202,498198
203584,198042
261596,271629
390639,390367
500943,500905
438571,438573
519792,517544
79823,72387
507743,508402
98598,98903
336360,337211
66044,65133
128104,128102
440822,439174
234842,232063
120659,120840
119548,119582
75374,77369
435003,434932
75478,75440
86417,87713
63140,66195
413144,414765
566153,524506
448922,453089
344059,342087
430461,427672
296122,299364
450925,450929
588658,589494
76503,78243
50705,53203
329352,329899
199997,203904
459450,459762
333588,331760
41098,62916
427946,426974
101514,101533
127875,130628
374944,375368
59659,59675
92565,92557
135674,134446
135653,137541
446511,444608
451232,451237
135578,137367
18341,17463
421134,418312
410404,410350
410008,410350
289272,289255
394721,396382
69999,67051
74250,73731
523579,521756
26075,29150
155450,147129
464234,464969
112861,112631
159689,167755
176347,176869
63777,46362
103368,105477
51211,51223
53902,51938
467880,453755
74931,74250
76739,78065
157561,157519
25326,29412
357840,356472
434786,434785
98193,98304
129690,130086
425417,426916
149066,150591
289536,291714
445841,444358
332250,333424
398744,399582
403036,403819
955,924
6631,1855
186182,190502
115776,114686
26263,25548
439097,437328
302580,305672
246199,247315
38395,39828
495268,500012
44318,44800
223854,217863
376057,382417
373270,373326
101161,101498
469678,469259
304455,303542
39725,38356
374678,377207
222209,222333
140552,140553
391134,391290
57082,57078
343921,346154
96147,95963
41794,45891
26731,26713
295722,297015
169765,171405
286866,286540
388049,387618
2884,2763
52273,47976
105097,104945
530220,530215
53117,52273
210038,209387
294767,294957
16266,13922
12618,12608
274846,278486
135607,138164
246036,249148
372162,374944
112037,112048
143281,143384
363656,368231
280520,280660
152611,152237
340651,340985
100497,92203
272517,272316
41445,41145
347076,347107
93187,95157
103673,103698
316659,308575
58145,57840
399781,400220
6631,6661
6052,8674
337040,359898
294961,294957
270134,274578
96857,103962
95381,94470
345132,339617
85066,89194
284448,284970
261605,260526
576585,577081
46109,45146
313147,312972
226547,226648
386219,386218
203476,203478
169916,169806
172760,173015
440089,438573
472523,445604
114142,114113
470727,472351
308811,308813
363938,359942
249962,249978
515783,515366
538956,533336
220264,220178
69110,68994
42936,39725
389377,389371
108961,108788
342326,342311
159278,159689
376204,377046
450871,452868
246181,246199
132819,136660
47766,47960
66435,67664
72312,72261
407255,407206
399383,410457
557129,557131
233579,240264
358792,358960
549972,549747
250084,250102
403888,402909
326114,332321
309476,301982
174052,172883
468228,467998
129706,121518
538240,537279
169457,176192
61329,61759
257474,257815
565636,568741
2165,1600
319008,322431
382673,382470
112860,113457
264181,263808
25326,23882
13232,13277
249102,246571
138895,139349
95177,95689
524215,524492
105411,105672
404031,403910
482355,480792
384852,384858
463943,463373
114678,113422
139749,140577
184000,182256
443785,443771
284181,281861
214657,213832
33234,27239
579954,579790
444282,444762
534422,536442
537986,535776
474673,473186
57161,57133
42199,42733
47849,48105
429751,429767
443630,443237
126525,126378
291714,292484
87635,87689
314342,313741
41977,31370
228267,226107
80997,80870
105848,105807
10050,8113
296246,296558
462351,462700
548513,552962
196329,188139
220346,121013
158386,157659
79995,79555
483343,483632
60649,61329
366633,366655
95991,95905
48579,48866
542937,542062
17613,13502
420521,421279
66736,70839
171125,172324
127464,127478
31678,31299
207935,198781
232140,229205
111317,111117
449344,387631
546131,546185
280392,286434
92392,92389
369851,372303
589597,588311
130127,129713
434394,426424
228885,227566
176830,168893
260843,261463
502093,496104
313748,313890
64198,64303
566000,566788
410457,399383
95309,95295
213563,220178
399570,397853
443438,441457
455376,442100
295994,286241
563522,563528
220327,220289
71783,62311
257940,266318
89364,89601
589701,588610
344258,344261
570021,568818
274611,275078
373500,373414
327597,366340
48465,50002
228033,233900
109995,109773
389261,388204
490182,490817
75758,75859
77444,114208
50709,50183
264164,264206
213808,212788
561889,561757
218663,222615
428354,428356
134818,134355
397736,398428
419013,425006
452630,452796
309818,309614
107492,107015
117588,117845
83976,83983
281981,284044
26270,26129
98339,98239
430701,431109
121513,121507
384364,384358
88739,88744
218838,218832
54322,53731
115382,115273
470880,462286
396382,397570
152626,152545
303980,303036
567259,567088
49552,53252
441573,439312
568972,574049
539708,537940
392734,391533
391911,393186
45510,62372
374401,374407
132117,128175
120061,120306
157358,157993
31372,46921
515989,516454
64793,64973
407521,415916
13580,12214
249336,250886
290086,277715
435532,432375
358263,358512
8668,8649
241152,240437
276415,276410
566357,564260
17579,17518
384845,384765
141487,136403
92276,93182
65870,66596
136251,121222
117137,117117
26521,37751
584135,584143
279056,274722
88813,89177
215999,214761
112664,108523
72829,71871
249811,248654
301980,301979
118729,116554
480223,480718
107492,108788
423455,423413
64263,64353
62040,61262
321911,315913
425994,425986
527389,531673
77865,77730
397468,396407
143223,143324
542062,542937
132684,132678
376057,373212
187915,196265
107314,109805
357898,357959
219303,219429
347900,345974
379242,379343
45962,41446
342311,330675
557421,551681
91339,91272
339206,339210
168912,168929
345268,346970
377366,375020
241897,241829
30084,30393
293561,292952
76845,77125
123059,126694
87575,90722
204595,204737
46376,46539
91754,89420
95568,95345
360084,360013
38258,34273
283444,289354
272148,272313
578550,574954
557783,559967
211331,211660
395630,390043
319332,323285
402399,402391
464441,489694
441045,441100
73343,74454
18032,16011
446,7036
85702,85707
318869,317525
446380,448531
241152,241055
563549,563578
34382,34579
259492,255565
290132,294142
457679,458114
157395,154305
256361,259469
67887,67231
308457,306839
190021,188301
212795,210696
116597,116293
112512,112534
414817,413069
114085,92131
397553,397729
382736,382744
180088,180094
170920,164429
376189,375878
281948,280660
275234,272156
403735,413700
409282,407805
590327,590308
28873,26190
32928,24822
287202,287725
279138,277974
472387,472351
316394,315071
84579,84573
230754,230775
216477,216478
127243,126755
143164,147684
455942,454835
118418,117845
278054,277758
396223,392734
33409,33389
255409,249357
460853,461561
73900,73543
169177,170784
273038,274594
328046,330030
470973,462582
465609,448936
85703,86601
298592,296241
312972,312945
89676,103136
63991,63478
89421,89785
38267,38387
252966,256641
3487,3322
426022,424814
308524,308545
509743,508874
21326,20290
387567,388332
30319,30504
93900,93848
38818,39429
221900,221635
476399,475766
420505,419971
59011,59779
38750,40234
112664,122457
98343,98254
17073,20330
203176,203163
450323,450223
75591,74837
477773,477784
182876,181411
98633,95734
107760,109146
415165,412731
132304,132620
547863,546197
286507,286664
173084,172685
106743,106769
95157,93187
26132,26037
409901,409465
86137,85499
309530,311456
276085,273570
498635,490914
579207,578299
20783,20778
182673,179897
476876,476835
552922,553171
107342,107478
219403,219422
119991,119998
185037,186037
306559,316177
339617,336621
552867,552868
398428,398547
116101,115926
256640,256654
137404,137309
482204,482314
459681,457286
374654,443177
324532,327483
88899,88652
575418,575413
543427,543096
64275,64660
113104,113414
109795,109876
252941,241792
10138,12900
45895,45998
238210,239568
389571,387066
113435,126201
104640,104860
84678,84416
125139,124728
322501,322468
387931,387938
75089,75110
193019,191036
94933,90580
120909,115892
463391,463396
379379,378598
53184,45176
93887,93881
357920,353477
288673,288200
410649,404924
111772,111756
24992,24333
537540,536976
280047,280631
381382,383793
471483,473101
10847,3739
457844,456809
105923,105420
280937,281139
507549,504702
235236,236262
329893,328914
263875,264213
191209,191066
571828,571767
235957,237715
223249,223275
114947,115105
62450,61914
71407,71717
86220,85994
331580,330116
382226,382239
440707,440089
169223,159453
401548,401542
112351,112348
447198,446831
82149,82106
525187,524174
110269,110401
109994,110196
453825,451367
137044,142711
56182,55752
96326,96357
589748,587919
415747,411610
46949,47771
528973,530121
276970,273763
573501,576804
308830,308815
12214,13580
9552,9853
252424,249647
429313,430403
139686,139935
174376,176046
130372,132524
401772,400445
530789,530794
588821,588818
265653,260756
79300,90580
415279,415275
141112,142867
562822,559358
46612,46257
85418,85440
327665,327626
112257,112847
557761,557764
29451,29352
404966,405349
393342,392973
86486,86220
108706,108995
549463,553444
63677,64770
137586,141731
546811,542299
253763,253714
162117,160247
64050,64005
558994,558988
102260,102376
118076,119317
123184,123174
393512,391290
523456,524473
472324,477560
242780,242273
87757,91119
25258,25070
106255,106777
529209,519393
532555,534332
120915,116116
408214,408395
516898,516667
442966,441974
226945,235074
528975,531240
67664,66435
517471,517468
125639,125645
102252,102269
176877,164848
154051,150399
101510,101632
89769,90391
220609,219925
246671,246509
328337,336676
67973,71512
527747,533719
111140,111127
74730,78373
548304,548307
367760,369792
36227,23915
229767,229610
47802,43754
291121,293851
384759,384834
51734,51620
363856,363570
527434,520548
135679,141023
486191,486616
358222,358142
482318,482740
91213,94437
77965,76111
54283,52787
481949,482092
200042,200057
78833,79304
88899,88949
26693,24465
44976,44857
115203,116012
72060,72849
62388,63478
108303,108284
590180,587763
499021,496858
287305,287075
71836,72552
55498,47578
373383,369503
309433,310234
151856,151503
87401,87403
573743,571828
488740,487409
44813,44462
92452,92446
278504,278909
152541,152545
461778,461285
438049,434762
51585,51631
534369,535012
482236,478900
409479,409799
276493,279838
543752,542937
424698,429490
360491,356824
21318,21903
167645,166247
349276,349571
525390,525635
466368,464398
94890,94563
146505,144104
342194,342361
157617,160247
514299,513722
45926,48775
589,2485
441090,442807
58585,58600
123506,124193
151342,153510
330972,332624
25010,24805
378657,377755
398176,395909
327035,327043
248528,248956
19342,19793
426548,432376
90170,90414
519640,519628
152186,152330
85747,86633
572569,572449
25070,24297
56491,56269
28150,28133
315062,315802
46438,46425
126378,124508
150950,150784
274313,274299
95983,96315
292320,281052
144215,147065
116818,116132
115572,115962
575442,575433
587475,585762
521475,520701
266466,266468
553684,553655
211243,210878
19894,16118
89123,88925
44813,45885
92425,92423
524492,524215
256510,256557
274066,273991
244625,244628
68857,66757
345974,344490
237033,243732
231142,232821
10555,13753
357311,355089
59095,58432
519652,518833
521584,520994
258079,257353
183872,184145
425986,424112
402416,397057
161692,161708
450736,447654
319312,318823
72726,72739
338001,338398
530874,530798
484461,485715
247433,245682
75956,75610
94857,94883
394411,399378
396629,396675
417672,419639
588008,588611
18915,20590
112837,112830
453143,452151
104876,104712
321906,328808
533192,535065
69466,66999
431223,425881
393308,393285
556260,557183
38149,37070
27239,23283
561906,559403
429005,432933
578461,579127
552858,552865
192365,194702
499954,501040
82506,80084
284956,290074
292490,296627
137867,137301
485960,484587
342415,342574
386219,386974
72387,79823
429446,429084
554778,570103
143591,146759
427672,425038
63333,63856
449153,450857
103665,102068
126406,126235
143191,128516
150091,152459
132690,132684
39215,39443
176869,176961
390043,395630
590521,590097
257353,257329
116250,116293
40562,29085
191117,191237
103762,102351
12013,12169
61630,61905
326562,324007
448555,451288
41481,40322
590131,589538
407677,407655
71717,71868
453467,453698
418000,417895
119220,119210
112082,112068
88795,88896
384364,390994
78492,82691
329253,329229
100970,101560
116772,117105
368880,368561
44192,42978
19523,19775
12892,14716
242780,245871
567871,567872
250497,248344
255957,256036
88016,88003
168893,168854
56085,55929
286518,287150
574330,576796
213380,215728
452868,450871
111984,103962
412396,412652
214595,211832
371449,377550
79241,79530
390099,387563
11626,10672
575470,572167
97825,98372
402387,402356
340926,325386
128913,127660
475535,472968
468708,467997
406256,409873
67819,65194
321509,328046
92180,92189
18219,18256
33046,32431
118782,123790
205540,205038
389167,386778
48666,49433
243048,243137
71836,71828
462019,461778
103706,103626
395690,395687
38153,30586
386760,386761
549801,558810
109185,109116
107164,107637
545471,555220
7277,7755
59779,59011
588818,588764
453655,450395
118161,116101
214416,219174
209041,211755
320445,320726
258573,248386
105016,105070
284656,282428
107709,107329
181596,182279
114746,114796
108681,108428
425550,425010
10454,10965
103522,103293
42213,42178
81366,81442
583812,582531
42023,42054
122920,126755
64645,64809
109773,109235
367305,366474
487848,487928
590097,590521
343921,343369
109718,109713
447169,447164
108236,106822
39414,38311
78226,78248
555893,555966
500699,505278
586170,587321
21280,20082
43158,39710
296960,297141
184154,183508
493374,492833
361097,361117
364338,363962
497649,497655
582062,581299
425038,424969
439461,438337
127875,126367
63432,65502
235781,242673
403724,402673
308723,306047
236584,236581
270646,273123
145593,145260
150701,145919
157624,158734
555634,575461
424089,422726
276537,280809
476585,476446
508040,507248
378598,379379
456318,457086
576749,578299
92389,92392
520168,520820
131430,129937
88665,88612
484787,484037
51103,42548
351434,350118
2883,2920
73056,73058
40329,40141
471393,469269
223634,224082
91833,92295
33004,37145
220614,220647
385916,386465
187292,187298
118095,121384
452658,452136
494946,496505
82965,81968
113476,113719
542489,543246
132859,132766
401059,401034
106758,83781
330675,316309
232154,232140
299740,298725
306634,306638
141320,139305
247559,248049
361882,363978
294983,297542
549853,545981
140322,141142
31307,31575
67685,67235
55034,55773
101508,101509
113206,113053
102215,103064
427826,427575
24465,24202
527963,528571
506959,509507
92979,94031
26265,27375
99601,101256
533877,533989
585791,581877
50079,49283
85327,84224
332215,332336
354316,360115
526008,525645
494041,494668
112037,111975
370666,369638
81531,81322
164954,165725
570321,562540
8242,8950
84357,84891
879,9634
99071,98408
159868,161068
449002,449159
435802,434257
130439,121859
95650,95568
524668,525439
297015,295722
134448,135607
90391,90761
482830,477334
43008,42962
66596,65870
107578,107574
1600,103
424179,424176
197926,192787
93226,93103
550232,549652
8829,9433
429157,429091
263369,269981
560066,560482
34713,35156
121384,123575
568153,568150
506882,509771
277638,274776
57467,57838
127250,127259
538910,538745
504312,504852
54119,53783
581414,577262
382417,383771
456013,456263
75196,75577
124966,130281
115133,116643
266819,267873
551699,552211
349726,349730
558810,549801
493487,492307
115199,115196
330139,330129
46241,47578
68981,68891
494848,494844
431782,415916
563031,563405
45240,45926
471889,471915
113590,113661
362430,379862
469907,461531
428344,428183
494860,494854
8703,8674
126378,126525
550421,550439
436718,435881
274883,276469
100551,100555
90608,90721
250320,255382
105533,105239
161129,159879
21280,21318
10279,10641
175277,173015
113140,113209
357898,357455
37601,38367
270681,269277
546134,547835
363551,364818
83130,83137
120655,120651
303537,303735
12060,13922
336023,336031
270324,270144
500533,474522
322575,323279
380287,380389
286434,280392
338012,339665
261341,259305
26101,44342
74234,74145
15372,10187
60122,59915
182284,182279
431527,430403
404040,402960
585972,586424
101617,101615
318689,317077
287300,287272
561757,560947
461925,456800
438752,446939
72458,70403
367921,367941
96491,98091
522218,516894
116066,116554
473160,472225
373613,371445
488473,488545
551931,559403
364711,363978
452534,452932
166723,165052
36302,34913
401982,400444
463701,464840
567892,570282
164808,162279
440327,431311
9342,10555
565639,566201
287300,287406
452423,451761
46352,10470
277681,277669
159123,161420
375477,376831
31575,32976
104371,105415
263808,261735
429767,429772
71135,71086
546197,547863
442095,441712
545314,547775
34273,34266
85515,85511
503661,502079
586219,582062
546113,545132
81886,81968
105053,125757
240231,241214
542395,542298
46198,43722
53625,54350
115305,110682
421746,419667
31523,30318
94056,93507
184853,183242
112308,112334
88620,88064
343152,346307
175367,174815
287173,287176
490710,483316
455541,452832
363962,361341
341079,342194
18900,14646
15298,18403
567783,566285
8349,8339
493992,505595
453311,455151
237194,237209
107491,107121
186391,178686
81259,81065
74837,75591
550969,550592
39877,38838
251163,245095
26944,25219
340579,337683
201538,199790
142425,144881
486838,485276
586219,586518
302548,300940
364338,401763
314013,314003
581549,579854
526751,525194
566565,568139
143324,143223
587417,587371
400297,399532
24070,24238
520544,522156
324759,325100
38745,38581
382184,382180
112871,112581
43820,44210
379343,379242
61367,61336
441974,442966
204309,203810
29085,26591
338176,358137
57157,56350
117230,117259
212547,211647
321561,321743
512039,513012
182245,179481
370423,370445
8113,6661
97029,97206
394274,397338
360693,358625
470514,470507
528734,529548
489203,489143
136905,137996
473582,473609
338001,333007
115217,115267
277362,270963
389392,387758
219582,219576
229891,229733
500121,501478
235785,235465
535545,540028
549414,546394
254233,251760
120021,120029
146171,147214
299586,297994
92418,92411
9089,6889
113284,113793
186985,188553
373093,372696
54163,56714
29714,30279
416468,416367
235704,235634
379162,385572
345719,342097
457250,457259
363938,364756
199262,199400
8763,5564
451288,452709
111402,108312
75822,79987
342353,342347
92385,92247
542390,541767
424276,420836
38042,38167
373078,371583
293293,298541
588818,588821
205204,204772
167999,167613
520460,520444
50523,51103
550577,550578
246303,246280
549795,549788
78120,78125
134134,132524
500693,499155
262403,261667
24805,24487
195474,190858
414271,414796
40744,41269
8732,8829
103626,102360
88098,87549
143219,143616
235942,222700
317560,317549
114634,113457
56350,56121
97851,104806
110082,110986
223081,221227
320076,319357
464969,464234
527394,525638
49128,49281
477184,476297
69327,68857
252941,246228
1128,1291
517828,521389
161041,163956
425184,429574
158424,161692
197173,191481
471236,472399
61716,63777
209439,208959
105631,107227
289674,290343
118099,119736
474197,473160
373169,372370
102608,102740
90919,89969
126371,132819
91213,91355
441017,427062
272982,273889
505175,507945
342574,342584
503910,509253
305729,305960
198516,198508
46539,46540
423810,417891
560977,574704
135025,135057
418940,412859
50209,50242
92363,92167
141023,141112
177227,177181
219403,218865
457086,456318
452151,453143
27158,27165
179050,181469
394482,394390
73356,73757
305737,304666
107969,107958
554820,555541
298290,296769
583010,581414
38778,34854
197567,197554
202353,201360
379855,380653
117239,117110
402955,403972
257521,258182
90319,91212
26708,26713
109111,109037
451237,451244
525361,536495
494062,493374
486182,486184
82630,82277
276688,278486
333557,339815
107176,107517
238876,244325
269847,267201
92861,92928
257815,257474
75891,75591
418036,418040
69877,69942
122863,119325
62225,63333
272024,269543
88347,87716
64809,64925
110648,108201
210519,211522
65520,65660
105687,106434
104051,103857
428810,429091
83079,86960
515542,515534
174620,171551
75266,75330
374925,374923
457504,452777
180161,178673
34921,42548
294835,294829
210654,210784
90484,88380
326939,324579
50759,51142
84429,84420
576092,573749
576804,578681
96394,96308
232107,232111
271531,253179
56917,56920
113707,110786
114801,116012
105347,102959
449290,450787
344723,344277
113357,113413
301428,301474
291043,290541
103166,103477
408661,405414
79765,80203
7098,4202
23523,18218
60331,59878
569827,568639
486616,487310
27992,27228
567752,567863
153971,153536
211270,214449
225321,225959
245922,243852
84606,85005
256241,256417
244918,244935
113396,114815
139764,145835
119660,118360
236234,236230
18804,18616
260319,264108
287924,291772
46636,47225
481063,480127
571188,570021
418057,428045
268130,268845
349346,349916
472556,473189
81433,81863
111127,111140
93182,93187
210045,208716
151766,151724
492361,492868
52863,48794
567330,563393
578859,571745
576723,576732
132762,132703
109590,108727
76948,75891
316309,316177
557136,557131
317539,315814
65976,65390
242108,244477
360115,363067
182876,184184
196399,195575
84433,82178
405142,405152
525361,500845
106862,110954
449415,455480
50414,47403
143006,143000
572881,575710
433854,431861
553368,555092
35092,36632
309489,309502
429919,430490
397006,394185
459947,458889
112581,112871
449057,448952
101765,103637
259402,259413
510199,508614
347432,351851
568139,568769
77296,77489
86270,86707
35304,34579
44883,44890
308966,291209
73834,86137
213695,217353
34109,42483
156397,156850
271544,271728
298913,298169
442807,441090
182581,182276
110502,110417
244477,248062
551699,550442
515878,512421
87172,86986
71677,72123
252854,173239
226281,223293
549442,550184
59621,57838
357959,357898
519964,519973
119201,118814
411068,411064
413864,413293
62462,62469
245207,244501
236620,233477
460286,462222
27228,26645
290122,290132
35818,34934
26290,26096
295532,293765
104534,104712
145148,145266
73731,74250
126629,131922
55266,57759
567892,566151
23077,21485
417771,418978
537134,537906
406751,408059
23081,22358
44539,44810
47766,47757
246337,246509
359898,337040
237208,237188
444282,444075
494066,490541
555925,556260
556286,555485
86137,87951
347116,351698
101660,101637
291331,291120
471393,476307
154281,154305
388332,387567
178371,178363
457427,459428
38210,37995
268407,264213
535191,535155
87233,87746
443953,437541
457407,457463
576804,573501
21761,9972
360887,362228
417178,417659
413037,415311
411058,413304
103952,105622
57715,64737
167999,168207
57715,58321
48188,48173
108369,111059
167520,167980
86410,88059
395909,393601
573936,571776
498167,494028
89641,83046
459428,459450
578782,579016
97581,97642
220264,221398
378713,380058
340822,345604
223634,217483
407710,407717
508126,508128
226583,232005
113630,122863
402784,405005
162279,161850
129237,129107
41978,42181
844,837
339815,333557
123210,123196
400339,400754
95568,95650
335244,334227
368694,382256
95195,95260
568970,571112
415104,415175
85905,85991
482380,487950
207825,237869
543867,543860
393939,393884
556562,556560
79555,79080
126020,126016
184601,185036
279994,282452
555683,556591
283192,282217
288038,292490
396242,397119
344554,358619
65519,64845
92979,93848
436253,438134
430901,430884
285539,284970
148623,148155
388674,383226
154472,157874
36050,36036
201261,200238
88003,88016
357905,355731
488064,492286
115027,115176
115388,114401
56068,55981
10965,11053
419180,421584
37759,37751
117807,117811
418199,422651
179027,178854
59662,60819
292921,319021
301342,302214
324978,323850
181469,179050
59950,52591
86220,86486
141057,141074
559893,562815
202633,202718
505401,505229
368728,370616
108205,108428
85512,85618
152618,151566
82415,82717
56380,56044
359271,341427
497120,498634
288040,284941
424814,426022
530287,529571
462286,470880
218832,218838
95749,95340
573969,573981
234750,234743
43394,43730
307506,303619
484078,497500
400810,401142
183966,192485
103037,102776
338408,338409
205508,203496
243297,239925
358461,373466
161609,159798
299054,299586
224742,224672
114013,114335
26995,27498
96491,96485
496968,494806
295191,295647
75631,76611
235465,235785
543594,543565
103626,103706
93506,93044
153510,151342
245852,246764
398744,397045
330925,332144
194565,195776
424176,424179
428936,432426
581123,579508
149559,151720
485763,500699
585915,586512
99840,99987
92302,91972
164893,164945
33932,30920
223099,224842
487450,493607
524575,527804
260787,261596
543563,543289
285574,280856
57097,57108
568150,568153
442100,455376
507524,516894
551722,549113
321411,313159
480510,485699
504312,588322
280554,277758
473609,473582
345979,345328
95689,95177
458595,460712
147099,139590
90864,95580
339543,341676
571767,570881
202718,203259
115196,115199
110220,109017
59095,59111
568351,568385
358968,361107
213217,213166
105281,105319
2808,1520
200619,200584
584264,583946
500465,502447
579904,579016
246764,245852
332602,319021
142711,145979
87239,87433
288038,287176
69297,68243
468329,469217
71241,71195
489674,487793
457165,456267
125946,126795
530590,528685
244765,245071
240133,247559
269846,272914
93182,92276
58039,58849
108825,90041
205982,206249
234802,234770
287272,287269
582062,586219
457021,457427
328517,327663
562815,559893
152666,111850
211460,209824
82947,84670
257699,256417
115393,115847
413144,412175
59820,59878
377207,377389
250996,253175
293293,292934
9727,9624
493871,497404
386869,390364
114229,114204
34579,34382
215047,214595
126367,126020
134539,134550
476643,476244
503763,502927
56643,56617
72726,71458
361988,361993
455420,456318
36261,36553
193659,194787
498343,498202
537615,538878
19012,11887
44800,44318
529693,533906
272346,272660
97730,97741
550578,571745
74993,73693
203516,203507
26270,30061
370666,371041
476027,475315
578949,578940
283200,296122
430187,427650
167245,167155
276827,276769
314664,305510
357959,358142
65348,65394
290213,295217
163383,162852
70629,69179
556830,552433
484037,483675
392860,393884
282043,282037
84550,84780
28123,28522
224082,223634
488268,494806
580227,581600
368280,366966
200144,200155
45695,45146
507198,519920
315240,315253
92050,92853
50360,51062
184689,186761
104161,103812
31523,32713
462766,463304
111756,111772
581781,576796
278202,278207
281082,281073
110694,110965
581980,582109
589658,590104
486404,485740
558241,558251
242524,244621
73013,73288
476286,472118
108918,107038
1855,311
137220,137848
417768,418550
171098,171829
79555,79995
572449,572569
195739,192957
71338,70941
441751,434982
470383,476284
41294,41285
80526,80842
343678,342867
365287,361324
111231,111146
42548,41481
53396,51192
178854,178552
59675,59741
101691,101702
129744,132939
111913,111890
369005,369611
556577,556793
38925,38692
503854,503848
115960,116296
268849,258924
182622,184482
411058,405977
392610,391345
274574,261437
24850,25283
339489,339293
43470,42062
174859,174844
533259,529208
218925,220907
425393,426264
176757,178552
440248,440043
205878,206247
30318,31523
57379,58565
149529,150811
479037,479030
129860,128926
105743,103984
496205,495601
172119,171584
66549,66382
206976,206869
45698,44342
442667,442672
9891,9437
563162,562392
297518,299303
31298,35307
180068,181762
93881,93887
56388,56096
70403,70393
114456,114531
51938,53902
284855,298569
167031,117805
386103,385547
228500,227847
557306,557302
137014,137301
207435,209261
256219,254300
114131,114367
530380,532555
416287,411426
361117,361324
319467,318932
112842,112837
41269,42062
406751,399472
224529,224540
75534,77243
295130,291772
123306,123282
186980,185127
570396,570881
115856,115676
238799,238605
581600,580227
327542,328468
579099,548310
79463,78395
448941,449318
494565,493194
36031,36038
98254,98247
83857,83848
534364,533764
54434,55034
278947,280268
408029,407794
280047,274951
352012,351434
64297,64350
97241,97524
75191,75160
476446,476027
389574,388049
395766,395690
213842,213807
83562,84839
82411,80799
357955,358721
44836,44861
401727,402617
392790,392712
103099,104703
367348,369027
502004,502869
109107,109002
460119,446839
18220,17095
475532,473189
366170,365793
365516,360839
327071,332215
377835,377389
147462,146973
251165,251163
118559,118225
279745,279443
118720,119082
577105,548788
439859,441640
91537,92050
555220,557036
363570,363856
123617,123658
269123,266318
385067,386236
434691,434699
66466,74694
514575,515102
566334,568529
557893,556576
112430,112222
565160,563539
151575,167086
179528,183190
85212,85169
556562,562899
419978,418909
186525,186505
135607,134448
182707,190260
50242,50357
462981,461311
462702,455480
16153,17095
56920,56925
120928,119582
20082,21280
506888,506563
103183,103380
112365,112335
411422,413772
10871,10806
147687,147225
86287,86746
159652,167973
567083,567088
89518,89812
129365,125535
530287,533332
50280,51938
282007,284501
454905,454532
57845,57804
59772,59621
296070,302252
88781,88795
509958,517066
548513,546050
511849,505832
193539,193530
478997,479602
261027,261300
83719,86222
474678,474673
158058,159549
488473,488472
393326,394495
406596,403720
106113,106117
272148,271520
485276,486838
373326,374698
164925,162791
77642,77191
234878,234875
568765,567330
349071,345096
495931,496319
554853,545052
105992,105948
62021,60122
394282,393906
559339,555921
151775,151766
473186,472568
344059,253405
385287,384750
386176,386346
105564,105097
395749,396088
352387,356005
115296,114869
176577,175656
287525,278160
95890,94148
547725,544798
105918,105975
30061,30100
428045,418057
110444,110416
402102,402492
55752,56182
106682,107310
430772,427282
57838,57467
145515,144906
90319,89419
98447,98431
271100,271095
418655,417447
346438,362620
85239,88549
435482,435415
566788,568162
519965,515102
419045,418541
303123,303108
317167,315891
75330,75266
86137,73834
563578,564603
226945,227784
229610,228776
266819,266808
92367,92320
168207,167999
129919,129937
283910,286542
87233,86461
435415,435482
219450,209266
556242,553689
82411,86573
362036,361904
389261,389347
269199,272892
193671,191823
252854,255607
53414,51747
75859,77084
112443,112620
86372,90454
34736,37592
394712,394482
297015,297019
495651,499364
119103,119548
479033,477783
470463,466174
155565,153401
542512,541604
426402,427810
106255,106037
549078,551149
380557,380555
372774,391957
28620,27879
121354,121839
161823,166176
553171,553456
152666,161223
68952,69474
219251,219363
20566,20509
65519,65870
183989,183992
292647,291043
230775,230754
124508,126378
394272,377190
62707,62357
105198,105365
109757,109946
26708,26693
212820,213961
340913,342693
537906,538092
83983,83987
122740,124217
324614,333108
162940,161721
245844,245559
368438,370778
542298,540466
147214,146171
210336,207503
308545,308524
226394,226421
449632,448303
442748,445804
326244,323977
434257,432044
377504,378245
319332,317178
489131,489143
507737,507744
84525,84512
296241,296015
22447,21903
501559,503192
124682,124598
135889,135905
520292,583419
210030,210183
97346,97324
47578,55498
190992,225321
146255,146973
279005,278909
533859,533231
106716,106707
185275,186647
488470,488471
369654,367268
254940,167955
97668,97725
78104,78108
98220,98238
422778,423940
298548,296144
418435,418425
77797,78365
386767,386761
217712,218677
71721,71838
140556,140554
8903,11671
369889,368424
432312,429755
258924,251983
167004,166615
410554,411949
37586,36888
27686,27690
53880,52141
528288,530380
98922,99045
259873,254761
179484,179326
572759,571833
107947,108016
378891,378350
478105,477200
193539,206793
132117,132969
236458,239136
55885,55719
152014,152237
394922,400548
112170,111335
322375,327123
75110,75089
139589,139583
58884,59216
83382,78373
116890,116019
493868,492975
314826,314785
85239,84524
340425,337895
263561,263556
587991,588322
192472,191847
344314,344344
400445,401772
418035,418036
574179,573041
233749,232718
220169,213623
147225,143006
302214,301342
263494,263623
20796,24167
16118,19894
99125,98949
394185,397006
64102,64126
184051,184841
22788,25066
86014,85967
551987,554542
129730,128268
392973,392663
182943,180848
387567,386897
566329,566201
282037,282033
39741,28062
261530,261523
89566,84917
461252,457899
53882,54549
46176,45260
517840,517488
323320,323850
247098,247288
439461,441838
19291,23520
168360,170766
156710,161141
117149,117144
557121,557122
468914,468959
125936,124257
145265,152113
22654,17845
507198,507279
105113,106894
456076,454638
100855,99043
267719,270155
250063,249107
44172,44485
248984,232835
203232,200101
438049,439312
576048,576276
349053,351632
312744,317994
121258,121273
130194,130199
480064,482741
539139,534160
110432,110597
51651,46039
450680,449159
584863,585033
124495,122841
349161,349071
330965,333751
462944,465810
159868,156730
47944,45057
473800,473130
21644,18867
170155,138266
174515,172997
551910,551931
573965,573141
81608,81711
100499,100296
284181,284187
176245,176340
229959,230626
279165,279138
45984,45924
203449,201216
234874,234842
300132,299074
250757,250561
314207,317586
106988,107342
152254,153200
543246,545009
574177,573936
322931,320967
136747,137014
394411,391551
183966,183658
570443,571158
450395,453655
440708,445696
244666,244665
585590,585496
172767,167489
45040,44964
100192,100122
339489,342867
21833,24939
293155,292415
356319,356410
546623,545806
18719,18836
210369,210326
495180,495059
119991,119986
527292,528642
46844,37117
59219,59261
356010,356005
327122,328289
507198,506958
182452,183457
365688,365541
106113,105556
512467,514890
32451,32444
90170,89971
186896,191848
493874,493868
392590,391957
473412,473101
499435,498259
297229,303124
554029,553089
374973,375001
53881,53952
347701,345268
381696,382278
104701,103030
3680,4165
575461,555634
90546,90608
36037,33607
348290,348292
366360,365193
132625,134611
361988,361192
52415,54223
355818,355030
91950,91337
504809,504837
188960,189590
372303,369851
282452,279994
177181,166723
113732,113886
388743,391345
269331,246137
43819,43830
543291,544081
218502,224108
91214,105417
393375,397902
436234,442060
244765,244754
29522,27568
238210,229891
14768,9899
263903,263216
504413,504463
191103,189315
117486,124082
443847,449845
271503,271520
44022,44539
46028,46649
53882,52618
181665,182622
242530,226727
112068,112048
290086,298805
486166,486330
394582,394495
242495,246139
493557,492605
92649,92785
91157,90896
256421,256422
507760,503166
479442,479767
31298,27472
387712,372831
338123,337386
314345,314354
435881,433812
277758,275322
474681,474678
51001,49126
191466,189905
315163,308570
88227,86573
75669,75110
517842,518420
173110,171829
192472,193217
308385,305154
63348,62247
504702,504700
61546,61630
432376,426548
213808,213959
204803,203176
217584,220346
390367,390639
51081,50933
116554,118729
74870,75255
147855,148155
284232,283938
77716,78510
50183,49968
181665,179723
337516,337859
11709,10026
577262,576266
66279,67680
31853,30861
147161,147185
325100,324759
168112,169806
275646,280090
32979,17316
511576,513435
337625,334769
530391,531244
300694,303097
277503,290213
450857,449153
252149,253321
224082,229733
306802,305348
67028,66613
239060,248049
479142,477515
75480,78166
420891,420881
25412,25525
408667,416811
240879,240884
72138,72236
147171,150101
239412,240745
108561,108578
264213,263875
472523,483019
505433,506975
110704,110427
101590,102138
38255,35063
223685,210448
17579,17750
402038,401625
551857,554287
287269,287272
66637,66741
423955,423810
278144,284486
322559,323378
174515,174583
68286,76915
91537,87598
81181,88737
362018,363126
284415,280342
122368,122737
29050,29480
342867,343678
286542,283910
485829,485084
76271,76170
522838,519298
82717,82415
17653,18988
136919,132291
503199,503479
91112,90990
385559,392230
99013,98468
525645,526008
83704,79823
302109,302217
559833,561723
546684,551482
29799,35768
95309,95340
585578,585567
477264,479080
29085,40562
35904,36058
498537,499500
94395,94596
180721,183569
95157,96639
113497,113401
444273,442303
80936,80931
81129,83046
415388,435264
569864,568529
76311,76484
285174,285224
89611,95939
307104,279378
119262,120416
252907,253231
273427,276420
271548,274085
38476,48728
454835,455942
138421,136722
114139,114157
36045,35485
151724,151722
72882,82047
59302,60508
440253,437976
112799,112847
157786,157792
103021,103080
537161,538204
114085,102967
237265,233945
453764,451989
234875,234878
516943,527596
80459,80726
41746,41734
587920,584727
246199,246181
176347,175869
99953,100513
388730,393285
424394,423940
64192,64263
278282,279026
203129,203496
574904,582185
9698,10014
589241,587865
250102,250084
531890,531673
433141,432593
585123,578681
98881,101061
288197,288101
576811,572773
187337,186895
515366,503661
401575,401556
263586,263590
255198,255405
488740,495236
49114,47944
38474,36492
121507,120932
442433,442443
230809,233158
139093,133290
48429,48780
289199,289200
242114,236140
379162,377046
77088,75855
109645,103665
278909,278504
287150,287393
589825,588959
261616,251846
409797,411492
284486,289255
74694,66466
440900,440903
119965,119838
572141,577197
415935,415864
464460,461763
550421,550049
420881,420891
398857,393332
106451,106466
137416,135189
57452,60684
97376,99071
2616,844
231726,234149
280452,281462
515,1880
563555,563550
77789,77780
193872,198042
227422,220638
62388,61990
342292,343152
66644,66570
131830,131680
266796,266694
109041,109162
564219,564654
465006,465440
117222,117219
269276,268845
173984,173955
469216,466642
373181,373169
34024,29147
93900,108201
276970,278504
80192,83444
185884,183913
571112,573254
297542,298096
509253,509255
167245,167269
516626,516614
22425,6628
188939,188473
197589,197567
576721,576723
219576,219582
470464,470591
475770,476153
397174,394611
197042,198337
380287,379783
544410,544401
438284,438752
112075,109596
5627,17482
158386,166645
206793,199491
245906,247462
433752,433715
513012,512039
346438,345604
455376,454924
541230,540869
396689,392475
590308,590327
267265,266875
479142,479235
357163,356763
533906,538448
409643,408260
534604,534814
489477,476468
363656,361299
368215,368132
41977,46906
412244,408678
43663,43376
309165,311293
448281,448017
260774,259732
44887,44696
372293,362237
201476,207487
438337,437958
27568,27205
299245,299376
423940,422778
492605,493557
503614,504125
436098,436027
354659,354884
67231,67887
311069,309689
344059,347934
435264,436740
470591,471974
566144,560977
254169,254150
12448,676
412900,422322
108606,108512
38896,41259
276391,276971
41208,41574
407366,407861
16766,12900
461227,461416
535012,534369
80291,80284
77543,77537
476270,480127
409318,408395
563495,563470
511216,509253
115122,115287
291110,291212
533359,534225
546939,546904
313442,315891
192744,191116
413666,412160
22631,21435
440762,439223
24356,33883
17465,30405
308503,306558
295902,296711
104701,105047
126295,124916
404754,404759
518436,518440
542303,540009
90092,90011
256505,256498
480223,479771
27336,24306
239114,237441
10454,10014
350193,352671
272660,272346
113104,112170
344430,344389
371356,371041
84569,83818
136747,135916
243703,243712
222537,222600
292102,290438
70612,70630
110665,111117
342273,342268
411914,392388
561750,554853
564260,558940
410210,409110
147942,142867
50458,51147
587919,587915
526486,524290
333108,337050
423255,429709
284416,282151
111072,111067
20742,21707
358010,358542
576731,585868
584209,580246
515882,515878
181596,181462
56121,56350
240505,240513
103183,103010
415274,342277
113414,113476
248793,250157
454520,452658
102260,101803
72849,72060
71207,71166
527287,526796
1096,1125
361299,363656
349822,351707
53277,52740
65002,65168
91055,90700
538338,537940
205994,201677
216793,215633
65394,65399
276514,277780
436007,439859
37684,37130
507074,508022
24682,24687
131153,130556
449538,447169
309489,309486
486389,486459
108342,108279
402406,402399
329134,343028
194609,194393
568007,565066
44976,46028
467254,465420
302188,295937
72874,80360
520444,520460
55121,55407
522247,522241
280269,279691
157561,157568
186878,186895
282007,281232
248032,247318
403882,389768
113886,113955
179402,180697
153971,157171
80487,78696
360480,360839
330675,342311
337032,339439
370107,369124
183703,183707
172697,174376
73816,75901
403676,414401
461234,461245
36840,36350
381370,381494
504337,500845
111948,112137
198375,197752
156730,159868
78599,78685
178835,172305
577893,577883
54369,53277
40918,41008
26935,27158
73887,73458
538480,538665
420882,414810
136416,136905
165052,163619
43536,44813
572616,572877
185040,196746
168076,168112
95650,95206
228416,216533
516830,514326
453149,453784
546907,549757
572825,573401
554171,556449
572561,572574
315145,311723
99953,99952
170334,169884
38476,37563
79470,79836
336591,192501
193826,198157
579577,584799
106493,106586
115847,116025
244666,244669
501478,500121
237926,240606
432375,435532
323822,324333
525573,522271
389198,386534
157713,155948
114869,115296
13277,13232
52339,45962
45962,52339
442095,443981
76747,76745
277269,284316
136374,140011
179725,179713
456362,456809
122225,124179
483843,480650
303935,305729
562402,562310
22863,27501
161141,156710
419971,419759
13997,14618
27532,27524
241739,242872
443577,443438
258339,258397
518158,515544
80726,80993
428115,427934
499326,497539
554762,554930
58405,58351
12060,8299
332817,337171
290438,287988
93848,92979
492286,495658
426410,425937
74086,75067
195575,196399
137416,150843
284411,283043
337710,337087
65919,67820
115915,115862
127341,127499
494041,491891
72900,75328
451214,450654
543305,543983
92775,92363
107702,107708
492852,493194
64845,64350
102646,103260
186351,185097
10555,9342
216831,208867
584413,584264
550010,549149
558724,562392
156143,156730
353451,353453
585297,584018
368231,369310
440824,443110
381764,377447
503192,503199
488219,478841
273328,272660
168997,168901
112657,112797
108755,108745
419124,419031
62372,62373
46617,44365
520050,512374
196176,195410
26277,26247
203156,204595
155450,160307
388049,389574
240039,239609
216157,216254
230496,230648
106769,106856
368553,368556
387590,389410
66549,66606
577883,577893
345053,345468
112633,130846
557761,557756
109567,110070
483758,477373
230660,230648
92170,90414
553195,553135
321084,319643
453089,454835
285392,285442
107588,109002
39936,40077
255081,253722
401431,401433
103563,103796
535955,539320
92828,97180
78118,78120
326672,322824
536149,536153
340234,340559
259171,254068
429966,429970
204696,202313
251722,251760
283398,285005
209439,209455
105923,105091
453307,454132
18697,15861
587378,587321
181462,181596
501251,503661
570881,570396
287269,285987
285058,284411
54856,55540
463306,463494
387590,385572
112361,112357
101646,101512
149453,155496
21646,12074
150478,151503
119736,118099
109700,109794
235110,235420
549151,542910
255957,254308
168908,168912
524575,516700
85169,85212
444741,443739
65226,75398
364514,363936
213466,214683
84707,84400
313039,313651
20425,23638
449560,450876
267074,261376
547074,548662
199519,199739
34234,33336
394282,393512
179129,179225
313577,318780
544436,543427
101512,101646
112130,112558
79538,84939
330972,329099
424183,424179
62119,62114
481021,482223
361745,363479
189315,182936
444566,447282
315802,319099
260887,260656
153536,151742
366465,366473
420347,420343
129713,128967
587333,585968
397676,375415
55067,54931
16079,14768
273047,272231
107194,107064
536875,537279
384750,382215
87401,87395
444708,433752
183508,184154
291209,287408
51147,50458
277963,277988
401352,402724
345372,346374
110536,111839
10026,8760
507945,509687
535849,531002
487450,485215
362545,364420
271821,273443
108745,108755
96102,108296
100444,101508
484787,485208
172883,164261
245563,249357
375373,375370
177188,176839
547252,546950
106274,108918
210696,212795
260134,264286
427542,427914
368806,368791
184012,189648
588959,585123
201038,203130
555868,555871
107754,106259
435841,436027
63432,61896
95177,94746
240763,241307
229698,230615
496814,495880
565793,576618
397323,372778
526796,527287
311089,297165
417969,414765
474678,474681
256448,256452
495236,488740
44342,62699
321509,313165
360491,367099
218023,223727
80956,81081
108995,109037
80629,80686
68504,70768
97730,97725
182306,182299
100326,100832
288197,290333
522579,523200
114583,114662
27220,26632
101888,102147
78477,80629
101833,89416
564834,564396
172381,176427
128104,129363
557282,558203
470507,467714
284918,285102
357376,360929
472672,471766
11457,10641
542070,540595
50330,50265
518447,518440
273338,269241
219269,216676
456885,456879
533507,533348
68857,69327
75428,79216
42092,42054
446559,447280
425911,423125
489141,489652
426048,427560
490463,490541
197097,192787
169765,168665
132654,131922
120061,119684
390010,383273
307355,312025
453158,453151
547725,548539
423572,423407
122079,121996
111146,111231
224044,224049
52403,55266
73104,74329
284187,284199
263174,263329
64809,64645
315071,311994
241067,241397
4500,2513
94344,94609
33502,32960
451827,460413
323977,322771
76204,76188
28632,27174
201368,198375
68014,68018
395822,391201
121839,121354
30061,26270
330754,331038
279660,279691
206423,208263
23883,23408
278504,276970
535925,535913
282043,283444
579579,579588
229175,233528
452136,452658
300964,301649
34278,33716
236309,236175
180257,179040
112349,112404
249357,255409
450141,450148
101724,101984
573851,573744
61447,59537
549511,553483
75429,75414
159453,159448
159779,159618
194495,196950
105258,105266
444313,448045
260364,259838
161132,161348
527906,528887
112861,113087
577986,571739
114648,114335
256448,256265
526638,526891
157075,157358
472387,472400
315991,318113
65870,65519
317565,317560
105417,107366
451237,451232
43523,46352
236175,236309
114432,114868
256557,256558
112695,112394
432391,425600
270316,272363
179608,177947
416367,415311
141278,140413
503661,503921
31871,25138
574055,574058
113396,113380
344261,344258
489170,489106
556830,558646
121246,121859
562734,565066
455420,455310
56995,57000
83690,83719
436810,436186
64126,64102
211509,213380
401013,395553
495601,492572
211531,210695
358776,358319
263994,255607
118076,116386
539765,539170
539209,538723
107336,107736
217573,218742
454424,450777
427241,426943
227786,238236
165109,165499
384997,383812
77561,77716
576306,574255
76033,76170
210639,211403
160445,162033
404964,403819
40012,40747
27102,27112
114847,114655
36937,36824
142302,142560
88505,88239
461311,461252
392973,393342
16763,17463
126016,125855
402421,402416
218742,219954
417891,416468
419291,425184
87598,86222
364514,364985
397045,398744
299364,296122
535251,535247
72338,72165
218930,213774
50933,50505
447010,450883
30405,31370
118775,118773
104806,104821
263116,263137
509914,510043
451367,453825
122863,127152
169209,167980
198627,195107
109794,109700
536173,535828
86474,86580
114489,114142
131897,131890
583946,583812
268891,269335
76139,76141
235781,225511
102918,101777
272683,272468
165229,166085
121246,121188
417447,418655
312305,311456
149822,150480
62247,63348
113793,113284
481071,479602
340175,350156
462800,457692
309271,309254
246228,252941
77103,76948
236431,238960
500392,500400
92437,92425
92946,92302
489170,489724
146921,142953
192101,191511
222758,222333
47372,45510
538433,538181
288801,288784
158187,164666
483019,483023
238518,240096
583812,583946
26597,26683
172753,164729
339622,342601
306559,300845
557753,555344
131886,133528
63059,62421
26247,26277
415467,413928
417739,416157
343435,345268
494720,494464
565330,564603
259958,260787
35263,27211
370404,370277
370090,370087
284656,286421
506658,504125
40150,40144
19342,18740
71086,71135
470463,470801
446252,442060
220487,228919
251614,256472
82047,82386
466088,465748
114595,121222
159070,153749
285229,285909
49721,52442
404924,410649
228604,229821
293907,294018
290729,289243
351707,337921
85437,82506
61217,60819
113357,113214
533230,533231
174491,189200
283372,277075
116505,116245
285058,104359
132600,132601
6661,6631
64799,67525
562540,548932
405542,397987
67226,67413
336360,333105
576708,576276
286351,258413
352030,381742
24178,24487
110488,110483
571745,572773
120008,113798
528737,542078
403839,415284
67514,66540
584049,584127
117699,117514
439795,438419
469998,467573
43523,43400
541166,539925
420458,403882
374915,377149
126372,126218
100896,101229
81711,81608
588293,587919
105687,105564
294767,442100
161964,163571
117976,118330
77296,77156
306638,306832
390464,392406
111979,112096
281948,283718
283500,284160
81092,80997
376154,374219
101163,102108
179787,193777
229713,230527
241058,239324
367384,367460
332857,325863
277780,276514
95890,95905
402870,402724
540327,539139
313478,313354
477111,475893
343808,343781
352182,340926
93069,92306
570326,580514
576811,576888
324978,326603
42092,42298
267214,265361
75803,76139
452534,450212
51747,51665
578212,579790
327771,327780
60207,64799
584889,585941
100551,100547
488955,494028
471702,474151
44491,44460
549149,543563
321721,322824
448269,445677
355042,351784
54434,51261
69927,69269
147616,147855
585180,584777
449311,446017
17465,16853
52630,52291
196615,200992
485208,484787
121043,123758
585444,585762
18577,18871
70212,70542
76769,76618
173583,173239
31573,31499
93466,92076
408260,407717
71195,71241
56044,56380
527332,526816
492572,495601
402960,404040
429084,428284
21596,20741
85171,88212
309486,309489
554287,554371
10740,9634
105732,106706
66023,66029
250355,251722
441361,444608
195545,195547
200653,198650
374236,366340
454385,452868
3714,3487
570234,569516
205550,203226
327483,327982
281874,281004
279838,280937
11731,11887
38925,37765
526908,530029
81997,82216
349063,352090
5629,10555
327056,327356
55626,52618
425257,425291
66433,66435
81262,81245
72861,72855
527697,527452
366617,366630
6548,6516
167569,167135
508131,508139
55768,55303
150326,149639
555503,558408
291098,291100
399553,399512
150920,153761
544217,546027
240819,239902
417428,415945
133585,133293
92629,105053
114229,114379
147942,149047
63567,52863
540024,540456
573744,573851
499976,497869
315015,314826
312744,309789
377417,381696
432382,432332
534380,533586
121859,130439
466885,462955
533719,533877
105996,104792
97982,90432
84584,84405
126755,127243
202667,197163
94265,94239
111955,111673
486146,488398
463396,463391
106117,106250
36431,129757
114041,114678
232038,228416
88877,89052
528562,522372
424814,420883
23213,23351
105198,105162
159650,159185
567539,564820
351711,351707
305025,305526
268884,271499
581250,583617
243158,243137
427678,428127
306451,312430
20566,21595
146813,145274
91063,90167
578112,579372
228885,229713
50488,50507
230626,232306
102273,102903
25573,25585
113497,113625
36961,36149
361120,324427
33860,34038
110073,110514
570079,569092
401136,401249
71536,71721
553456,556000
590053,588580
565059,565055
284203,284200
4172,4202
225361,229754
462800,114522
332250,332164
468612,466915
381198,382330
53131,53968
122426,112311
252701,254676
534350,535167
539188,539163
37143,36920
445677,445511
204893,205947
425237,425257
111735,111659
420012,418371
128416,130556
417472,415573
402909,403888
293320,293295
205437,205256
20872,25219
112409,112512
369847,367460
379783,380287
209982,210878
398168,395479
177070,180625
550978,554029
59662,59331
16494,18555
588610,585024
138266,129622
181462,178835
497887,497655
356408,355551
278815,281591
111746,111767
47781,46740
290349,290287
444643,442729
138796,139586
221543,221720
519708,504856
479403,475637
114591,114797
501154,507733
565266,556218
99141,99145
186437,186862
159549,158058
543846,543857
137586,137568
91337,91950
100896,100855
350757,354276
319784,317741
522166,443115
208913,209041
559664,558592
567088,567259
272311,273432
518432,518433
243852,241692
26570,27174
136446,134791
441573,442748
239717,232154
106695,106700
266875,267265
420532,426246
469951,469581
556633,553463
578184,579112
240603,241588
250355,246192
305025,304050
545179,539808
126684,127405
334601,334769
99627,99546
298298,362450
295937,295669
95951,100910
117366,118562
537540,537753
25525,25573
33606,38711
306777,314507
525107,525238
412937,414290
355818,356758
38255,38267
59878,59820
426134,426450
129796,147933
86867,86986
78226,78163
128442,131456
117178,117171
395422,434767
432903,432382
92227,88620
351714,387631
538491,540607
304811,305006
70393,70230
240500,240096
232038,294028
42200,42746
264206,264164
130628,127875
314972,314137
536621,536449
421043,421018
184841,186985
44276,44282
244561,244558
103480,103281
119957,119739
8328,8206
26025,26030
108442,108252
339542,339936
399544,399881
104015,103975
404670,406007
171473,171314
5261,6803
505217,505181
41675,42120
119548,119103
558998,558999
244628,244625
116282,116201
374427,374421
186985,184841
345040,347546
536442,537214
196265,187915
578940,578949
340234,340055
287177,287988
53657,60778
147582,147065
397896,397987
20742,20613
91449,93159
21846,21831
30987,30977
441780,435708
185040,177880
209266,215008
115776,115817
198692,188338
365688,365793
558341,559358
581299,582062
278090,278088
179897,182673
466174,465630
20269,20342
268891,263460
444566,438134
367760,350032
110401,110626
545076,544596
36510,39906
579988,579588
501922,498800
280242,280558
50705,50414
58039,57845
298722,284525
163875,163920
493868,493874
175367,175588
500403,499410
485751,486182
240879,240868
1761,1306
389074,389078
582327,585671
457005,454385
410061,409666
48794,52863
455726,459959
45146,45695
172767,172897
146101,146384
36961,37869
317248,341427
349916,350574
556100,562588
51179,46109
497500,484078
13415,13682
270569,270561
83046,92131
383,808
58842,58145
217499,217508
588735,588749
471876,471649
23524,22623
481966,480190
507259,503782
396274,397424
110965,110694
438419,439795
373181,374495
107909,107602
166723,177181
254761,259873
348456,348916
141390,138914
112391,112902
530119,531963
471718,471598
105711,105672
8668,8999
344430,346491
219478,226816
28558,28786
556825,556562
68645,68857
137493,125757
562364,566267
55684,56223
124916,126295
325861,325863
159650,160234
52413,52388
89259,89614
168901,166542
492908,492895
469629,472994
422637,423131
87114,88099
522285,521684
416638,413818
586255,588021
207517,218029
427934,427826
263317,253251
329827,332909
156404,122871
64600,64473
514326,516830
36227,37203
281591,278815
41608,39906
452406,455561
478995,472994
567062,567758
321093,321084
105256,105411
385572,379162
186783,188064
402673,402617
495931,495823
220178,213563
344322,344059
22358,23081
190581,191766
349858,350083
217331,220636
370087,370090
49481,53630
47976,47372
344490,340610
573254,578940
57715,56622
156150,155542
51179,53143
73788,73973
135679,132969
458262,456436
69090,69233
94883,95592
248032,249636
116370,87456
263458,253590
121094,122841
242108,225221
99354,99013
14268,14337
91157,92116
587333,587371
557131,557129
458396,457725
389008,389025
79041,77965
133429,132727
85212,85291
586668,587139
76712,76141
374427,374502
88877,88841
23520,26101
166714,167133
396381,396569
62723,62476
89420,91520
169457,168947
140778,151958
250102,250202
244553,244882
429407,428994
537278,588656
533348,533507
568068,566077
486286,482905
432691,455106
87713,86417
77125,76845
440863,476468
58964,76795
68324,67555
555683,554542
8303,6836
1405,1433
582109,583288
107602,100317
216660,214657
429857,431832
125067,127432
105529,102620
32783,33708
175656,176577
502592,503995
345610,339031
348624,348313
454075,456267
477515,474581
554899,554029
332215,327071
42968,42486
377286,363793
89987,106977
517664,518913
79823,76795
157657,156479
490324,487733
512057,510390
313083,312187
267286,274018
481558,479403
382180,381842
203700,204853
316275,316264
327859,327521
48033,43771
315278,314354
341294,373030
468235,468228
557725,560580
399518,399733
38771,27690
19005,19458
556074,552962
77730,77668
82312,82418
169223,171078
286789,285007
179027,179033
93506,95183
484491,485821
273432,276537
138746,135124
158109,158400
59017,58981
544798,541649
14459,16593
131680,131830
48335,56163
7375,8556
113757,113636
517482,517471
233892,232821
179176,182889
41285,41294
135735,131401
309596,313557
332532,331584
348776,353890
439412,436160
492852,492129
8349,8388
137541,137772
57759,58585
184135,182112
328914,329893
178740,178952
339214,339210
1306,1291
532248,532467
365368,367268
542292,527831
204595,203156
453126,452572
488413,493857
114984,115203
256465,256599
314354,314345
370665,371182
363214,365795
56163,60264
379572,379343
114983,115136
112552,112096
404625,409110
356742,356824
198650,200653
128149,128175
430901,434125
503805,480268
587859,585671
368132,368215
159088,159060
551931,551910
480934,479790
311293,309165
586278,585403
96419,95983
162560,162777
540607,540957
106570,106520
189735,189167
64333,65314
229175,226421
232306,230626
450876,451367
274107,271467
543370,546429
456879,456076
137561,137568
34713,33892
327071,281090
72588,72724
114406,117144
424994,423596
572484,568607
96676,96147
272530,273038
51665,51747
369460,370773
188099,188064
228336,224696
183448,183894
164954,164945
11887,19012
103368,102798
66530,69597
45392,44117
133662,134322
105939,105848
492361,491197
143164,140626
179129,176871
236129,234519
215734,215728
56617,56380
101510,101498
202718,202633
88098,88403
336120,333411
171060,171098
118216,118358
272282,271350
71536,71241
588413,588003
511992,535175
533212,533892
269196,269547
195410,216371
222954,222656
303124,297229
441868,444927
270286,269177
127663,130620
117957,111839
36045,36168
65416,61759
222934,223293
504349,505832
416010,417742
327530,327535
577197,578461
84751,84707
548657,551428
576796,574330
538580,538396
324777,321411
285174,285102
139124,137848
182305,185275
158517,156829
271531,272074
546073,546079
265497,267493
244287,239693
369365,366832
233958,234519
197845,196124
134611,138523
392663,392610
153351,153906
64071,63838
24939,46362
327942,328768
135189,137416
10138,7936
232063,234842
98012,98141
126235,126406
287127,287177
74793,70377
418645,419807
223727,227786
215911,215885
294142,290132
300879,299559
159689,159278
176675,178811
502093,502927
46028,45885
468727,466088
262876,261831
305732,305526
91319,91241
256533,261376
416811,418312
105139,105070
13502,11911
24667,24682
384413,385836
584464,585154
484587,485960
97025,96895
126461,127634
377008,378350
121969,121996
516861,521756
320822,321400
327728,320248
143798,142671
338104,333347
521806,524306
234419,233900
106083,106164
124221,125451
269123,269128
426916,425417
450263,450148
383273,390010
337226,337171
161823,224689
68645,68430
203742,206933
27205,27568
386259,385166
80571,76418
113670,113667
106546,106231
21651,18871
103108,103037
351589,346674
281898,277219
162947,162961
296769,293194
210759,216535
386176,385289
387523,386265
420427,424736
19435,25969
261831,260364
107958,107952
519978,519973
174620,182554
20746,20872
90092,90292
101217,101035
273461,273494
564339,558814
26779,27702
420188,423407
241354,237784
43118,41008
578378,576888
74454,74562
2485,589
122532,121839
448952,446519
54223,52415
263494,263424
24692,24822
538338,544153
492975,491946
40234,38750
310316,314569
92208,91607
203214,203915
182533,181532
525439,524668
123174,123184
347380,356569
86718,86867
469757,474391
520073,522438
135106,135124
342721,353477
351698,352578
477465,479030
105266,105271
88532,88403
257747,256964
76979,83629
73543,73900
429490,429407
113699,113576
83942,83950
245994,245871
548844,549912
320967,322931
526673,528719
436718,436792
95963,96147
227269,227174
303542,304455
116066,104149
94468,93960
139956,142671
102382,103952
291110,290822
473101,471483
361207,361904
129363,129722
494719,497573
63856,64005
490328,490324
165169,165156
113573,113413
147475,150232
68336,68293
381654,381050
251710,251839
490553,496858
318957,318958
157803,158187
493591,490484
353451,353437
8747,19282
354462,354464
115287,115122
394057,402209
473083,472001
534396,533989
70768,72874
76499,75956
242661,242632
586255,583890
147684,149066
102435,101869
222615,225715
390868,380279
536052,535720
266668,262683
152626,152631
66780,66769
465810,462944
314345,314342
118196,120796
62357,62234
358226,358208
319807,320417
353458,353453
318914,317167
53198,54202
19999,20509
305249,303626
241829,241139
419728,420068
303619,291223
64737,64935
168407,169177
18718,19971
362005,362018
457802,457797
162815,161716
472556,472433
545173,546627
459787,459969
430428,430416
57207,57161
47990,52157
294974,293561
503479,505067
64206,63555
577603,564654
163683,162815
550592,549972
47757,47610
444343,445421
123857,124182
156449,156150
585868,576731
74721,74904
240028,239568
387151,385509
101269,100607
504337,506387
504700,503995
165191,165183
104701,104925
100910,95951
92156,92169
329086,328661
12622,16494
253825,253763
462019,462933
42527,39575
551722,553858
525238,525107
6965,6918
269777,271504
108697,110682
78215,78171
115267,115273
65271,64952
524761,522674
18836,22554
442782,456893
129996,128913
362036,363693
117957,118015
520028,519633
220874,220707
261741,261707
115072,115936
111751,111607
375641,376779
123733,123876
216254,216789
50357,50569
105308,105471
256505,256510
462194,443635
368357,368280
428994,428965
107525,107212
44861,45260
569483,557306
31279,30064
277758,270801
554644,551607
390890,383823
362828,362299
85707,87076
209266,208059
556100,547800
316620,310266
102147,102154
203897,199142
530569,530459
589112,589187
97269,100422
97104,96413
256162,257810
96536,96895
17653,9661
496114,498537
552866,552865
81286,81274
266654,265607
553110,553225
338601,354316
586472,586912
538101,540699
569240,569575
360929,357376
212904,212795
230754,227478
289684,287406
34038,34050
518922,535418
449459,451827
195515,195474
253179,253102
295532,298620
87403,87401
1125,1128
56920,56917
572517,573955
572517,567539
390600,386827
160610,161811
466188,461531
556562,556825
500055,500049
106405,105975
516898,520994
22427,23979
22554,18836
97916,97923
381050,380078
470954,472225
39575,42527
112195,113986
43285,43376
218290,122227
152838,149027
281591,281747
318427,318285
404625,404040
120796,121094
154478,154197
402617,402042
402789,403280
79139,79416
535159,534995
227452,227847
294835,295793
106782,117171
75414,75411
36216,34684
450212,450104
40012,35307
267475,271316
140554,140553
536153,536957
93887,94422
78063,80781
92126,92116
444358,445841
391201,395822
233830,233749
158187,157803
351707,349822
121996,121969
113636,113388
555871,555886
152666,206209
113774,115015
90993,91449
433752,437541
42013,41745
388664,391201
501185,498434
159913,161966
159632,159472
441147,439963
83300,83304
424089,426943
127121,127119
391958,394057
93630,94715
239609,240039
236987,237431
382226,382191
552337,553519
211943,207935
144215,142398
58436,53594
477334,476213
575330,573743
189167,188096
76151,76188
112957,113049
207935,211943
382891,377104
95791,95800
505431,505278
334769,334601
492868,492882
289684,290252
556958,562519
472421,472423
272134,272074
438662,443237
34109,30131
349803,350193
102584,102476
30586,38153
93092,93103
6165,6384
228267,229954
113726,113573
294366,300686
568162,568428
127408,127660
191481,191466
73731,73441
125636,122721
183694,183686
240709,240868
188139,188138
115176,115027
39195,39086
164069,141320
571621,564339
310242,310272
435232,433622
79080,78649
339214,339564
43792,44309
112847,112799
135924,136888
456879,456885
300692,298046
179020,179481
186674,186136
330038,330023
538858,538881
254265,255539
205146,204737
102115,102108
159256,161681
121852,121653
558814,551559
89368,89403
57525,57738
502926,502934
157673,157395
245648,254068
37203,36227
74904,74721
171475,171584
61041,59475
421193,424727
147129,155450
403888,405414
64480,64025
502522,547554
59641,58114
589494,590070
33208,34024
566201,566329
432613,427632
350241,350256
121502,126508
222235,221900
395374,394272
108697,107409
67235,66788
98238,98247
2953,2616
44964,44233
308813,308815
276478,276688
25225,24992
27205,25881
220609,221889
397329,399426
32437,32433
560076,559886
368817,368806
584125,584135
140551,140552
103792,103480
389689,391134
201368,202144
386823,387385
576040,570282
477373,472547
407794,408029
295505,295669
312457,310922
196149,196177
419807,418645
377417,376443
373222,373078
416157,414814
201435,202026
342187,346245
84678,84449
118782,118773
293417,293907
204696,204769
85243,85389
452832,455541
13496,14269
102649,103064
113534,113566
80084,82506
522516,522512
370810,370815
90391,89769
50458,50330
32936,32480
32683,32034
571739,577986
225963,225532
494290,492636
177348,179713
246139,242495
70921,70918
33607,24956
408395,403657
203915,203214
426021,425994
131860,131941
66624,60860
412045,408427
393804,390890
43754,47802
390364,386869
74943,74513
571162,571158
170155,209266
291775,291454
469642,468216
244669,244687
550952,552332
277974,277840
271316,272678
279443,279745
517588,513876
384765,384845
196950,194495
97176,96934
94148,95890
316295,316227
301794,304666
185127,184353
548522,549113
219567,220289
457286,459681
557183,564223
64026,65762
573053,571601
202633,200165
271821,268999
141142,140322
155542,156150
576708,576715
1182,1930
489690,490632
526235,522268
72947,72875
43812,43784
46988,40562
409445,409469
109235,109773
237715,238951
570432,568814
84621,96857
135207,138349
207055,207077
374678,374077
108248,108581
278202,277451
106682,105989
212795,212904
61710,63769
109946,109757
188726,186690
83441,84101
443311,435869
27336,45799
77797,77231
216668,214124
556551,556560
104359,102640
98091,97633
535925,536328
546811,538949
374401,374334
93589,104139
315260,314159
205204,211270
230610,229821
452446,452740
112365,112571
103922,103955
17754,16322
79530,79532
543142,545806
349916,349346
447638,447805
441382,442623
92563,92227
472399,474734
177409,177416
374334,374401
531448,531156
423022,418978
522268,522247
277840,276415
358010,357404
437528,436518
377061,373238
172172,165982
568607,572484
305672,302580
76188,76204
102683,103801
112348,112351
565066,568007
104371,101256
113625,113497
290074,287565
495959,497822
503087,502933
63750,63880
575075,569951
556793,556577
246837,249813
97776,97732
168526,166942
66626,66977
539443,539184
362228,360887
126461,126028
134822,137463
525628,526638
58455,84871
72882,70065
71694,70839
589152,587354
279691,279660
40144,40150
7482,7628
30003,29577
435956,438567
300685,300665
497121,493487
456263,456013
247559,240133
245311,245845
510043,524101
207745,207741
91821,90919
255165,256361
203163,203176
53291,57269
417653,412396
369310,368231
151080,152254
522088,523860
409445,409282
171230,171968
340255,338123
373078,373222
385161,385166
294166,285058
109205,109185
74086,73900
150151,150478
70230,70193
538066,540570
266788,266418
77562,77551
590097,589989
272467,277446
306839,306832
416493,421984
386176,387066
136578,136499
311723,315145
407942,408173
142953,111013
423957,424011
226182,215552
240745,248148
271831,271728
303610,303408
148801,153526
152631,153760
209041,208913
269112,265023
450776,451705
271412,269300
64473,63769
87820,87746
333667,333676
326602,326635
284919,288267
507277,504852
16162,17048
499727,500048
10279,10162
11791,12703
157792,157786
343124,338490
546185,546190
115508,116010
18616,17978
6361,6516
92563,92979
498829,498494
311749,312528
219363,219251
357956,357920
496253,498513
349649,349165
351309,357054
305701,300879
230775,224574
111377,111317
164848,161681
553383,551481
326471,327626
40582,46471
427488,427503
566210,569026
257074,254676
169806,169916
132584,132588
530990,513852
181375,182770
120915,121223
320776,320417
190749,185479
115726,115657
498523,494788
7628,7482
173591,170565
374094,371478
557416,558998
92126,92173
263329,263174
471346,471708
92227,92979
438971,436210
42239,43485
449290,448775
1096,1089
539727,539695
390157,390181
76188,76151
554442,554403
388095,387947
456182,456800
98006,98357
77604,78395
129706,129744
330904,327506
363067,360115
332330,331027
518270,498782
113669,113743
113667,113670
998,1089
85067,84923
511779,508228
143191,145919
458622,458963
369555,369188
26030,26037
547775,545314
378410,381912
113379,113388
52602,52134
303621,303626
373060,373045
148806,146759
116705,112584
73478,72891
62699,66757
311994,315071
107132,107164
115946,115915
364420,362545
487733,487259
96839,97705
21565,22380
454890,455857
63332,65357
103213,103108
299737,299749
193542,194495
182276,182581
172305,178835
48427,48458
19028,24956
374421,374427
384861,385067
584485,585072
97324,97346
93385,93382
572014,573763
434699,443847
287522,288975
100607,100602
114655,114847
47674,46127
390631,388262
575338,575330
573401,572825
119082,118720
72855,72861
224672,224574
273763,273328
493871,493859
263424,263494
114367,114565
434125,430901
269543,267624
557773,557783
546156,544134
37055,40066
297633,296299
65386,65390
515544,518158
101802,101342
43787,42733
66279,66196
230379,198373
366049,369003
577849,575481
122799,122618
132989,132329
161850,161605
317545,317538
388204,380214
355030,353933
68715,68240
52353,51540
65421,65734
428356,429755
402938,402492
370200,366942
466664,467880
120021,120005
260787,259958
582611,582619
121354,121083
51588,48825
356188,355545
108312,107521
86287,86153
79390,77942
176647,176072
52024,55929
310835,314764
80485,80545
452948,435691
38178,33682
27992,28062
441782,441162
355842,354884
294961,294970
431109,430701
400886,399582
549074,549065
246643,246139
471598,471718
81081,80956
67926,67517
18555,16494
448338,443953
504312,503649
78499,78686
468959,468914
338762,336039
494176,494174
34095,32978
107708,107891
98826,98447
46605,46652
116042,115436
102154,103166
557725,557421
78084,78040
229782,229095
216626,221847
64997,64735
261416,265497
2830,2808
10063,10187
162852,162033
251983,251978
278033,277993
75478,75534
107178,106921
564774,563528
98892,99043
426246,426974
138284,137569
220823,220720
113345,114505
44172,45205
133846,134446
440824,440630
401142,400810
490484,489312
62964,63030
523655,521711
63048,63667
45057,44615
544772,538208
117272,117274
441249,439089
576721,576715
581600,582964
57467,57119
113982,113978
75408,75330
28645,29491
376204,372871
587756,587915
119288,118759
29147,34024
152278,140974
136715,136722
56925,56920
554930,555147
20369,20207
244561,299737
497351,497068
315802,315062
443019,441457
5047,3020
18403,18435
531244,530391
42968,42978
318688,318682
579976,579212
101627,105072
553444,553453
90251,90546
402406,402444
287075,286890
243335,228919
313741,314342
165449,165445
118681,119262
197335,196056
12703,11791
287645,287393
431110,431140
251168,254356
102646,102553
457844,460416
542241,541083
581342,575461
253231,254906
301262,301428
49069,50608
266868,267530
375662,375408
106096,106861
58322,40747
493875,493874
56020,56022
279838,276493
267530,266868
25464,19775
311,1855
49397,50265
432867,430428
150101,147171
106921,106570
124193,124245
401685,400135
143252,144104
249406,254992
339445,339450
122457,129351
373189,373431
76170,76271
559893,558359
423407,423572
146152,141179
533123,533186
548084,550367
350104,361882
183992,183989
239679,240437
92501,92345
238960,239060
95183,93506
345328,344242
203476,203088
535095,533433
19285,16287
192121,192822
342265,345052
374949,373391
355741,359071
45260,42128
431527,436234
512474,459760
528737,527193
16266,19843
230648,230496
219351,219269
524101,526714
509212,499021
377892,377895
75411,75414
573776,571732
76271,76272
213217,213703
98309,98252
470279,468549
68014,67819
261057,258156
531804,522314
399426,400315
220154,219219
241692,243852
318730,318721
240437,241152
129920,131260
179833,179826
112222,112430
116554,116066
85499,86137
406656,406083
379561,385846
389395,390260
87076,87575
106890,106586
312945,312528
167528,164463
398233,397338
351784,355042
569864,572014
471692,471784
503332,503120
521640,518681
143037,143252
587937,588432
265956,261623
194319,196525
427575,427826
269547,269196
471766,472672
326244,327035
568970,567758
550442,551699
338012,335376
86137,87309
216989,216668
33083,33069
113798,120008
84934,86462
106781,106777
271391,271513
462261,461320
226107,228267
513881,511205
490427,489051
293251,292255
32683,34266
412175,412045
200992,201005
99787,98633
483316,490710
514636,511488
73995,72849
78090,76572
185240,185173
185405,185240
78243,78477
96403,96614
119311,119201
180485,179899
172982,173413
289783,289754
485832,486102
393443,393308
31644,32480
188099,188101
112170,113104
387781,383388
128944,128967
300703,302135
150703,150593
73478,73619
185173,185240
208059,203904
183122,181667
18952,18923
287406,287300
271482,271765
309839,298290
292871,294612
525752,528288
413304,413454
183242,182900
522024,521383
450736,450777
492833,492168
224485,224187
80663,83586
358489,352182
474141,466064
578375,576306
3062,2568
121112,121794
332043,338440
81537,81117
82855,77191
542299,546811
93459,92369
408126,408427
395757,395897
281407,281528
569675,568007
96460,96693
495701,493088
399552,398547
421901,424176
467642,462221
71395,71423
80723,80203
103844,103837
75786,73195
162977,163370
96857,84621
89969,87076
105558,105546
68293,68336
226816,226945
566905,566975
124260,124609
256896,265303
554778,553978
49114,49469
410210,410554
445421,450309
375545,375439
365108,365070
167705,169049
255984,247666
179034,179033
261530,261548
534230,533817
110880,112341
280788,280866
426903,427017
78063,77996
584777,585180
84811,87023
131846,131860
470801,470463
24306,21761
528238,528866
423604,421134
292448,295501
102376,102476
309689,308413
331900,350293
573368,572584
97011,107264
529925,535545
517448,517066
77996,78063
429738,429709
160750,163088
217353,230125
117222,117805
128094,128102
22734,19512
170929,170920
188338,198692
51588,51781
84420,83960
575710,577245
342391,358619
294023,294018
337361,336144
106682,111283
112695,113297
491196,489203
169237,167815
138358,154327
190481,192755
104119,105091
194988,194702
503995,504700
375857,374505
35539,34615
452524,453403
269981,263369
498800,495182
153401,151346
76948,77103
325556,333347
461510,468273
108961,109179
114759,115203
277993,278033
295569,297809
70918,70921
258280,258293
153739,154724
489312,489311
541902,542666
438713,438697
57043,55880
580642,579317
186942,187600
10740,12655
345536,434506
206356,206869
69048,65100
421008,422833
471718,472497
8556,19291
524303,525508
410404,411038
203264,207503
500055,503493
453877,434141
270746,272984
289354,309940
94338,94221
77425,77418
570234,570443
94239,93461
134643,133239
53657,52630
1059,1077
147356,148962
166505,166085
307400,305694
51217,51167
127118,122426
19523,8456
463946,473484
112137,111948
83605,91973
218862,218865
202235,202648
321400,321561
83393,83422
196296,165093
549757,552562
524354,524668
82805,84191
107952,107958
52715,55880
67021,64499
22623,23524
210878,209982
551559,558814
573368,576585
551838,545397
122871,156404
83629,94437
567259,567666
482741,480064
462609,463373
196594,196399
108882,113877
114379,116755
107622,106861
105939,105966
567884,567876
93382,93385
379783,378852
116042,116432
497869,495291
43376,43285
43794,43798
92983,93087
341356,339665
219954,220207
118773,116731
37130,34095
51938,50280
271429,271431
154327,138358
49940,50505
40166,41446
64834,149660
15901,18296
452976,450331
543710,543716
530459,530569
113743,113669
306413,303266
13496,13444
121813,121922
522990,521378
76272,76768
98566,98526
328245,331005
36199,35814
579988,582528
75577,75196
386415,443115
574886,573763
291120,291331
138030,137867
393326,393288
536621,536624
386827,390600
279026,278282
377755,375397
261199,259796
204891,198534
464441,472984
135287,136403
193709,194612
547321,546787
417118,419759
112075,113378
75398,62375
534339,531963
457463,459307
36553,36261
71844,71838
249838,227619
64133,64834
113302,113656
222190,234001
384351,382094
333751,339206
244581,244580
438713,443771
472498,473589
235785,236600
212788,195474
379343,379572
46160,45772
543857,543846
67223,65416
558988,558994
121859,121246
356505,358855
66025,65502
243048,243040
31279,18879
74086,74201
586512,585915
419013,418981
369889,370087
103857,103698
539315,537340
53217,53460
383428,385559
211593,212773
408294,406832
172883,174052
240884,240879
530112,529386
283435,283938
538767,538824
49283,49281
418430,418000
458483,458487
488108,485715
163571,168407
123306,123311
160247,162117
151856,151971
108578,108583
207522,209824
415852,415849
44310,44309
332672,332113
57119,57111
101508,100444
40700,39877
415275,415279
294239,296144
134539,134526
158517,161753
130127,130372
107244,107253
83342,83431
213807,213842
48579,47781
545254,542949
470199,468708
150693,148429
223735,224307
497828,498486
181667,183122
248769,251580
57293,55547
342264,342255
223685,232299
344344,344314
328517,331156
114533,112847
210220,209020
106274,105072
403724,404670
33065,30774
170879,172122
116452,116651
450925,450893
286509,284710
73619,73879
6910,7567
66859,66720
123723,123733
346295,349726
45510,43649
517066,509958
193539,199491
449220,449835
105352,105564
518922,512474
372784,372755
322772,325119
333513,334933
503493,505778
412157,411039
85389,87369
192822,192121
74904,75266
192501,336591
92599,93044
58890,59249
381245,373467
126806,178205
231287,231950
318593,318665
488064,484183
93087,92983
589191,589116
110369,110592
107616,107501
385836,385850
325888,323889
429407,429490
440903,440900
101266,103623
85618,85512
579323,570192
457504,460999
339815,340998
57525,57478
575481,572018
516830,517140
312472,311964
107366,105417
314159,315260
136657,133523
19267,16787
338407,338406
362005,362002
366473,366465
83317,83053
103916,104091
150818,157444
106372,108881
352030,347934
427537,394945
312852,313309
269277,270681
117976,116818
66977,67051
58849,58039
184626,189905
397424,401147
385069,384351
16452,16386
84901,85066
59754,61299
61299,63014
49307,50242
176495,175899
272892,269199
419315,419667
458114,457679
80487,80839
90797,91598
230527,229713
187858,188096
103922,103882
35263,37055
542633,543412
89416,79899
52579,49552
503437,505175
515695,524290
100053,98408
232975,230828
306128,305002
103744,103179
425059,419547
583145,588735
262786,262353
169237,172381
19872,19889
556191,555147
565349,562954
418040,418543
54003,54316
100910,102351
332164,332250
84923,84774
167489,142953
81855,81857
82762,82561
36888,36066
562519,567752
294979,294023
7482,7421
263784,278609
117234,117254
570079,571739
542146,542489
66989,66606
69235,69866
163664,161348
35807,33869
127435,135610
134677,192501
2884,4955
171551,174620
127780,127916
119210,118559
121043,107909
208188,209982
135727,133295
90966,92076
337710,153510
533455,538066
106706,106743
269771,269764
89769,89546
38838,38193
104294,104130
404426,404135
319767,321778
96828,95991
401435,401438
288601,287292
362524,358489
129757,129796
387035,386741
203478,203488
383289,384892
415175,418913
409469,409445
114505,115068
110417,110072
78863,78510
91520,91672
527313,527290
211407,211509
176245,175588
178205,126806
162714,165245
316659,317533
403295,401070
459658,459787
425681,425046
48429,47329
497068,497351
123809,123804
316050,314227
168854,167973
132631,132601
92633,91821
374826,375408
89934,88212
73104,69946
572668,562616
176884,176046
389905,395439
105989,105923
589824,588976
93947,93788
84676,84761
571162,577798
268707,267116
558284,558251
9503,9518
145260,145593
387066,389571
362620,346438
110072,109205
198810,198724
47960,47766
368821,368882
570881,569827
503319,501384
211522,211593
74250,74931
464056,461925
3574,2637
156710,154002
493580,494174
98625,71242
339979,340006
301978,301974
216348,216676
541553,540499
219828,221227
372457,371660
67803,68087
424736,420427
311,383
26154,28549
216371,215347
105672,105411
43376,43663
407731,406479
131260,132304
453162,453158
161296,161318
183569,180721
109410,109247
311986,311994
206325,204230
434815,434821
72918,73458
460273,456760
559418,565639
154253,155941
61767,61494
47351,46853
485215,487450
518037,518941
138883,139437
163383,163393
398900,397323
165499,165109
59261,59219
13922,16266
501300,500085
159853,159856
306634,306622
28632,30630
358619,344554
180101,180105
560403,556935
262851,270646
285231,285008
474692,474681
32728,33208
226394,224490
412244,413293
548657,544569
448348,449882
538411,538898
112580,112575
222537,221120
45564,44800
108918,109673
88612,88665
115072,114578
102180,102273
497655,497887
274706,271412
132976,131941
141038,140865
93,415
285909,285229
140551,123219
274750,291117
105365,105371
112214,111821
189905,184626
44128,44132
57386,56760
9638,9772
285909,286518
562899,556562
351784,362430
96934,96738
78531,83569
303230,299359
394375,394530
400880,402668
291454,300175
94468,88227
332144,330925
264360,256219
177385,177188
9853,9552
319780,316295
25258,25461
378449,367780
345446,347797
258182,257521
83362,83361
149687,149710
78112,78108
61812,62286
93092,93087
44239,43158
492553,489448
549275,566565
529571,527720
394539,394530
219584,238639
117946,118672
404426,404432
31497,26101
312430,313592
46036,46033
93114,88500
127250,127243
68952,68511
213623,220169
152838,154890
34913,36302
426134,421555
285008,285231
452709,468329
368880,369460
384412,383424
74122,74185
468871,464969
332992,332846
336241,350104
95755,96611
60264,66638
124017,124050
558816,558810
248667,246578
109718,109994
534374,536552
318427,319021
47656,52025
125942,123727
250748,253376
220178,220264
486184,486186
303092,303292
186769,186761
393332,388972
77342,77627
578712,303190
474197,478861
113656,113302
517140,520458
104193,104859
254940,286429
62917,62119
413069,412839
301363,301059
580525,520292
230610,233241
568033,567735
99684,99991
200104,200144
208123,205426
181128,180697
556125,556731
84579,84724
28635,28620
238429,239404
532276,528571
343784,358947
82561,82762
112584,110063
185097,186351
132601,132631
431130,430916
190021,191030
64834,64133
516033,515885
100832,100326
122799,124907
37601,37546
309772,311006
473035,474766
109215,109076
116811,110091
239902,239334
426424,434394
261724,262036
133662,133371
484704,481408
416276,416234
42432,43754
112631,112861
64297,64086
233900,234419
241792,238236
503120,499885
8760,10026
105966,105939
157792,158144
568139,573368
48295,50523
104849,104866
552722,517448
62705,62905
520225,518736
258079,259838
285856,285542
566210,559585
81027,80781
361993,361996
540699,544401
108016,107947
104499,103706
401431,401429
83605,80084
62813,62788
397260,399781
337483,337510
113087,112861
479790,480934
498528,498523
407521,399344
206869,206976
234889,234882
68238,60121
428284,429084
66215,66675
402087,402083
103952,102382
287393,287150
381382,381366
161132,161129
18435,22623
138101,95509
309772,308457
443177,496496
297994,299586
527452,524741
471236,471147
433715,433752
500933,506357
579503,579508
261651,264112
223354,224806
26219,21595
57043,61979
69537,69485
98357,98006
65925,65946
63215,63491
567594,571285
220487,214416
516626,516667
24262,24258
224287,225361
344322,345096
583946,584264
105835,105566
567539,572517
162852,163383
200417,200296
190667,191823
457361,457365
287488,287171
441147,447733
91598,91607
243659,242714
1385,1334
83840,83848
161964,157444
256699,256580
268884,260887
241620,241595
84934,85287
85702,75067
12900,10138
486667,490855
81286,81502
22935,22944
538240,538642
103281,102469
460334,455857
589638,589646
84316,84312
236926,238667
77996,77425
283718,283746
373414,373500
493859,493857
395469,393956
58884,58871
230799,232552
170784,169177
53291,53252
157950,158008
171549,170929
40882,40569
491773,492168
257624,257782
70134,79300
472984,464441
13753,10555
499976,499984
57161,57207
314003,313999
59754,59262
112666,112668
20342,20269
131969,127225
546787,546429
122030,121482
542895,543065
254885,254932
151003,150999
366371,366379
112485,112448
8649,8668
277988,277990
153342,156143
294238,259171
344654,346295
54941,53609
127195,123779
181218,181826
235856,228095
410457,410061
294970,296246
323850,323320
151982,152838
106922,106856
54549,55421
59779,60207
261605,261702
374077,374678
999,977
499155,497121
63667,63048
370179,370745
213832,214657
198860,201259
112990,113091
182770,182803
222460,223238
80806,81133
72979,73015
256489,256422
441640,442218
99966,99354
11492,10847
243694,243703
295501,292448
152892,156041
556125,550746
380496,380389
56882,56182
575110,575382
87681,83704
176577,195474
390224,393452
438284,436740
156716,154925
574719,582327
121258,120928
535888,537452
506959,505763
485126,474766
110877,110868
329647,327533
197041,197039
253102,250318
137996,140544
316905,316892
54350,53625
393601,393310
322414,321093
362002,362005
73799,75921
518430,518432
387822,383771
357336,358466
101424,98575
406083,406656
95951,94031
445047,443981
126814,120757
82965,83030
403295,407893
336471,334461
552211,551699
245871,245994
96733,91973
35029,34301
159027,163282
214499,219576
331276,332113
433141,433777
92785,92649
48029,47802
348292,348290
243028,246578
569427,570381
278122,281052
143006,147225
92423,92418
436271,443392
74557,74758
72611,73453
221874,229640
472351,470727
521253,510160
92375,92377
472541,472544
407860,408101
132766,132859
64371,64415
181762,184759
524174,524354
385064,384412
527831,526131
463463,471267
356603,356763
85865,85743
237237,237537
179050,176192
57269,60121
8708,8903
49461,48835
585389,585403
166255,165725
66438,36037
21972,22285
480650,473713
412922,412148
103882,103922
38210,39858
588976,589824
102252,102099
385559,383428
108844,108893
417200,413454
97029,95259
54609,54346
129622,110648
476284,485368
383289,382184
400323,400445
506791,506797
312431,312852
181866,172411
209261,207435
575376,575338
163287,165432
549795,549801
496512,495701
74513,74943
7816,7702
7900,8339
209904,210695
54157,60264
114650,112125
411045,412087
300940,300446
66870,60526
243718,243725
303230,303254
142883,137853
533561,535888
198781,198685
479790,476372
551065,548436
75092,75185
254068,259171
113345,110220
471649,470538
556958,556949
105177,105781
393512,387066
537596,537466
261376,267074
158410,158424
104821,104806
582779,576092
35636,33991
237983,238376
22176,19916
64777,64782
538389,537452
400135,395051
546453,546449
194996,195726
105992,106465
217749,218964
312010,311616
413293,413864
579016,579904
110175,109254
415849,415852
418388,418425
521593,521584
284501,286262
134799,130967
286421,284656
372457,374779
342608,343147
111016,110220
42533,43649
299277,319346
569951,575075
109017,110220
42962,43008
28635,29348
463489,467979
313045,311293
395909,398176
367321,366780
32728,31655
109977,107525
313890,313748
453438,453135
111865,108825
344081,359265
117270,115305
464847,461543
52715,51001
484508,484476
204230,201383
60792,63431
111746,111735
337510,337483
178885,176877
191066,190110
84774,84923
378074,377893
85233,85437
256641,257624
489106,489170
535888,533561
332917,328006
239060,240133
461256,465058
403910,403575
154305,154281
339527,339543
219584,219582
585844,577286
263823,263910
157358,157075
55520,51572
13662,13580
150593,150703
108236,108449
76267,75891
242684,241588
147475,145979
555921,553225
332063,325219
71505,70392
492129,492852
574145,573976
242118,242116
2273,14283
58585,57759
113378,112075
389571,389689
317623,317539
26944,26952
562126,558068
86894,86707
105239,105533
11671,8903
559166,558067
462893,461770
543860,543857
294829,294835
267392,269199
8065,648
533892,533212
297994,293898
48794,31326
374461,374428
78079,76391
69316,70803
30457,30296
59741,59675
73195,73181
107517,107176
51169,51211
130518,130516
504043,507380
156042,153452
66736,55747
198505,198576
226924,226753
419396,420307
280342,271629
306161,309789
524668,524354
292333,295318
73879,73971
527452,527697
172556,172616
313592,312430
124997,122117
152541,130846
357154,354264
567863,567865
148806,154261
280452,280283
171874,168997
467714,466485
444486,451999
104387,104111
119759,120072
423413,421464
403839,394743
132600,132597
567550,573942
77533,77520
301800,303479
213722,213252
448045,448922
393288,392573
107478,107547
114678,118196
182533,183508
223238,222460
559339,559418
26287,27472
112990,112985
494775,494062
532467,532248
134526,134539
382180,382184
398867,398452
363863,363871
93103,93092
335340,335344
496858,499021
115203,114984
79416,79765
464209,462762
40092,40619
237731,232975
584143,584135
9437,9089
369894,369315
499951,499901
327597,323140
81259,81322
2102,1433
433300,435287
122227,114268
330904,330954
556731,557216
365287,365602
473955,475815
534995,533507
57157,58351
412900,403505
449639,444806
103834,100474
394677,395407
113955,114552
108284,108303
79304,79335
120840,120659
546627,546683
479030,477465
63777,61716
66638,68504
264543,269647
30774,33065
233476,233477
212788,223509
93103,93226
418425,418388
143281,137367
97395,97463
6256,6244
427934,428115
448941,446696
365710,372851
320752,320730
340016,340055
6516,6548
54848,54496
411266,411308
258924,268849
230615,229698
248386,281995
23362,15898
172172,172305
573955,574954
84468,85702
486070,486088
74570,70915
224792,207752
305348,302548
494420,490948
244302,244287
577442,575007
340651,340579
370665,365108
33502,38677
43118,43952
380389,380496
153342,150589
125757,105053
210654,209455
78423,78084
44813,44857
224049,224044
112571,112680
302698,302214
347546,348313
507208,507195
26597,22654
153954,153947
538208,544772
572584,573368
185275,182305
450395,449366
289876,287645
115221,115242
445238,451474
61272,64499
147582,149529
120042,120008
42746,46012
112244,113382
382744,382736
528279,530298
249336,249110
95139,95820
373177,373189
220169,221979
302073,306834
468602,468608
561459,561470
318285,318113
359071,355741
210101,210164
131715,130906
154002,152459
318682,318688
293320,294767
27716,28825
526891,526638
574900,573401
242692,242661
371041,371356
46593,45260
210639,210220
558940,553483
299277,298569
241139,241058
485040,488127
76636,82046
212559,211243
585496,585493
104205,103637
515102,514575
53607,53625
455077,456366
415462,417768
427560,426048
185969,188862
224540,226458
363471,363402
501757,493283
66196,66279
163920,163875
62375,75398
471766,481166
218925,217293
373118,373093
156209,159123
116505,116538
583904,590324
90343,87838
113380,113087
342721,337657
341676,343435
480625,484183
330754,326635
84512,84525
156150,156449
184644,183457
71088,70669
281995,282003
484213,497120
538898,539825
20207,20369
449370,443239
83540,84365
290772,290872
6516,6361
221090,216807
33932,35092
26632,26491
150232,147475
286421,290377
537899,538219
209824,207522
537899,535775
485208,485751
435232,436806
78829,78050
405426,405810
519375,509255
131140,131990
185969,185963
291209,308966
430456,432375
471483,464962
8242,5047
535798,537161
149037,149902
427488,418550
451703,452136
309940,310273
573942,567550
519708,522088
369341,369032
92590,92588
73441,73213
439174,440822
88099,88141
175942,176027
584209,585028
53783,54119
111041,111059
280866,281993
109037,108995
526891,528195
411817,410577
161753,158517
312852,312431
393633,387158
61471,61489
98271,91954
441178,441142
301974,301565
312039,310830
439089,441249
55144,57595
578704,569026
145835,139764
268821,267493
453147,453149
254300,256219
267321,267214
181411,181337
271629,261596
250117,249673
185758,186035
258156,261057
240500,240763
6088,2769
436806,435232
339542,339314
69224,69634
576618,578075
546407,546027
257282,258207
294970,294961
484197,483464
396386,397553
102507,102624
226142,230799
113573,113726
403649,404020
150326,154925
459760,512474
457704,464234
26557,26935
85742,85692
544134,544081
316259,316237
556886,558069
40781,40066
268095,267873
105781,105952
52568,52591
69866,69235
263458,262820
36376,36302
286239,283942
113793,116452
115610,115657
6540,5629
436518,437528
568155,568160
240505,239147
281004,275779
63777,75463
397045,396569
77627,78581
53724,54157
153339,153351
60778,53657
400366,402561
543601,543594
248528,248493
108882,108571
207293,207097
229287,223867
46198,46906
284869,278609
300692,300693
18740,17949
529208,533259
314137,313147
38193,37735
328153,330298
585944,584610
127152,173239
169841,169657
55421,54549
391126,395479
383174,375581
291772,287924
433854,435956
96693,96766
98091,98239
74513,74329
587865,589241
386346,386176
87456,116370
106830,106816
538723,539209
77526,77724
26231,22711
101803,101608
45288,42497
85265,86372
254265,246643
61262,60778
276493,273443
515534,510341
319021,292921
384834,384759
408427,412175
100011,106782
427632,432613
50280,48808
511040,512012
161129,161132
76088,76229
161966,169176
278609,278515
455170,455268
53143,53198
75330,89611
64952,64573
471915,473426
458889,378891
399344,407521
366942,370200
433614,443046
19263,19521
66155,65770
199997,199099
438690,438697
418304,418514
123059,116705
303124,303129
256472,251614
538101,536556
411064,411068
64015,64003
88549,89987
152204,153280
281004,281874
347546,345040
107985,108106
66029,66196
506423,506621
353453,353451
183913,185884
253478,253722
423572,425046
528887,528975
155962,154550
536221,536406
121094,120796
291098,289783
19916,20035
120928,121258
108512,108158
469297,461245
332059,337211
334691,336565
255326,254283
226547,223319
128201,125942
215783,215773
54223,54314
244777,242195
53374,51336
129363,128104
93589,75377
387066,386733
415311,413037
537160,537156
431339,428171
2854,2735
103293,103130
387758,387226
365541,365688
435869,443311
443115,386415
64198,63255
41145,41445
391423,388332
518270,520112
65660,66433
103673,103536
362237,372293
53379,44890
76722,69657
579037,538772
405810,405426
158533,156041
519653,519964
142993,137463
539170,539765
403264,405819
142302,141487
525407,528133
586796,585979
517888,520168
261523,261463
98070,99269
359942,359850
36824,36813
526587,544430
434729,432613
522990,523456
217584,211950
385750,386517
318914,318932
552962,548513
105952,105781
425086,436253
363962,364338
374505,375857
26030,26025
499132,500845
30405,17465
242709,242724
570103,554778
380909,380910
113719,114198
86636,86616
89096,88896
116755,114379
254580,256640
31299,31678
107438,108205
43771,36227
257940,257699
114013,113140
548272,555503
371754,377134
26219,27775
62115,61217
82260,82277
192121,188862
406959,408214
453698,453467
244556,244558
206319,206249
66492,67447
37765,38925
464653,471346
458487,458510
211270,205204
42657,41437
135653,134643
534967,534549
389429,392351
418855,418430
273991,272793
33883,24356
96082,94839
219450,219452
169676,171230
284574,284650
9817,11245
106096,104324
123779,127195
203130,203163
505299,504591
26075,20425
172161,171473
558241,540089
139935,144177
251888,251892
571776,573936
546407,546592
263935,263590
203700,202353
384843,382890
577105,587968
169176,161966
277772,275521
580096,581024
173708,175489
191575,190341
111059,112125
370801,368840
207116,207077
92557,92534
97668,97628
47885,47600
226202,226288
11228,15908
132895,132631
9411,10287
484406,485842
424192,426980
165071,159783
473035,469216
425010,424394
447046,446860
362920,362714
113542,110201
90700,91055
345468,350329
81537,75734
88878,89062
512962,512223
114947,114565
435419,429490
287565,284956
556850,557233
99987,100211
120005,119998
135040,136374
363856,364506
49051,50204
101163,100551
196088,196401
180094,180097
447738,447733
82252,82253
151973,152489
415311,416367
21864,17926
83275,82701
579016,578782
105670,106231
45704,45219
90562,90316
315363,315428
584,849
274074,274735
139686,139395
55949,58774
328285,329827
566562,566329
57788,57738
485829,486166
463306,460384
38776,38826
6384,6165
499754,499257
3020,2920
374219,374094
13580,13662
25138,23698
392351,389429
75328,75578
323114,322588
403882,420458
216486,215008
94146,95755
441838,444949
228637,229530
555370,554899
549582,551283
585033,584863
208646,205904
273047,275403
101694,101425
332330,334695
105097,105564
75786,77745
147745,149687
114635,114531
266796,266808
469259,469678
37995,38210
105239,104866
267214,267321
397112,397096
454924,455376
88824,88505
94221,93431
133290,131304
8710,7825
541108,545397
136715,136710
160981,162714
86022,86461
34271,34615
126218,120840
89676,87967
413997,414510
579577,577798
33389,33409
65987,65946
516191,510199
589116,588710
357455,357898
531635,522838
376831,377464
97851,96394
272793,272237
387035,387046
563393,561750
327048,325157
38717,37575
313577,312421
339293,339314
546167,546113
159453,169223
125855,125645
186671,186827
127119,127118
515516,513012
107121,106485
547835,546134
104139,105786
197097,198508
68507,67472
558816,558818
562575,558620
141390,141785
168658,170618
165456,165449
127414,127416
396381,396378
56185,63052
104091,104964
206793,193539
266474,267399
510878,511147
104107,104154
370841,370815
64363,70838
56925,58331
186862,192787
83588,83792
145777,147171
538857,538648
115015,115020
221207,219222
401542,401535
110738,110502
578681,576804
150703,159278
55773,57422
137660,136446
5092,6244
539465,539443
282033,282031
476457,483316
504248,507198
464221,461516
240105,239136
12295,11879
500481,500338
353944,356184
261352,261341
98826,99537
21004,21553
331005,328245
208959,209439
494021,495511
28786,29147
394922,394921
444806,443311
257782,257624
75762,76033
270319,270492
44810,44539
551650,542006
205072,213774
86163,86156
165230,163119
239717,242006
201216,201207
114678,114041
551141,549484
430525,430935
536394,538648
548668,548662
77384,75901
246837,246475
135211,135213
63478,63991
20613,20742
467340,468289
298168,309254
42497,45288
98575,97982
264338,264387
135735,141225
206976,207097
517911,517794
263590,263935
230809,229247
44539,44022
162560,162318
290152,295006
319021,319447
410753,411180
88744,88739
180068,178957
254068,245648
377422,376779
397902,413401
546098,556551
119031,119469
224998,224307
556591,555683
93226,93258
319099,324591
539163,539188
477192,477200
488413,488405
320881,324741
253506,254404
55564,53379
132597,132600
110070,110082
36736,36247
218827,218832
413864,413928
112267,112137
368215,368275
124393,123219
539708,542263
101304,101163
456893,456962
287250,289674
403819,403036
558810,558816
364985,365969
93829,95190
342973,336727
119031,118664
361475,360455
24682,24667
93839,96817
272074,271531
100147,99156
229089,234781
361117,361097
235463,235488
220324,222704
112657,112830
282032,282023
490437,500465
536149,536052
125620,124005
502849,504936
340016,340006
218853,218844
205531,209429
173015,172760
76826,52025
540230,540227
554029,554899
112341,110880
86867,86718
19872,19820
564881,567735
210369,211331
172764,173299
108918,106274
297809,298046
150799,151982
125757,123313
476021,481636
32975,38172
119803,120159
261058,261057
56193,55885
438971,441382
98431,98447
161690,161740
424969,425038
167507,163842
40562,46988
319166,316632
529209,536788
64416,64353
246303,246354
318003,323320
212983,213832
336031,336023
340494,336732
102476,102376
70616,70542
66870,69447
386838,386559
241220,241214
168160,166450
1600,2165
221633,221613
358619,360887
424192,424191
375116,374779
114801,114984
550708,550704
64005,63856
58723,58880
383933,383047
85707,85702
439223,438169
437096,434786
260120,255539
232552,232638
124260,123658
56116,58243
126247,129690
306559,304472
94390,94155
134550,134539
42312,40194
71589,72566
289198,289199
175613,176582
460335,460334
497976,497831
517717,514866
147185,147161
91212,90319
28133,28125
454532,454905
184959,185379
237219,241074
24297,25070
290227,290216
493981,494719
44810,44836
325858,325861
39892,41076
165230,167388
85066,84901
358542,359835
29352,29451
115946,115960
96308,96394
245852,244687
128516,124050
408427,412045
282190,280948
150784,135727
330864,332043
69961,69634
565093,561470
32070,31208
408252,408257
504591,504585
397987,405542
61389,61362
325386,340926
245311,243959
82672,82278
109111,109566
559664,564553
46649,46028
265713,263894
236757,238518
394677,394582
77520,77533
267513,267067
190706,191572
516606,516186
131897,141962
96475,97042
337171,332817
533989,533877
370869,364918
570881,573141
303254,303230
56044,55067
126247,125636
584085,586472
516724,516033
427041,430456
101710,101798
37648,37592
72887,72979
221846,222339
329253,330596
352030,350256
79847,80199
69656,72515
490731,490710
143324,144883
546683,549149
159278,157624
407783,405819
191472,191209
519640,519653
79335,80209
96144,95908
208867,216831
179918,179794
93,6628
229967,216917
535828,536173
520227,429986
50310,49943
186391,186896
22711,26231
56579,57804
207487,215156
552583,552575
490817,491773
339617,345132
537753,537540
46187,49083
239271,237731
38745,39086
472176,473713
424962,424969
549065,549048
146759,143591
511891,509482
329093,324591
114801,114797
366263,366832
271529,271516
121384,118095
358619,342391
564553,567062
570103,572018
399378,394411
381764,383388
218862,218853
401352,401147
200057,200042
100970,100967
136710,133896
83562,82465
19793,19824
458878,461285
174839,173591
99409,99473
169884,164314
82460,79041
66812,67346
71052,81973
300940,302548
29629,29946
231726,226831
164483,166247
185957,175434
342601,339622
75744,76503
530990,530998
492605,492037
98337,98328
520112,520132
516700,524575
87716,87118
60792,58849
113986,121013
142953,167489
138382,138173
464716,467997
178559,178726
193673,196149
78090,80374
405819,403264
66435,66433
226458,224540
226831,231726
105271,105266
179491,176427
46028,48756
407853,407772
379644,386760
520548,517787
105809,106231
164669,164666
419435,423305
442966,445679
521389,529922
32387,32017
121013,123547
381366,381382
375370,375373
559833,559829
577821,572002
154724,155136
260364,261831
77724,77526
204242,208838
181469,182881
163789,163691
106894,105113
98584,98339
849,584
249643,249636
408180,408143
116452,113793
150784,150950
478105,482905
367348,367137
500048,496512
536495,525361
530794,530789
114097,114131
28084,27375
152631,152626
243272,239404
11911,8884
71512,73181
272080,272237
104128,104015
582088,577821
235335,236002
115633,115918
77388,78492
47403,53203
360064,362987
457613,462272
297651,294238
177305,178024
82046,76636
275521,277772
255405,255198
109179,109216
386778,389167
538703,538693
300348,301534
203584,204276
62114,60006
133475,133342
217356,216371
506621,506423
38151,38160
533813,533948
508807,504936
183457,182452
49523,49534
557233,560655
348545,347752
458719,458998
573747,573962
120757,117810
204892,204893
14921,15872
327535,327530
64003,63786
325100,327000
119220,121813
112620,112657
34913,34623
494720,496778
70897,70918
83505,83464
198534,196401
294238,297651
420068,420453
521383,515823
38003,38238
374446,378343
25066,26190
450141,447282
430805,436160
300665,297403
76690,76948
585567,585472
249192,247753
405499,406886
100967,100832
244687,245852
251502,252718
349161,349165
272363,271504
185240,185405
195107,198627
301165,302829
276264,276085
33548,33606
406868,413256
86222,87598
438573,438571
382215,381918
483048,481678
169657,169574
400090,400041
456263,457725
279274,278428
28554,27757
537615,534870
386032,386047
414038,414055
114984,114801
133933,132610
177348,174017
125239,124907
392123,390603
109287,109768
364818,363551
99269,98070
469971,469404
1128,1125
121222,114085
478631,477688
423955,423957
377889,370876
457783,456885
522869,524043
257747,260319
110269,110215
307404,308730
72014,72855
23979,22427
395469,395497
515516,515781
87129,86716
96461,96396
55747,56392
264543,263910
326635,326602
385166,386259
110332,110944
298096,297542
107310,106682
113457,112860
518445,518724
293129,294829
74837,73278
278207,278515
53635,53640
396088,396242
551987,551416
308548,308542
255565,245844
429827,428344
60671,75377
557216,556731
148155,148623
418514,418304
61767,61990
520994,521584
92247,92176
116811,107257
7036,446
261651,256472
442774,442773
479033,484403
141962,131897
237674,237926
232638,233945
58952,58960
282119,284574
265956,271467
364283,362186
296593,296941
93159,93382
481802,489131
51147,51540
573141,573965
89721,92817
270801,277758
267475,266669
68336,68399
470361,469642
578375,584727
53592,53138
358919,363570
482540,483179
487409,488740
59017,59331
515823,515819
410493,416493
572569,572584
508745,509482
497293,489484
338814,334365
29946,29629
407705,404898
25804,23646
114960,115368
393452,395159
528642,529689
191117,190754
273193,272683
72552,71836
200400,202235
291454,290872
394530,394375
299740,302133
572014,569864
422651,418199
300199,300203
285058,294166
251978,251305
445314,444927
166247,167645
476680,477192
123790,124221
565066,583787
118559,119210
103637,101765
84524,82047
493591,494107
377895,386534
57869,57386
109946,110156
354276,350757
8710,9602
508022,510160
105948,105992
114937,114552
132703,132762
336031,336080
27835,20662
315266,315312
159865,159856
112680,112981
114306,114281
96315,95983
112349,112063
53138,52647
214966,214271
457343,461256
203478,203476
159359,159472
308813,308811
308551,308811
189348,183190
109062,108442
92729,92672
85541,85066
534350,533025
65783,65583
108623,108745
50891,49670
113214,113049
432239,434718
150127,145835
427452,423305
407772,407677
17814,17845
422599,421660
527296,529152
587763,590180
115199,115221
525107,525645
484455,482355
319984,315711
325863,325861
99125,99153
283431,283433
403628,403688
115862,115915
387066,386176
113726,113732
526440,527073
553343,558437
438134,444566
527292,527289
540227,540230
307323,300686
111898,111335
542263,539708
464221,464232
345062,354933
157762,156361
570968,588658
455832,454132
198724,197598
217134,217573
199777,199790
271100,272080
566771,559933
241705,237208
533937,519757
81433,81026
149695,150634
256510,256505
106586,106493
177575,177971
120723,120029
531963,534339
436007,433777
372760,369555
85911,85618
347934,352030
119761,119803
181062,178024
33826,33869
111111,111648
419547,408059
411126,411068
348290,332602
247900,247375
361733,359505
47403,50414
58712,56548
274735,274074
111979,111808
100513,100772
358555,358113
286222,281234
589241,589248
32936,32960
26591,26043
177305,176174
223238,223249
84682,84647
193268,193542
118775,118782
439988,461291
114776,114797
14283,2273
411936,412347
85991,86270
324452,324579
292448,302580
107808,107874
396378,396381
10938,11321
315428,316183
502869,503848
137996,136905
278609,263784
446510,445250
491629,490122
105852,105477
462582,455960
211981,205947
13753,13950
462981,465276
172411,172195
106922,107084
50183,50709
508022,507074
536248,534856
82855,83949
539695,539267
92983,92782
538716,538717
113140,112913
506959,535843
123239,123260
196176,196870
450787,454440
173708,171549
85511,71242
501040,501384
503166,507760
216154,216477
12581,12574
14618,13997
277861,277638
474985,482380
274750,274085
59641,60851
41978,41076
377422,377535
63491,63989
65946,65925
536552,536556
460335,460338
475532,475544
18679,16766
351673,352387
10672,8303
57765,56528
412268,411126
463463,460273
77942,75591
506955,505118
108825,123163
453935,453872
23170,23283
147065,144215
371660,372457
88141,88239
295901,297117
437505,438169
48925,46906
500905,500943
106231,106546
222189,222198
419031,417428
10641,10279
81553,81537
203722,205072
484619,490654
326562,327122
401727,401723
314927,316277
278093,278122
471974,473530
558408,560316
448017,448281
38308,37508
314664,320778
323977,326244
78646,78918
461386,459959
179826,179725
243028,242484
444036,440903
513012,515516
497120,484213
578184,577722
253983,263369
141843,142272
75440,75478
468722,469156
334301,333676
525194,525187
528401,528448
83588,83422
227103,227478
180697,179402
297254,339736
111335,111169
220346,217584
246571,239436
438212,435536
533348,533296
561212,558999
482908,485213
413928,413864
421279,421464
118225,118559
434691,430772
167951,216533
558341,558289
53968,53131
12448,14757
111103,111169
239479,239243
382789,394945
83046,81129
206397,195747
211403,211405
206325,218502
499951,500153
111975,112037
20662,27835
440775,440923
390651,403434
190762,189360
163783,219478
72724,72588
533507,534995
162128,162133
415573,412157
91950,103702
169049,167705
49968,50183
352030,352488
569575,570614
370069,370076
186942,166250
271513,271391
397119,398649
535849,546449
439097,444290
178686,178371
572002,570879
49433,50963
64126,64192
109829,110805
108681,108726
243040,240884
71494,71207
148839,149037
562218,562795
534984,535798
478178,478201
469323,467951
245207,245571
107525,109977
529756,528614
340998,339815
465629,465511
450036,450305
555103,556576
241074,242495
108212,107874
204737,205146
95509,138101
409731,405810
52141,53880
543613,541921
533522,533909
403280,402789
112459,112341
461386,461516
507287,509834
100607,101269
471708,471346
402492,402938
168738,167388
112668,112865
131922,131502
216676,216348
185919,185884
525644,526391
443311,444806
30131,34109
116004,116132
362570,361749
87870,88878
415485,418836
165591,165467
402724,401352
508440,501653
393273,391226
579503,579496
76341,76739
427488,427044
281407,279723
314972,315459
54820,67736
517531,518037
237194,228887
141749,145833
429755,432312
8649,8388
553684,554518
476446,476585
406860,407678
51362,51243
467740,468121
385166,385161
181866,184800
488545,488473
28249,28601
440735,441361
98447,98826
382256,387721
217293,218925
211755,209041
226182,248946
292484,291714
373060,373391
20330,21833
499410,492287
244621,242524
522476,522438
238667,236926
29249,28873
466188,469907
192766,191237
78833,78691
18915,1855
306019,302526
36920,36828
174807,174517
415279,415280
13997,11866
90896,90333
477184,478900
108252,107891
254283,253405
429772,431861
290377,295722
108881,106372
546190,546185
413923,415911
52647,53138
103971,104193
348545,349850
578949,579579
235463,233158
462702,465487
429772,429767
9698,4741
80926,80931
588021,539320
530365,527596
286664,298308
503848,502869
156479,154890
109041,108882
19458,19005
410649,411963
62201,62234
430911,427946
65762,66023
38172,32975
129722,129363
56760,57386
132727,133429
158008,157950
134519,134267
221093,221090
272769,276734
37592,34736
264754,266875
323378,322559
515878,515882
329099,328336
535775,534396
483599,473484
265806,265809
516629,509815
159865,159913
233741,236926
515542,515559
232005,236397
291100,291474
349726,346295
8468,2555
282452,284146
468457,459466
323083,323149
99473,99409
108565,108848
232940,231171
72861,73132
84839,83562
114531,114456
280554,280788
434141,432614
321765,319346
342584,342602
366586,364561
391134,389689
318957,326155
585590,585594
530998,531002
73015,71505
582528,584377
155591,153757
100967,100970
365541,365054
443590,436813
465089,462272
327048,328280
168311,168207
89058,89364
396345,409135
263784,263862
7421,7482
303104,303266
567083,566975
70669,70616
518430,518420
211766,217499
356581,356858
479080,480305
344277,344723
585594,587756
48886,48781
106250,106117
425086,424881
476152,473426
304811,304181
496930,496873
540009,542303
43596,45792
328831,330883
206319,206420
34675,30758
53880,59302
73693,73015
201476,199047
164666,164669
506797,507220
86747,86752
444927,445314
455310,455420
34278,34855
184763,185688
569776,566177
388043,388026
523647,523859
358555,358625
538949,542299
98372,98949
149691,149660
129937,129919
27775,29954
452136,451703
119803,119736
82046,88480
552804,553089
484197,484200
368280,368357
285904,286890
464234,457704
67041,67028
189167,189735
118711,118720
142815,142676
111607,111751
414401,415483
14768,16763
223509,224574
293561,294974
395404,395159
537622,537602
270788,269771
246804,246671
102351,95650
415210,407893
269547,271473
220289,220327
48728,38476
40889,41675
283500,282640
49476,49481
75591,75891
533331,533186
438346,434841
78125,78120
409465,409050
119736,119803
434699,434691
121513,122053
386733,387066
113299,113297
103962,96857
403113,368882
428310,429919
137493,139590
394482,394712
538066,533455
263458,263556
25703,25638
112552,112666
30680,29978
504793,504162
237188,237208
497404,496243
386218,386219
400315,400326
406187,409305
56096,55074
412793,415997
298805,300546
124709,125663
104988,105308
138164,135607
154925,150326
38846,38851
251768,251849
26586,27045
537940,539708
281266,277050
263369,266493
31681,31606
373030,382789
549,676
179794,179225
375581,375573
82418,82312
21944,25031
207831,187298
522241,521258
64777,64770
486356,484942
210251,208646
91672,91520
460712,461308
169994,171547
547978,548624
156716,156954
173955,173927
451492,449590
177874,169288
284869,284956
353878,355545
369551,368236
128926,129860
327506,317586
170565,173591
475683,475770
214676,214701
106434,107336
66059,66044
64262,64273
166615,166435
222333,222758
390847,396345
36951,37995
103308,103101
389865,394743
273991,274066
151958,140778
26713,26708
110954,106862
561184,561196
79241,79185
33682,38178
79836,80526
46257,46612
472225,470954
359835,358542
84739,84917
116150,116201
255267,250117
209429,205531
210822,210824
79152,77800
98167,98141
490442,487501
518187,511038
97702,89676
540570,546050
57738,57525
11434,11446
551559,529548
195523,193217
87288,87023
320277,305737
92575,92343
245780,244067
585183,585112
439312,441573
195548,194967
189702,189683
80374,81117
36040,37683
404135,404031
214395,210247
7628,8206
98503,98598
583323,585429
326501,327037
198781,207935
115242,115221
359835,361120
227090,227084
365676,367780
317994,312744
325119,301342
266468,266466
253244,247006
480064,477688
267054,265809
147214,147481
150010,149710
434785,434786
211531,211647
557566,556633
95283,94701
441751,442952
582305,582268
486356,486849
17463,16763
183870,177608
507681,508745
363126,363863
150634,149695
2115,2327
66195,63140
113379,113173
461245,461234
22447,23213
319964,319869
223709,224932
158404,158410
302217,303621
309479,309486
106312,106271
461770,459335
387563,390099
105918,123313
397471,397468
180101,180097
498947,499549
98998,98903
374856,372851
73058,73056
534160,531271
527193,528737
122328,122684
342285,341356
488006,485890
38238,38003
89870,89403
498048,495703
534225,533359
91112,91117
213252,213722
352003,352011
102873,103010
90919,90722
138404,138239
114852,114796
475766,476399
2981,2949
462949,462955
540242,540595
59400,58565
397260,393060
93187,93182
68286,66438
224287,221889
462261,468216
311456,312305
236559,247318
12562,12552
23642,25996
111522,111320
557129,557116
244978,240264
540810,541052
192101,193268
582513,582516
59772,61362
321778,322135
401296,401249
105347,106477
98969,99612
77375,77299
12574,12562
589538,590131
85389,85243
403519,404525
278907,283043
210247,210164
567870,567869
77569,78104
102822,103021
112512,112409
481063,482006
449459,443911
523860,522088
270681,271429
276315,274578
449590,448531
91234,91241
121996,122079
296456,296458
455268,455170
530029,558203
518420,517842
119684,119670
174497,173110
452976,455857
111607,111377
97633,97081
130429,130357
223709,223322
368677,368558
302188,304464
63333,59620
405340,406831
568818,570021
417739,419203
83317,83960
448272,448269
81442,81552
92305,92295
86746,86287
435905,437505
124082,117486
232297,239243
518158,526486
216793,217878
330139,331610
386265,382278
286351,267741
107709,107952
300408,308867
418978,417771
101608,101395
49523,49461
346674,339378
421193,421186
51179,51192
73590,73535
140011,136374
542263,547230
114733,116096
94747,102640
429457,381949
409850,395439
538772,538733
27524,27220
301979,301980
34241,41098
240709,240039
317519,317525
29412,29459
393884,392860
75089,74851
172094,172760
95991,95890
113380,113396
216371,236039
359007,358993
271765,271482
84432,84316
521696,521700
16234,16386
114268,114208
106312,106434
496781,496778
45666,45663
290200,290201
397349,399920
50414,50705
482006,482204
174583,174815
361324,365287
401556,401575
124179,122225
587733,588521
19285,19292
38692,38925
198046,199906
83896,83905
295501,298775
397329,397174
488470,469191
70300,69942
285987,285856
148116,147357
206209,152666
349822,343832
269485,268587
293898,297994
500895,501251
348916,348456
304817,316216
301982,301981
80824,79906
285735,285231
178333,175628
195739,195747
216501,234711
4323,3929
110536,108042
256417,256241
171475,168311
340443,340348
388204,389261
568153,568155
291212,291587
462933,462019
52442,55152
399251,399532
486804,484461
262117,255664
425006,440151
175489,173708
244561,261615
409318,412815
27532,27541
117144,114406
998,955
361993,361988
49853,48678
113435,113378
42958,41294
163945,163920
303092,302963
426450,426134
446860,446711
205037,205038
103792,104745
305913,306188
308815,308813
517656,517794
508632,490739
303007,303040
76618,76486
500740,500693
148266,150818
161740,161758
144177,139935
64206,64259
275032,276193
492895,492908
574775,587757
62699,44342
110665,110626
76391,75921
74166,74447
504585,504591
102967,102918
419547,425059
337895,340425
9242,8556
83385,83661
92180,92170
23520,19291
24939,21833
135025,134952
274085,274750
244628,244662
25548,26263
112351,112357
33860,33083
429986,429970
116705,117472
545981,549853
571732,562215
545738,546685
459682,458539
101395,101608
528975,528887
493961,493618
502004,500048
113401,113497
112214,112244
536716,529502
402358,404924
392794,385287
155941,156397
524262,522526
128268,129730
59331,59017
374915,372303
85618,85911
70921,77444
577262,581414
132989,135578
362003,362005
283617,281993
400426,403113
38581,37968
80459,79995
55747,66736
75440,75429
106744,106816
161223,162662
132291,131456
555503,548272
69870,70171
154890,156479
235634,235488
431832,433622
106964,106940
254150,254169
52602,52618
140626,139576
382053,382023
478201,478783
401451,402102
128175,132117
334365,333588
160234,159650
381287,381931
576276,578299
166176,167116
280558,280242
551531,555478
533185,533017
280631,286382
295813,296392
54203,58964
77832,81873
107490,107521
63799,63964
581141,580304
327000,325100
87018,86601
349088,344723
269107,264387
47849,47366
89153,89121
185170,184644
190665,190667
83629,91213
301649,300964
72545,72365
405396,405426
39086,38745
290468,293295
356408,358113
533359,533331
457767,457165
115508,115368
23367,26059
528469,528586
484901,479767
360591,357869
46580,46057
1114,1077
288200,286647
315163,319008
193112,195694
33892,34713
35485,35156
9624,9602
582128,583323
99733,99717
327967,328433
137301,137867
121852,123349
249647,252424
137044,129351
567330,568765
419396,419384
174517,173845
373212,342862
72138,70647
113209,113140
116096,114733
445635,443019
412157,415573
68286,74037
86152,85281
457607,457576
84479,84512
374094,374219
169800,169994
212788,213808
552433,556830
102115,102649
113886,113732
216371,217356
40747,44337
529386,530112
105668,103514
417672,415997
25412,25225
562216,562218
335729,339293
114635,114759
110805,109829
62954,64406
75266,74904
115085,114995
162278,160418
257304,257074
46352,43523
36216,39710
89601,89364
14071,14076
10938,10764
519393,529209
273126,269107
377389,377835
66025,66466
295219,300408
330016,328280
106700,106707
44915,45663
295160,294351
352488,352030
323114,323889
202175,191855
476468,489477
39575,38238
10838,30131
83848,83840
511620,511097
476176,476244
87185,83949
54337,54455
60331,60391
525760,528314
583288,582109
314207,313045
131886,121892
401142,402099
519920,519812
462800,569949
242116,242115
435708,429284
136564,139936
473068,471649
563547,562795
354464,354466
389427,391675
412160,411817
277393,278144
102129,102250
66613,65831
48465,48458
61759,62995
457797,457783
297518,296458
161690,161671
395091,393885
195153,195410
249889,249192
117486,115085
306558,305737
104318,104602
313259,313255
310912,310852
76141,76712
313165,308867
61791,63068
126074,126684
446839,434506
522674,522673
66530,66304
147462,147616
417895,418000
167645,168968
95198,95185
271604,270869
144407,149822
459405,454905
76915,76456
165156,165169
497976,498917
476153,479750
92817,99587
579588,579988
161420,162318
101256,99601
98892,97783
165499,165508
357376,355469
267155,267587
369753,372778
63255,64198
278207,278202
109993,109980
210696,208758
66792,66812
41240,34099
221090,221093
535955,522614
142560,145274
104070,95939
18435,18403
519119,522246
124937,124339
126372,127414
266694,261469
199644,201280
268407,268430
123617,123496
433812,435881
552575,552562
219191,244113
280631,280047
75891,76267
240665,240468
94715,93630
39480,38969
370090,386827
161924,164429
588427,589869
289440,294089
148856,147202
86152,86383
132620,132304
65133,64944
7159,7090
371182,370665
539292,540227
36058,35904
59207,57422
128268,128201
461234,457802
88395,88813
26190,28873
318463,318593
244626,244726
123876,123733
261376,225321
107329,107253
30319,29147
295647,295191
314615,313996
471702,467642
274883,275779
339314,339293
578212,577603
32960,32936
455106,471649
205426,204276
463669,463593
565636,565534
286540,284316
51514,51347
249406,241705
16763,14768
442672,442667
220207,219954
439712,432867
366170,366465
133373,133988
109795,109324
172975,172324
765,415
248667,249071
526796,521640
552433,551650
63030,63035
47610,47757
46127,47674
105807,105848
500400,500845
114335,114013
105631,105622
332059,330596
500647,503166
479767,479442
355825,329647
576324,581133
369313,369310
358142,358222
102068,103665
27498,26995
27102,26995
332059,325119
11338,11153
551857,551840
112230,112082
302548,305348
135040,134134
94839,94715
324759,324597
150220,147481
552868,552867
236234,244261
458963,459850
290252,290822
253478,252718
299245,298592
418312,421134
339293,339489
200402,198157
117293,117105
182803,184813
101425,101694
24238,24258
79416,79139
161494,161141
99133,98998
47201,47306
544926,545738
430772,434691
91954,98271
78646,78174
228776,228254
285248,284285
167755,168360
497121,499155
533230,532146
275918,273338
434257,435802
293898,293729
536481,540028
581608,583098
64307,64288
295217,290213
320444,320325
6076,9996
425291,428350
84621,66875
258789,258573
977,940
70989,70975
292521,319332
146255,144904
432311,432588
453860,453438
396369,395738
47734,47903
482905,478105
38581,34024
60904,60684
60228,59381
188233,188266
284316,277269
277393,258038
126205,127464
405349,404966
521806,521497
320755,320752
528236,530215
108269,108284
340610,344490
528719,532843
42016,42023
177300,176188
197046,196950
293907,293417
21553,21004
184813,182803
84923,85067
498634,497120
270492,271376
330023,330016
110497,107366
168997,171874
552868,553135
550442,550439
476399,490437
353477,342721
425829,424568
78040,77693
114960,114868
252794,260655
291758,289844
61489,61471
189374,187965
499435,508486
244067,238667
346374,345372
571732,570432
184759,181762
305510,290333
502382,502933
565741,568150
248049,247559
152205,151402
387046,387035
444273,444662
322054,322730
139093,170844
334111,336651
398937,398974
403080,403677
251846,261616
469907,473620
415864,415860
104964,105157
367820,368352
299359,303230
278636,277992
43400,43523
407860,407853
126367,127875
69882,70104
424394,425010
32387,32432
247501,246764
470854,472568
548436,551065
483497,485832
184051,183122
42120,41675
92305,92649
552332,552858
558069,556886
105564,105687
327780,331079
521188,513435
372784,375439
240513,240505
80291,80468
100147,101425
173591,174839
55719,55885
6609,6889
486184,486182
200082,203226
427946,430911
66180,66059
118377,120651
534984,534383
23378,22408
90343,97011
486088,486070
105814,105811
46649,46740
540250,539765
526400,521563
499360,512367
426862,429005
509771,510935
392573,390205
112496,112498
121922,121813
252461,252173
520145,520174
147481,150220
308542,308548
437541,443953
368424,369889
241705,249406
294351,293271
362768,362228
118747,105443
41143,40716
30586,30457
184295,183966
239418,235942
76979,62995
15792,15641
306188,305913
50365,51167
63649,58600
128201,128268
41245,40619
517066,517448
469153,471147
529301,535613
380058,380078
85345,85512
109673,112394
56714,57452
182622,181665
204782,204389
75921,73799
460261,477230
81502,81286
136588,136578
445841,445851
517482,517484
276688,276478
18876,18845
236140,209594
166615,167004
269177,270286
369124,367775
247997,250996
102608,102505
15830,17572
392475,390181
205437,207070
545471,543983
566284,556871
250379,252804
90454,86372
268095,269207
141464,144407
517154,518742
8999,8668
273338,275918
83976,83972
539738,538761
563539,565160
291223,303619
346491,344430
59381,56022
488211,485842
453962,457021
307778,308821
101798,101710
299364,310557
159154,159185
11731,7098
74694,75725
534604,534595
467880,468914
323140,318617
36492,36656
324333,323822
121808,121794
132597,132588
74513,74374
187828,192957
75927,76572
25461,25548
455211,455368
519633,519328
553225,555921
392406,393154
392230,399344
518833,519652
32746,32713
275918,275997
183966,179040
113630,108881
492129,486404
205982,205957
106769,106743
203810,204309
206209,294767
356505,356493
299873,300015
276734,272769
550969,554171
132939,133991
473609,480190
376518,378565
246280,244935
74152,73590
361996,361993
161716,162815
176027,175942
577722,577081
320325,320444
8763,9814
204769,204772
116012,116731
364059,364048
311267,306802
339937,338762
152344,150703
91830,92303
350574,349916
448269,448272
112125,114650
524843,524727
246424,247666
88754,88744
323533,325219
482204,482006
106765,106758
81886,81493
397119,396242
55932,55940
538442,537052
174092,172328
280269,280948
488652,489051
362620,364048
208263,209537
54924,53117
247423,255664
590324,583904
404759,404884
508632,521563
278801,276420
446711,446860
35133,29522
117259,117230
201145,201357
476335,476307
8339,7900
428884,429313
514890,514898
208360,210759
133097,133371
377447,381764
310501,308157
402916,399920
13371,15330
392610,392663
419124,423508
188138,188139
101514,101229
283938,283435
412289,413923
268130,267321
315891,309818
125085,129795
218844,218853
549442,548392
308821,320338
190754,191117
186279,185675
45663,45666
199830,200053
41977,42178
242724,243451
382891,384765
477560,472324
376518,375800
208758,182673
538723,538717
114401,115388
42143,42066
575948,578191
209594,192744
111719,111948
469323,469411
261220,259413
81553,83615
476027,476446
470898,470022
537995,539826
276514,273239
471649,471876
91821,94148
445373,456660
95295,95309
331610,333191
480190,481966
114097,113822
147065,147582
277926,277993
375662,377104
46109,46668
376303,376154
46853,47351
443392,436271
379785,382094
200584,200619
434982,423631
278054,279841
259796,261199
306832,306638
290806,290796
385289,385547
21336,22711
80936,80956
130199,130194
383293,382435
44813,43536
482740,482984
141962,147051
230660,231287
266868,265038
300442,302580
543096,543427
420462,422007
163393,164647
465428,467573
200101,195523
65008,65063
79995,80459
109216,109324
98893,100023
356472,353890
386761,386760
123547,123857
242872,241739
383273,383257
77430,77604
328046,321509
101342,98357
105579,105139
261615,244561
391675,396386
108994,109103
330171,355741
71407,71088
70918,70897
70794,70107
71637,71550
180496,180577
378891,458889
573763,574886
147007,146556
111468,110877
321093,322414
493194,494565
28195,64133
152545,152626
541649,544798
462955,466885
140011,141749
80686,81265
387781,395204
2900,6910
284044,281981
60591,54283
341294,328480
84400,84707
80663,78248
128861,127916
209387,210038
328661,329086
104698,116370
32723,32783
17430,16526
183186,147051
517488,517840
309614,308833
250561,250757
326662,316412
43792,44883
18218,23523
453162,454500
574357,576109
202144,203610
131428,126814
92919,100649
31480,33826
81347,82047
466064,464460
532248,531890
272313,272316
472544,472541
163664,165536
316905,316917
178795,187292
39092,40420
319869,318730
78992,82385
234711,234740
436740,438284
190858,189135
309940,289354
9817,9814
177780,179326
246092,244325
433812,427241
68018,68024
339210,339214
60778,60228
84416,82691
178363,178371
281995,248386
129757,43460
500978,498343
334227,335244
480792,482355
46514,46543
404964,404966
17430,17949
486102,492762
218931,218930
459947,462789
83441,82418
520406,520701
42066,42143
114139,113995
499501,499364
110738,110868
551607,551586
132762,132765
103623,101266
115408,120915
123472,123496
504413,504248
52618,55626
214416,207831
45704,45748
40527,40596
509516,510390
229530,228637
487259,487733
68087,68517
369310,369313
332992,337087
123802,123788
90417,90117
154478,154852
18555,19239
137586,153613
489652,489141
456660,445373
446252,446322
49534,49523
580246,584209
86222,83719
338118,338490
116132,116004
34241,12917
119759,118161
94883,94857
462221,467642
394945,382789
578191,584085
105281,105271
403742,405142
264108,260319
428045,432691
540275,531989
34109,32746
437958,438337
468216,469642
101304,101395
449366,442952
356568,357086
49433,48666
265809,267054
517448,494842
115136,115234
328285,318597
279165,279436
485155,488955
500134,497293
323083,312045
136657,138358
140974,140962
411068,411126
33420,33409
83370,83385
488652,488006
477461,476643
235889,234781
381918,381912
389417,389410
357154,357159
308575,316659
42199,39880
44887,45205
356581,350292
315711,302413
100317,100307
107084,107132
213959,213808
95170,95182
412175,408427
46593,47403
340559,340234
88239,88141
33606,33548
19971,18718
353099,356783
461531,469907
57474,54753
50719,52102
381932,383257
224792,256580
247207,229838
205038,205540
540456,540024
312025,312457
397349,395204
76938,76768
579475,579473
548265,547721
104111,104051
448952,449057
371660,370107
163282,163287
512057,512822
461245,469297
211105,210045
445751,447654
110993,114182
105090,103446
131799,166250
567876,567884
410350,410404
494806,488268
257282,256699
324614,319984
489051,490427
84939,79538
367742,367750
303586,306161
471915,471889
243740,243753
254150,253962
70193,69866
329093,329682
161753,166942
411038,410404
95734,98633
92437,92446
402543,401598
585968,584143
493962,495059
286743,292921
384834,384861
292952,293561
243770,243753
98881,95585
134448,131969
417969,418734
95500,95554
393939,393946
113995,114139
404754,404463
97712,97732
232821,231142
62526,61979
101161,100499
418312,545060
461252,461311
456809,457844
484774,483599
528586,528614
473829,473955
6361,6256
543563,549149
560011,561459
394721,394712
48808,44239
58723,58441
415165,418091
153452,156042
66916,67259
114797,114776
500464,500781
551337,551375
347900,355469
112448,112485
452446,450899
54205,53460
511038,518187
955,998
283043,278907
83293,82927
320076,322375
140778,131922
450331,452976
524174,523655
360475,358776
358149,357250
23642,23589
468549,454664
395766,397736
25573,25525
14622,15901
107195,107284
589248,589463
235236,232628
328289,327122
184312,188862
355545,353878
546623,549084
138519,139323
123260,123239
32710,32792
40375,39828
390099,390101
91520,89420
83877,83863
500895,499381
81857,81855
568818,568769
19263,18952
105367,105072
472535,471784
237876,237885
193826,191766
69905,67169
183925,198373
84584,85418
342911,345372
219925,219363
105668,105185
151003,151402
257581,249978
221120,216535
472400,472498
370745,371583
51062,52388
53184,70134
521711,523655
342087,342077
200653,201436
135097,135103
48666,48588
175869,175277
402617,402673
459841,476998
426450,433713
91154,91298
96692,96429
88480,88500
239147,240505
443104,444556
219441,219492
381245,394143
63421,63799
385161,385069
72338,72483
468612,470022
70803,73930
267404,266819
549084,546623
107588,107470
520112,518270
320752,320755
106259,104821
297165,311089
320655,320822
19989,20129
72899,72900
448272,450534
544596,545076
101070,100975
350329,345468
71828,71041
488526,490553
264954,265607
464232,464221
24956,19028
206568,206274
531997,533023
238853,167196
169978,169977
543246,542489
79396,79083
122117,124997
183457,184644
19005,18804
95183,95259
267530,270849
290468,290457
364506,363856
48254,49128
242273,242780
83615,83946
300088,300015
507248,507208
98526,98566
241152,242524
437958,434125
164132,165982
465276,466485
93839,92487
28062,39741
114973,114815
261463,260843
258730,260656
426974,426246
86601,85703
160312,165123
116293,116597
67517,67477
100772,100513
404759,404754
64353,64263
587321,586170
79906,80824
187874,186674
388972,388928
253758,258730
320730,320726
96738,96692
54931,54316
382278,387492
74454,73343
347653,346491
180496,178540
67447,66492
399150,398228
403910,404031
469583,469259
465058,461256
79127,79150
113772,113798
68746,69090
372351,378891
214124,216668
385509,387151
276410,276193
250320,249813
246500,245571
233063,233200
521378,521188
396378,396369
73015,73693
55880,57043
505595,493992
236835,236620
305737,306558
169288,169209
508241,513401
94437,83629
573776,573969
410554,410210
127336,125139
107194,107760
263116,262918
514866,512414
45260,46593
273570,276085
200165,200155
538219,537899
55333,55719
105811,105814
533909,534022
308833,309614
280759,284855
463681,463396
439795,440831
382239,382736
65399,65394
120659,120085
419203,417739
24687,24682
155570,154852
203491,203488
535891,535896
448295,445635
22509,22273
94221,94338
337683,340579
401176,399380
584552,583753
516191,520555
257782,260946
46906,48925
393187,393186
272678,271316
553238,553341
104064,103941
227084,227090
108820,108844
466485,467714
263576,267201
331038,331276
572976,568765
419144,416354
142560,142302
390910,394346
332917,333052
194213,191546
490519,490527
568979,564072
4202,7098
508139,508131
12449,17465
579099,581123
136189,136766
483766,483758
390181,390157
285095,114650
580864,575442
538396,535801
317549,317560
220638,227422
315071,316394
76503,75744
70230,70393
500781,500464
376194,377504
163119,165230
291454,291775
584413,584452
368155,369503
220808,220636
92529,93434
350580,350329
386265,387523
294164,297613
180625,177070
71844,71871
204258,207268
239693,244287
527403,529684
223867,229287
468228,468235
541311,539196
526816,524262
56163,48335
582964,583579
107254,107490
36614,32224
492855,492875
553358,553368
362714,362561
308821,307778
110072,110417
316277,316892
382435,383293
400041,400090
373467,381245
200101,203232
98091,96491
7090,6926
232297,215575
113387,113396
2953,3731
458963,458622
307404,306413
111977,112071
84891,84972
492885,486459
562575,566077
360716,360692
498457,494392
112334,112308
229713,228885
89652,92131
562216,560482
109162,109041
537222,536957
75398,87617
519146,513071
162128,162121
30279,31606
290457,290349
106164,106304
271865,271831
202235,200400
107958,107969
102160,103665
575481,577849
47960,48173
110073,107770
116201,116150
364985,364514
315363,315343
16593,19820
553110,550367
62234,62357
583603,588894
407942,407702
541767,537452
300348,294142
73288,73799
72947,73506
325888,326471
547863,548768
329229,326514
416287,417099
213703,216154
23170,22734
244325,238876
568160,568155
246139,246643
382996,383063
4265,12552
481021,470973
554403,551615
99071,97376
472433,472556
450899,446322
107195,107178
368236,369551
37968,38581
173015,175277
80799,82411
461416,461531
226753,226924
164314,163370
394611,397174
504809,502398
269854,269861
537214,537738
528448,528469
527831,538858
113413,113357
236600,236646
274299,274313
180161,182256
461543,464847
484200,484213
85541,86453
157874,154472
472826,473897
69233,69235
101836,102116
579976,580054
425046,425681
86429,87265
369365,370179
131239,130628
64573,64952
337606,328763
517544,505778
313651,313039
264112,261651
214271,208235
580864,580866
106861,106096
224044,221041
118455,119761
73132,73369
468406,469259
75313,75480
407937,405152
539443,539465
94244,94403
297524,297495
368694,367099
60070,37648
22935,22920
363112,363551
182291,182284
525988,526673
434841,434839
328280,330016
540250,540847
85243,84678
251684,250769
206641,206646
439379,439482
409050,409465
81859,83218
444202,452777
64249,64208
232140,232154
71694,74853
215633,216793
536449,536446
167086,179214
305510,314664
498457,502849
402209,402667
108248,107736
465387,464840
191652,198505
543131,543133
536716,555634
363670,373627
419023,403434
109002,109107
323505,323285
445851,450654
397736,395766
168947,169457
138105,138101
588311,589597
572881,572877
160983,161041
51891,53506
203061,201436
447280,449346
239166,239189
64480,65221
267201,269847
365328,358034
246835,247098
576324,575075
573344,572759
92306,93069
112668,112666
165514,167896
507208,507248
301565,301974
225684,225705
546904,546939
533322,533433
66859,66916
63014,63398
164676,164703
570381,569427
475683,474522
269485,270746
240437,241055
228598,235695
292320,374334
336732,340494
64086,64297
261051,262566
532186,532468
32713,32746
82678,81502
113576,113699
530998,530990
94155,94390
56995,56220
587139,587416
212736,213252
351851,369753
68162,68128
405142,403742
402674,403264
242692,242714
40569,38946
272024,273073
135578,132989
491071,486828
578093,586616
361341,363962
442194,442729
392790,394949
492383,494384
53640,56070
248062,244477
562954,565349
214761,214449
210220,210639
208188,207116
153536,153971
290541,291043
131990,131140
305249,307778
287216,289978
224490,226394
107264,108369
311616,312010
101546,101550
526400,536229
16503,11848
145979,142711
112902,112391
163032,163466
523456,522990
542873,543119
108449,108236
358947,343784
400339,399881
483650,485763
17926,21864
243538,247006
518432,518430
109146,107760
74837,77942
93482,93088
538857,539315
387618,387084
394143,399072
549757,546907
63880,63750
546084,546098
152237,152611
44310,44318
297994,299054
440708,438695
145274,146813
103213,103389
99326,100369
70669,71088
503157,507074
69297,69301
566177,565655
144906,143384
236175,236147
444608,441361
244625,244621
575697,573851
117239,118225
73013,75822
91391,91378
137569,138284
49476,49469
249647,249643
397260,399383
223794,222452
30131,29401
396382,394721
423473,417468
549074,549078
536416,536445
145686,147265
246509,246337
263714,262036
575413,575381
113774,113743
132703,132620
73132,72861
99156,99153
556633,557566
109076,109003
241237,253376
566334,564834
8299,6334
177814,178540
71871,71844
45400,45772
178854,162777
284153,279005
70921,71443
498635,498722
75463,63777
2816,17475
87598,91537
140577,139749
327521,327362
188939,191511
389041,389074
75408,74993
104997,105008
167896,165514
244580,244581
485885,485345
587847,586942
103812,103801
85702,84468
142762,145365
489446,488545
102435,102801
2622,43781
557338,558620
208646,210251
473711,477605
394272,395374
219478,219429
585671,582327
81857,81859
48701,48802
86453,85541
108431,106339
244777,246973
404454,404443
545060,418312
183452,182881
216341,216348
25979,37305
382789,373030
138164,138173
197845,198292
95650,102351
263311,265671
570881,571767
383217,385750
38677,33502
106086,106052
65783,71052
137772,137541
194637,194964
459466,468457
119201,119311
307764,305390
360839,360480
100998,99787
305002,306128
460853,460322
178835,181462
168968,172404
305154,304455
176636,178957
79185,79241
70171,69870
195410,196176
44233,44069
115217,115203
429738,429746
411426,410279
38826,38832
63964,63799
88409,88048
64208,64159
578704,579496
155313,155767
300703,300696
67477,67517
198505,191652
58960,58952
278609,279723
319357,314615
63398,63014
559166,559198
293295,290468
198363,198365
232628,235236
270792,270788
271544,270615
68024,68036
59659,59111
447805,447638
115396,115676
27757,26277
463494,463306
84724,84731
135184,135186
545132,545009
106078,106079
342292,339937
429755,428356
504125,506658
208050,209303
568068,568139
210784,210654
53702,54346
578681,585123
138746,138796
125635,125629
108304,108313
245305,240513
475363,476021
375878,376119
81044,81034
69090,68746
360480,355904
338814,341070
570192,562899
122079,122749
80842,80526
251761,251768
468289,468298
97129,97052
369814,372985
69301,69316
539465,546018
412590,416354
51115,52240
216831,221273
18679,18718
82386,82955
36828,36666
123369,123349
196301,196615
191511,192101
62475,62476
19820,16593
392388,411914
392712,392790
114796,114852
234743,234740
222333,222209
355741,330171
587763,587757
287075,287305
188779,189483
444175,441910
543983,545471
148973,148873
427487,422007
509255,509253
132727,131567
53902,54891
288292,287619
505980,505299
22631,22863
318665,318682
115856,115929
565066,562734
576723,576721
382470,382673
520259,522271
105662,105695
567865,567863
529693,526751
226727,226699
543119,545379
329352,327859
122841,124495
84312,84092
22479,24320
157151,157167
438810,438346
502522,496511
221889,220609
556825,556827
101636,100422
76484,76311
147225,147687
123382,123506
38311,38172
330581,325177
90533,90377
588322,504312
150920,150887
111025,110986
402909,401685
391957,392590
575470,579678
243171,243158
96175,96238
296627,292490
539188,553525
242495,241074
465810,467340
405355,405383
115122,115105
328768,327942
88665,88739
274518,276497
409990,409959
44601,46886
365108,370665
571477,570381
135124,135106
229782,233056
14018,14478
96356,96407
504043,500403
43093,41239
123163,131446
317519,317513
148901,145266
549908,549414
315913,321911
305191,303479
393187,397057
342601,342733
273123,276769
106372,103844
114552,113955
83949,96201
46740,47781
131567,129722
298620,298821
51336,50709
337377,337361
52240,51115
402416,402421
7755,25979
494946,494888
548148,542391
326508,325268
62707,62797
495182,490442
569168,571787
374495,373181
84768,84761
582185,574904
539826,541649
488472,488473
173079,83103
387098,387046
41446,45962
414765,413144
266652,266464
123496,123472
278160,287525
107409,108697
276856,276827
64573,77520
28133,28150
250769,251684
99587,92817
32444,32437
53396,59447
53704,53184
79847,79390
555886,555890
52103,52291
370768,390421
413749,415506
274018,274722
582216,581141
254308,253590
533185,533192
301059,297914
431140,437976
343781,361988
259838,258079
28873,29249
274603,274594
587756,585594
216477,216154
43135,35317
445511,445677
372985,375573
241159,239003
300686,307323
320277,320627
429574,425184
470686,480510
528195,528401
67768,75428
444949,448017
176174,176027
367596,368791
176192,179050
526391,525644
493263,491629
152344,154525
310052,307323
520413,519652
538092,540869
493374,494062
275779,274883
249102,252907
318794,322772
22247,23170
259305,258127
535545,529925
558821,559886
10522,13371
523382,526131
499501,503910
534383,534364
114531,114635
38356,36199
573603,576570
133902,134611
435221,435869
587139,586668
543904,543916
363067,372696
586278,586339
155962,161800
330899,330883
63786,63637
28244,28249
387943,399383
125629,125625
113955,113886
548272,548148
85437,85703
345446,339564
66780,66790
571477,571483
370849,370841
537787,537738
303098,302876
110355,109768
500845,500400
541607,539132
141011,141119
587963,566153
69942,69877
121006,128175
531963,530119
528685,530590
70647,70632
17048,17050
192755,190481
400326,400426
83950,83942
112388,112361
402561,403527
544153,538338
65314,65317
196986,212909
102553,102245
30861,30058
447282,444566
23698,25138
472497,473163
506301,507195
315814,314682
33017,33832
1855,808
359894,360643
74721,73986
78477,78243
81269,81262
290122,286096
14061,14071
66531,66570
527313,531031
343028,329134
498486,502093
218832,218827
404002,404673
260526,258293
95198,95226
12608,12295
477688,480064
80571,82802
137304,136888
98343,98548
566788,566000
373113,370468
92979,92227
220289,219567
433713,433715
583145,579323
462789,459947
173984,174017
105157,105162
151426,152186
557338,556449
427487,428183
88323,88652
445314,445326
498130,498270
174017,177348
403657,401763
357241,357163
302109,300937
269128,275051
274735,279787
477138,477688
447523,444762
466080,466477
112459,112496
237885,238655
272438,263915
117479,117472
236757,236262
70846,70171
319021,318427
423508,424419
472568,470854
365969,364985
102469,102442
56220,56070
280554,279841
114796,114746
478841,478834
30044,29946
278093,278090
95592,94883
165224,164697
303980,305050
138239,138404
249694,250538
466501,465729
77243,75534
84682,85233
150843,167955
409469,412515
456800,456182
309680,307506
106777,106781
43325,43093
342602,342584
587416,587139
226352,226531
40181,41285
426655,426070
339378,346674
101615,101533
578112,577413
171405,172687
514890,512467
427650,427503
21831,19267
208959,208687
479080,477264
34675,36227
77561,77290
379862,362430
65734,67029
460384,454424
119262,118681
148429,150693
123196,123210
23973,22554
143384,144906
346245,342187
513128,508623
290287,290349
438697,438713
277362,277372
178540,177814
106700,106695
587894,586898
83431,83540
186827,199099
99153,99156
136391,135674
530569,532119
54980,56579
280432,280520
363778,368840
137367,143281
538505,543563
95509,95490
81199,81245
388026,387822
376189,376119
450577,451028
124217,124709
50265,50330
201991,197926
107038,108918
504162,504153
21326,21336
520544,520539
426264,425393
47909,47060
154525,152344
293155,300694
300937,300933
310852,308719
65519,70392
53374,53406
425399,423602
439963,441147
114662,114583
63140,62789
315253,315343
37683,38042
342264,342268
107846,107492
36036,36050
196149,193673
458117,458126
56714,54163
368437,369814
568639,565137
106083,106079
97783,97741
302413,265671
79216,79253
78120,78118
206117,204853
81265,80686
92369,90552
457467,457613
156042,156868
118365,117270
133371,133662
247462,247548
172680,172685
36040,35768
424881,425086
103637,104205
539738,548304
167004,167031
396345,390847
163561,169155
564260,566357
465511,458387
537161,535798
327771,327541
447738,447896
289748,289750
158410,158404
395630,398607
137057,164261
85152,85345
585024,580642
51781,52134
343832,342973
173110,174497
186244,188779
219425,219422
333707,337040
495701,496512
172990,171547
458694,457086
308558,304717
135610,140049
64371,55564
82260,82253
81040,81052
77425,77996
57804,57845
90041,87185
36736,37268
159798,161609
462955,462949
363793,377286
565616,566210
580514,580625
28786,28558
68913,68994
166542,161068
415506,413749
557001,558049
364074,364100
364582,364506
6540,9069
73576,73524
430407,440863
271541,273220
408427,408126
141225,135735
152014,150693
75405,75183
176351,178792
400444,399468
519757,518279
85580,85525
103882,103715
287971,291902
556560,556562
538204,539075
96696,95401
569575,569240
329682,329093
102273,102180
1125,1096
73986,73930
115386,115393
110228,110483
121612,122618
109673,108918
47029,46652
22923,23589
106434,106873
401763,403657
20212,23915
384997,385561
189954,189896
219222,216298
312333,307764
247315,248654
149695,149691
130733,132586
409110,405257
46241,46205
217733,219783
1308,1688
34095,37130
452868,454385
179723,177501
101636,102252
98231,98252
138239,138030
65168,65386
18988,17653
108844,108820
14268,11626
244687,244669
84524,85239
317525,317519
393273,394390
565655,565093
59516,59537
369027,367348
57128,57133
124182,123857
179713,177348
574290,574064
225959,229838
114565,114947
585567,585578
441131,441142
264869,266900
100369,99326
285007,286789
194213,194319
176324,150634
361192,359527
85671,84972
312528,311749
296558,296593
342273,342277
508745,507681
447157,447151
333347,325556
211950,217584
421443,422778
105695,105863
17846,17408
232111,232172
88737,81181
103380,103183
105711,105807
473589,473618
340494,344653
183452,187020
118658,117038
518037,517531
79253,79216
234149,231726
547978,546685
542006,551650
539315,538857
562364,560925
234001,238429
218871,218029
169155,163561
281090,327071
259838,260364
408143,408180
289674,287250
292647,293313
151720,151722
393310,393601
274518,272984
61207,49853
460322,460853
209594,236140
54958,54887
95490,76915
577081,577722
424524,423001
260774,260843
511040,506621
521383,522024
381776,382996
308548,308648
157455,157932
103834,103837
555473,555861
477607,477605
41734,37305
541683,541682
210755,212386
71512,67973
142272,141843
319447,319021
32224,24320
234711,230028
54891,54954
131890,128175
172122,170879
66757,62699
402789,401772
284650,284918
576040,576048
104859,104920
362018,363863
105185,105090
500465,490437
527287,527289
92496,97308
449002,448083
244754,244765
164104,164105
327362,327521
16386,16234
478900,482236
65590,65831
103028,105443
123219,122684
403036,402938
129910,129514
112357,112351
435691,452948
34024,38581
512223,512962
256557,256510
421279,420521
284919,284153
270869,270801
465835,469629
200584,198887
460338,460335
512367,517787
236039,216371
5825,2981
498486,497828
529548,551559
363693,363900
53203,47403
499457,499456
456076,456879
100053,100596
533813,530029
115267,115217
528887,527906
486191,486186
174092,174597
109215,109276
304168,303735
225532,225046
112096,112552
328433,328548
33548,30492
271885,273461
583567,585139
85865,85967
492394,490394
95731,95554
469411,469323
105047,104701
189404,190665
89363,90316
237876,237869
37586,38003
77668,77730
462762,459901
458126,458483
105139,105579
254676,252701
430187,430916
75298,74562
160750,160527
241055,241152
525635,525760
390364,394274
376251,377190
517531,516610
51747,53414
494384,495138
327037,326501
61471,60851
356010,356018
106862,113793
133528,133890
438662,436602
99537,101163
294028,297254
45132,46205
64288,64307
130620,127663
85692,85742
60275,62114
215963,212904
509516,508040
119582,119548
485213,482908
444301,443663
408526,409959
76141,76139
370468,373113
83833,84032
471267,463463
95501,93482
234740,234743
83983,83976
505778,517544
411963,410649
534332,537278
167031,167004
472118,476286
57108,57097
332857,337895
526816,527332
35689,35539
345328,345979
179225,179129
554409,553858
75408,75591
161758,161740
577286,575442
543412,552722
463681,463701
46012,42746
412268,412574
61914,61905
492383,491412
246500,248454
84224,85327
252461,256162
80993,80726
18616,18804
490731,490739
241372,242632
240231,235116
587968,577105
294612,292871
322771,315459
256638,256662
315913,315312
198810,198818
45532,44337
66510,66152
96536,96168
533909,533522
118377,118358
531271,520555
285574,286647
78248,78226
203507,203491
99952,99953
112071,112308
455561,458848
186035,185758
46612,51735
252718,253478
339622,338715
295912,294916
163791,166157
484587,475544
196088,195548
568607,566841
49625,49653
457679,457607
492852,490654
496496,443177
66637,66620
289440,289328
456318,455420
74329,74513
182673,208758
89785,89421
242273,242093
103702,104149
341070,343284
440630,440327
393956,395469
161068,159868
212909,218023
234001,222190
255409,256421
95908,96144
293982,294090
443635,359157
97628,97668
67736,54820
490914,498635
124023,124095
277039,275166
406860,406414
505121,505181
6088,7421
420453,421018
21903,22447
9899,14768
63637,63786
561881,564473
106434,106312
140974,152278
538597,538566
98304,98193
538726,538222
374461,374652
80720,81185
14272,13682
337719,338715
509507,506959
452832,449845
59207,59211
109103,109116
535776,534967
97081,97633
498198,497038
89576,89566
404463,404432
500943,503651
115491,115356
271807,270818
270492,270319
571745,550578
162033,160445
41729,41259
58849,60792
477230,460261
424183,424188
453755,434786
396569,396381
48295,47771
167489,171586
289328,288601
281981,281874
378852,379783
557374,557183
65271,67555
347076,346307
559967,559992
213725,214124
430456,427041
249110,249336
269128,269123
495355,492875
24306,27336
72891,73478
522421,525923
49721,47885
105415,106066
95890,95991
514575,511147
10014,9698
265809,265806
487848,487364
565160,566000
542910,542070
250748,249148
53183,50325
121502,118747
202947,203088
340559,345268
42054,42092
223319,218677
10806,10048
566285,558646
32978,34095
330103,329961
374920,374495
333574,332514
205185,203454
565741,565349
299303,297518
197387,200238
502447,503001
521563,526400
242872,236600
187600,188473
163088,160750
588610,589701
101719,101836
571833,572759
584164,582553
511853,511849
558067,559166
124012,123369
20613,20344
522995,525390
287292,286574
65194,67819
183781,182554
137463,142993
358776,360475
71363,80926
542391,542390
195547,195545
114367,114131
40619,41245
401874,407867
90864,90580
167815,169237
43303,44172
533817,534230
415257,411492
272311,272282
78138,78163
577883,577849
112830,112657
374925,374973
62742,62747
249192,249071
21004,18256
519119,514399
516667,516898
79538,79150
38387,38391
452695,450700
108442,109062
540810,540028
532843,540009
84736,85152
443401,442443
287176,288038
549414,549908
80932,80854
93829,93503
196615,196301
202915,202721
248938,248558
168947,167534
308016,308384
503332,503649
378386,371711
337510,339293
111808,111979
3020,5047
80332,80485
108828,108882
8903,8708
444343,442710
529386,524306
401451,400297
471346,472965
185127,186980
87406,87403
117845,117588
428326,428115
117583,117588
88403,88532
233945,237265
484200,484197
273461,271885
92368,92374
233958,233528
83719,83690
256580,224792
59175,59435
123575,121384
570250,568741
459658,458702
224842,223099
22226,21707
197755,180314
589530,589538
327728,333833
124916,124393
46438,47044
61812,61388
226458,228033
333411,336120
111948,111719
543631,542582
35304,35434
198337,197042
332164,331783
1520,2808
297141,296960
99987,106339
431832,429857
136009,135948
524262,526816
55684,55610
119803,119761
278090,278093
443392,443911
560580,565616
376616,376377
120915,129730
289197,289196
159779,161721
5092,4854
107180,108253
397096,396380
36199,38356
305194,299540
191030,192723
522838,531635
85742,86453
558724,557973
123472,122679
184073,183707
71041,71828
418836,415485
585762,587475
303952,302902
64737,57715
157444,150818
63052,56185
240468,235704
349212,348945
305526,305732
105308,104988
40166,40150
118672,118766
519973,519978
299942,299667
322575,320137
562734,560403
462783,459762
68293,67926
87575,87076
4165,4598
278947,278033
154550,154261
58202,58379
45792,43596
30504,31655
176027,176174
429157,432044
156041,152892
64782,64789
333359,249838
253763,253825
276193,276410
533017,533185
11102,11053
110156,110180
45515,47610
85563,85309
426870,426659
6244,5092
98765,98005
38851,38846
452419,451345
18923,18952
226281,228604
42958,43303
71868,71717
239324,235571
209387,207290
112485,112542
342584,342574
359894,356569
331760,331005
131941,132976
430884,430901
376119,376189
443719,442672
350293,366097
546592,549788
558646,556830
387651,382560
486301,503511
24258,24262
400810,400090
108855,109713
535251,535256
578461,577197
43754,42432
204309,204372
376443,377417
392740,392187
364756,363938
214701,217415
105053,92629
150811,149529
47366,47849
270306,301565
36149,35073
520259,520051
43730,43135
345268,340559
135924,133209
246192,245780
428558,428570
499549,500121
496104,453877
567876,567872
390224,389574
153613,137586
256219,264360
354386,358739
106977,89987
161296,153280
372361,372370
61990,62388
160983,159549
57307,59434
251684,252794
93496,92189
297659,297651
512548,496781
448431,447198
219422,219425
65100,64935
423022,425151
239396,240603
212904,215963
243732,237033
535843,534339
22408,21644
443046,433614
57788,58202
361368,360591
109333,111111
45260,44861
480718,480223
367137,367348
517794,517911
482905,486286
586424,587915
11124,641
194713,192477
1793,1951
422445,421706
18516,18815
582516,582513
106086,106357
59011,58711
135948,135218
218677,217712
585033,588710
96692,96738
579854,579725
28150,28244
517787,512367
249107,250063
26952,30774
120072,120074
385509,380426
279739,276856
37117,46844
76224,76341
580304,579372
130429,136314
435802,436568
43750,42527
105091,104119
218931,220638
418799,423255
111077,111103
563522,563025
328280,327048
9602,9624
60755,69657
280948,282190
233579,230125
92501,92529
120796,118196
429284,435708
419759,419971
31372,23653
171924,171756
114406,113953
91754,92487
172975,173902
2327,2369
555541,565178
308457,309772
117249,116937
504856,519708
462221,458262
536624,537266
58867,56814
482318,482314
538744,539855
541395,540949
492037,492605
552865,552858
162121,162117
274519,272892
90761,92389
500933,498722
71166,71207
247909,249694
168927,171314
2808,2830
253321,253962
120159,119803
31292,29150
156404,167951
449639,456362
409374,411266
371711,365150
410104,409799
399733,399518
401763,402214
300845,295176
377893,377149
442060,446252
282747,286026
357353,356499
245845,246424
48617,48684
542395,543291
412827,412839
43952,43118
75148,78944
80203,80723
259771,260649
466064,474141
265671,302413
557142,559200
466642,465487
19527,19521
426870,438983
402673,403724
105546,105533
532276,539997
101694,102507
387631,449344
466897,471082
312479,310468
97129,97357
1077,1059
325035,322824
75423,74803
377190,376251
306610,305732
98503,98436
66675,67803
275059,281234
449318,448941
27214,25915
326612,326864
172997,172990
507757,508228
96817,96839
98436,98503
531783,536465
582723,582619
327122,326562
294166,296037
262820,263458
14337,14268
34684,36216
98239,98339
564219,563167
328006,332917
494392,492885
200042,198371
197580,183186
227554,227564
58379,58432
105207,105420
109596,109590
73025,73535
70941,68324
104149,116066
112871,112985
504248,504413
266669,267475
188064,188099
314569,310316
166255,168076
269543,272024
199777,199766
461311,462981
221613,221612
32480,32936
290132,290122
266318,269123
574913,576144
574904,574900
499429,499319
363112,361335
47802,48029
378074,381370
381689,377286
103570,103715
418543,419291
384150,383174
93727,75803
91973,86746
127663,116370
78050,77865
244539,242684
254932,255198
137867,138030
385064,386897
1405,1385
308968,308754
22920,16989
61388,61812
113772,112847
341736,341702
68517,68087
91821,91428
201580,208848
196525,200653
495658,492286
224932,226753
400041,399326
537940,538338
8730,8703
80824,80870
115962,116205
525841,527389
283938,284232
128102,128094
515145,522421
479750,485740
42533,42483
244726,244738
382744,385916
114522,97860
457767,459121
85480,88925
69316,73930
179020,178811
530459,530456
166714,167569
290796,290771
403113,400426
415257,422637
370815,370810
470898,472324
27501,27879
19282,21223
111352,111231
207268,204258
119103,113877
127118,127119
105581,105340
119670,119586
528469,528448
521563,508632
519757,533937
117479,117696
22380,24699
70897,63567
184759,184763
89052,88877
57269,53291
425414,427862
577198,573965
219327,220884
134446,135674
485960,490122
91449,90993
77191,76938
138358,136657
569048,569516
420818,419807
119469,119838
399518,395497
82762,82956
373054,383428
134935,148266
579496,578704
99840,99045
73693,73097
528973,528866
582109,581980
92208,93088
270582,270590
358226,361299
378712,379242
389757,391911
110011,109645
394921,393633
92853,96394
281898,282217
112797,113034
539695,539727
401723,401176
447896,447738
581730,580240
416404,410638
78453,78499
174376,172697
75901,77384
105863,105695
312536,314682
106816,106744
161605,161850
293982,292484
54958,55001
281874,281981
229168,229205
394921,394922
534730,532364
39436,39446
76418,74089
132620,132703
562899,570192
339527,339450
293271,294351
122232,258413
367099,368694
219452,229361
67491,67346
11124,11139
40066,40781
298308,286664
53783,52977
576306,578375
96611,95755
66757,62813
558814,564339
38838,39877
463616,479442
291974,291775
517911,520649
550592,550969
35657,34050
83781,83769
102099,100772
562370,563031
13686,9535
72793,72543
49670,39414
365054,364912
105566,105835
32928,34736
62660,60333
46652,46605
171584,171475
52102,53609
258764,259771
198724,198810
404031,404135
83896,83877
492908,497950
277424,277669
94155,93947
107227,105631
131799,131153
52403,47306
85376,85382
556808,553877
7421,6088
125239,125745
525635,525390
235074,226945
217712,217678
66215,66155
95890,95190
415820,419180
397187,396689
94422,93887
92369,93459
37392,37336
35649,35636
429966,420347
312457,312025
135674,136391
536449,536621
91390,92320
366630,366633
211405,211403
533455,527991
46605,46543
354464,354462
557233,556850
209303,208050
36666,36828
83130,82630
192501,134677
103665,108571
65314,64333
39880,42199
50325,53183
129996,133293
70632,70629
434718,438690
531450,533057
90990,90292
402099,401142
458595,457005
454440,450787
68002,63215
468406,466885
568152,566562
555893,555890
63068,66304
478792,478228
90546,90251
98408,100053
272982,271528
322468,322501
191877,189507
248386,248049
535843,506959
264086,263317
32975,32972
86410,84433
27701,29577
86022,86014
264181,265806
585424,584772
317525,318869
386778,385846
400366,398386
110532,114041
171756,170322
374446,373383
213001,212436
429490,430701
339210,339206
53609,52102
516454,515989
320967,320842
450558,448245
61546,61489
587991,586518
26637,27734
50450,59620
52647,52630
64799,60207
168407,163571
165229,165212
183697,183694
38581,38745
248956,248528
278909,279005
369792,367760
469629,465835
63255,62450
589824,589989
247441,245874
364815,360387
546130,546134
81003,80993
340425,341702
28125,23973
251166,251168
10014,10454
428673,430805
454835,453089
424191,424192
17475,24076
583323,582128
104876,105201
286096,290122
39431,39049
83458,83464
579317,577322
589658,589646
589739,588322
581060,584125
98431,98403
540869,541230
22863,22631
566267,562364
322135,321778
405152,407937
478634,478637
210932,213248
221360,218401
139395,139686
523200,522579
28825,27716
245561,247393
143000,142993
183925,159088
543778,546904
80964,78166
84761,84676
198534,204891
199545,199502
462783,462799
263380,263894
520701,521475
362186,360475
337087,332992
388664,384493
177608,170784
457899,461252
161823,135406
229078,224108
509253,498563
419031,419124
302587,300546
404776,405340
542287,541052
303626,303621
38153,38162
140999,141011
180536,178952
389086,389447
141749,140011
586286,585139
119803,121188
223322,222817
294979,294983
150994,150446
333435,336039
227619,228152
496870,496873
98910,98922
71838,71721
561808,561881
64973,63048
129722,131567
259492,262877
73816,71783
111028,111052
541004,534210
406832,408294
554896,549605
447046,447194
461968,462949
120815,120723
19512,22734
390603,392123
538517,543289
370626,370647
251710,244302
119024,132538
109247,109410
30393,30084
111320,111052
80084,78079
159060,159088
530794,530798
554148,549338
29340,29181
537788,537787
124598,124682
97211,94437
443067,441178
20746,20369
298046,297809
505175,503437
362561,362714
520171,520050
486804,499790
65590,65221
292255,290862
366474,367305
138382,138450
386559,384150
576266,577262
399383,397260
110774,110488
271541,270813
381949,368677
514030,500481
285005,285007
52273,53117
147265,147745
70768,68504
16503,17313
109205,110072
114505,113345
337361,337377
158109,157657
26935,26557
85671,85680
149902,150072
556292,556619
175497,175692
557298,557302
87403,87406
556808,556886
35657,35904
43460,36431
528136,528236
202915,203156
543565,542287
247997,247207
86573,82411
413700,403735
296070,285095
354659,350392
32945,32972
462137,464716
432652,445604
485740,486404
535175,539132
26500,47516
387492,392036
253251,263317
215317,218401
298620,295532
90011,90092
253376,253405
120576,120416
309689,311069
430416,430358
402668,404860
489143,489203
183508,182533
546939,546950
576731,576570
287408,291209
48835,49461
95580,96414
263623,264754
133061,132690
304464,304533
94470,95381
449835,449220
238429,234001
135454,133933
211660,212436
333810,335729
343028,350757
25138,31871
198375,201368
494842,517448
402099,405440
405861,406479
414290,414665
410279,409135
115224,115394
515441,512822
150843,137416
42497,41971
553599,545553
553525,539188
74601,73973
580514,570326
401451,351632
359157,443635
374698,374923
69485,69474
546050,540570
573328,574255
405426,405396
112580,112596
268999,267806
541108,540388
101546,101217
127157,128094
494888,494946
96475,96461
404625,405118
208758,210696
19527,21485
290822,291110
295006,290152
197042,197041
145187,161811
82178,80199
470410,469998
140958,140368
165588,166060
486404,492129
322501,322559
108820,108755
9242,19242
33883,37953
38776,37684
154998,159798
143591,141263
261027,256654
556619,556292
242872,244553
348624,353933
14269,13496
447151,447157
164314,169884
528936,530600
459901,462762
100602,100607
55303,54609
76229,76234
471887,470801
311994,311986
412839,413069
132984,131799
348293,348292
354973,354933
134952,134556
108882,108828
534160,539139
373222,373270
316552,316500
79823,83704
212559,212736
15641,14478
460257,459899
64262,64249
521584,521593
72475,72588
37327,37319
489724,489170
477607,478581
574290,574719
311616,311006
91213,90527
12552,12562
68857,68645
491946,492975
394390,393273
482380,474985
538222,538726
194965,194609
508486,512421
4064,3237
195288,197514
535828,534787
361733,316183
497822,499040
535613,538016
224187,224049
104920,104859
227450,227619
434178,432903
76484,76486
500012,502398
240868,240879
409666,410061
519964,519653
344258,340408
444205,444313
115020,115027
138945,136766
504463,504413
152545,152541
117811,117821
402960,400886
377149,377893
538740,538665
112348,112275
286540,286866
113661,113667
107329,107709
339450,339445
412347,411936
490442,495182
80806,80723
76938,77191
322771,323977
94244,93696
423631,434982
476213,477334
132329,130086
428344,429827
43948,44022
538433,538491
35689,36247
499790,515544
376303,376687
109276,109215
359951,360116
195288,194965
130846,112633
112308,112071
6628,93
126020,126367
449057,449250
145274,142560
77797,80806
235634,235704
215347,213248
405892,405739
227452,225705
116010,116250
482927,483343
520292,518690
517828,515702
429313,428884
212773,211593
113044,113051
519995,520389
562815,558203
359265,344081
325322,331582
37765,37759
501384,501040
109249,109216
407893,415210
554685,556850
64102,63989
260655,261560
460878,461924
36417,35807
86960,83079
102099,102252
105959,106078
224529,221398
85967,86014
296654,295130
251614,248272
70770,67021
204772,204769
456013,455142
425414,417128
512672,515695
404454,408916
73136,73049
51540,52353
49126,48728
197598,198724
106427,106304
478861,481623
397096,397112
164240,163466
446510,446519
102351,103762
169177,168407
449346,450776
288101,288197
57869,58952
353720,354320
290822,290252
51747,79599
320655,320627
151958,153749
538711,538703
472423,472421
33420,34934
81487,80921
182900,183242
96147,96676
85440,85692
9891,10162
60819,61217
413700,415388
583890,586255
60860,58774
46949,42548
95283,95295
62954,59950
157395,157673
333424,333599
108523,84871
118814,118800
377207,374678
65008,64925
411045,408294
150480,149822
71741,68194
69206,68746
447733,441147
320445,318292
173955,173984
332139,326711
102624,102742
553453,553463
26591,29085
349043,349063
41008,40918
561459,560011
110488,110338
103675,104107
553483,558940
408667,407867
310922,269043
562519,556958
136055,134664
521815,520860
314159,312305
137020,130620
332713,332059
425939,428171
354386,351632
222704,223509
518187,526587
142883,145148
588432,588522
81117,80374
492762,486102
421719,421743
44890,44883
53379,55564
126508,129152
456885,457783
404673,407794
414401,403676
178771,182112
519034,517599
386488,381494
386176,386103
162791,164925
408294,411045
225376,221888
18719,18699
551428,553689
269425,242118
429827,429857
45342,45515
85066,84780
93271,93258
14568,14293
208716,210045
458126,458117
271391,270843
117277,117810
166942,168526
249889,251502
489446,489448
169288,177874
83833,83532
524306,521806
144177,144904
50759,48033
444662,444273
221979,220169
480268,503805
72724,72918
170092,170879
269300,271412
281462,282151
211405,211407
82701,83275
384858,384878
20778,20769
295813,289200
96125,98070
421794,397676
520860,537753
486459,492885
166060,167104
123311,123306
213718,197580
33892,33803
29978,30680
375996,376251
64086,63403
107736,107336
472547,477373
396629,391423
134132,133988
418981,419013
326662,338100
274603,275521
498173,498142
23081,23408
499984,499976
145260,145187
336676,328337
386823,385243
389480,389757
291474,292448
71505,73015
537278,534332
299880,302902
107125,106781
107517,107571
576139,576605
443762,443719
107874,107808
153947,153200
503649,492572
210878,211243
99684,99638
407717,407710
21833,12588
102742,102776
14076,14099
33991,35636
102252,101636
39195,39201
300088,300922
217353,213695
316892,316277
297254,296711
212909,196986
257242,259443
68128,67599
44342,43952
151720,149559
274594,274603
110180,110156
96102,79295
133097,132859
563555,566149
192477,194713
72899,67525
190749,194799
96614,96624
500134,503437
212386,213052
66540,66537
399582,400886
558592,557893
339378,337050
281052,292320
538642,538240
551416,551987
520701,520406
40582,38771
234809,234816
18876,19435
272316,272313
74152,74851
84621,90393
315260,315266
146152,147356
75405,75411
259402,258182
583890,566149
361928,365190
316354,315015
572877,572616
116705,123059
466080,465042
35539,35689
410577,395317
76486,76618
148155,147855
336651,336654
23896,24202
527296,527282
45792,46853
32511,32521
86179,86462
358919,351714
509771,506882
282070,278437
415467,418320
98012,97642
113297,112695
545806,543142
65859,64997
62813,66757
113380,113669
59537,61447
265303,267286
313083,316441
79532,79530
555485,556286
451288,448555
132765,132762
360084,360913
242673,248962
443663,443577
285058,418312
75328,75298
374877,376443
277669,277424
97825,97792
567884,568816
291634,283498
566201,565639
442843,444188
104712,104534
45216,60410
250561,249977
20785,20783
252718,251502
233741,222785
538745,538448
339439,337032
20425,26075
186505,186525
418371,417742
89518,89195
132956,134935
406469,407307
65502,66025
535155,531635
70839,66736
23170,27211
203129,201131
551607,554644
367780,365676
64416,64797
479403,481558
294018,294023
498537,496114
27228,27992
289196,286029
60508,60526
113714,113625
190667,190665
209303,212673
2513,849
70629,70632
356858,356581
114868,114960
64192,64126
318721,318688
331079,331783
97208,97176
571745,571099
113822,114097
555890,555893
58351,58405
404020,409457
490855,491891
477688,472965
62469,62462
437541,433752
427794,425550
458510,458487
390157,374239
572018,570103
344654,344653
32972,32975
44172,43303
68417,68430
502079,501300
203496,203129
564396,564834
348324,342693
100296,100499
1930,1938
549009,547252
405257,409110
290806,293935
585429,583323
556829,556828
308719,310852
150497,148973
457225,457234
573501,565059
18516,17750
499381,500895
365793,366170
271473,277075
187301,190110
100211,99987
100555,100551
122386,122053
187020,183452
42707,41301
378598,378449
108583,108578
470410,470673
573743,575330
518681,518345
344723,349088
486868,484048
476083,478099
50323,50488
345485,337710
298298,263994
468722,465058
98252,98231
67472,68507
33606,35317
116250,116010
534364,534383
113387,112559
243959,245311
410457,411936
567863,567752
2513,4500
59537,59516
32792,32710
539186,538004
109164,109216
458117,458114
369003,366049
173239,252854
288601,278486
23788,19489
266,584
318665,318593
34024,34271
74851,74152
91378,90919
56548,56491
497068,497055
31370,30405
451345,452419
387322,388730
85309,85563
377879,376967
494842,489694
333751,330965
80842,80921
87457,89419
284203,284941
101229,101514
257242,256036
216478,216477
533719,527747
499410,500403
168076,166255
386534,377895
469259,468406
55303,55768
501922,503782
108512,108606
427826,427934
537602,537599
157934,157874
565059,573501
301534,300348
38750,38719
26952,26944
386218,384455
408916,410238
552865,552866
425035,424736
70975,69927
26075,23638
334933,333513
92375,92374
296037,299540
67028,67041
538505,537753
171551,168526
504856,501757
67169,69905
75360,74513
324741,320881
226753,224932
26096,25804
450857,457286
250991,229640
70993,71041
205957,205982
586512,586668
412859,399553
391290,393512
370876,377889
286850,297165
414736,417468
332909,329827
281139,280937
449318,450104
78829,79063
92861,92775
219429,219478
323149,323083
59447,62311
16787,15330
318705,319391
56193,56760
158896,158769
176495,176839
539320,588021
210932,210784
132329,132989
439961,439963
295647,296456
241214,240231
466477,466717
110965,111138
490437,476399
88801,88672
494854,494860
234842,234874
53625,53607
538181,538140
452932,452534
126980,126976
42054,42023
93698,95500
200733,201145
217878,216793
290213,277503
115119,114852
110196,109994
123369,124012
582553,582216
172897,172767
73930,73986
249192,249807
80839,80487
105959,105814
366780,365969
338104,342862
221874,216134
467714,470507
165467,165224
114746,114647
116296,116706
125636,126247
62905,63073
484190,484461
460416,462137
412314,412931
476270,476152
199400,199262
303098,303108
263910,263823
553456,553171
330954,332111
12900,16766
3487,3714
519633,520028
191546,190260
262566,261051
73058,73252
463489,463304
237784,241354
294089,294239
89716,89721
169574,169657
51157,51169
46257,44043
52863,63567
417809,413827
377738,382560
473080,475315
175588,176245
36038,36031
36492,36201
63786,64003
556958,557080
74943,75193
464653,462479
63964,64275
71634,71655
158058,157753
43536,38581
89266,89269
285442,285392
83830,83826
31279,34371
247748,247288
339423,339241
564497,562822
99546,99627
96413,96315
483048,485155
587836,585403
315240,315177
56116,51681
487161,474151
66720,66859
389905,388674
530029,526908
41285,40181
311293,313045
369638,369314
488211,492287
560076,561184
314927,314838
21864,23501
218319,220537
230379,244555
336039,333435
128175,128149
281052,278122
441457,441249
495651,492762
382330,382470
267265,267624
121816,119082
218007,216478
109103,108994
515534,515542
456182,454955
19521,19527
93605,93271
360643,361097
29946,30044
393733,393342
541682,541311
381629,384493
243740,243725
362299,362828
226819,232107
10162,10279
355089,357311
68994,69110
184601,183781
472965,477138
251016,255473
550049,549908
178820,182275
356599,356184
39480,40181
259674,259732
106491,106269
575330,575338
567872,567871
60121,68238
487731,485368
33883,36510
408665,405597
77952,81181
50608,51572
81052,81347
64685,64303
585915,585578
254932,254885
101713,101765
332082,334691
200400,196934
148962,149749
108881,113630
95800,96168
192447,194369
26075,48794
462766,458235
363551,363112
83792,83802
392663,392973
277974,279138
257581,257976
264344,264652
209708,205624
265361,267214
45216,7366
238951,239166
569489,566210
587836,588115
43093,43325
70846,70887
102106,102002
306047,304611
291926,293271
94012,94294
429746,429738
351632,354386
109759,109940
1202,2941
557116,557129
68368,73104
7702,6204
103028,102398
472433,468901
89969,90919
416910,419435
397260,396102
56022,56020
66304,63068
406804,404884
571483,571477
88745,89195
403677,403080
427581,430358
59685,60463
350007,350032
339206,333751
569516,570234
386534,389198
364059,365150
280090,280988
114190,132025
428354,427837
58880,58723
178726,178559
513956,516190
164532,165428
104070,103246
236121,236147
96394,92853
83781,106758
76727,77430
554171,550969
477192,476680
485368,476284
275322,275078
571561,561695
10764,10938
433614,433000
480004,478099
134550,134556
97899,97017
514399,512572
112048,112068
581756,581549
40329,40744
496104,496492
26597,17845
269199,267392
75631,74201
516610,517531
317248,297524
223509,222704
434767,395422
535896,535891
193542,193268
306106,297165
543919,545052
50523,48295
563536,563549
436186,436810
273019,273512
525760,525635
104860,104997
141859,143219
140553,140554
565066,554029
481903,482540
153148,152838
22916,26570
179459,177874
62311,71783
232111,232107
373930,370869
96676,97746
90026,90193
106856,106769
368332,368316
243712,243718
424937,425600
139124,141057
328480,341294
320726,320445
353477,357920
115305,117270
103130,103293
68243,69297
419180,415820
355042,363670
253421,253506
515819,515823
111808,111402
45099,45090
432239,430490
301930,303036
117137,126747
32723,31389
505431,511008
102250,102318
163875,163669
29799,28601
78084,78423
266900,267392
549774,554346
296711,297254
361120,430407
255787,253276
18463,18577
450036,449834
109538,109754
316441,317513
443771,443785
35818,35883
35904,35657
214449,214761
470019,465089
456920,456655
448541,448586
56269,56491
82415,82214
200391,199047
63348,63403
369003,369005
62723,63351
480718,484476
22509,22916
238605,237537
95580,90864
589869,588427
394743,403839
295429,297403
304176,304178
284044,285043
204772,205204
184482,185675
44309,43792
573981,574212
254885,253831
418981,418346
31853,32017
430403,431527
15792,18463
70655,70300
58880,59475
188101,188099
227090,227174
549076,548665
135547,135340
265107,269846
30758,34675
526486,527296
445677,448269
17846,17961
21116,31370
52618,53882
110196,110238
511531,511034
478783,479492
504614,510307
160145,154327
53184,53704
103108,103213
395439,389905
441855,441860
115610,115491
97247,97025
486828,491071
222785,220207
293688,291911
328548,328433
530365,540762
23653,31372
95226,96485
579508,579503
101512,101509
534396,535775
496512,500048
178673,180161
483464,484197
100691,100764
379785,378903
62266,62404
350678,349571
588764,588757
156868,157786
587354,589152
498167,498494
253321,252149
512414,511636
350081,349473
57424,59578
114446,114733
173299,174441
89213,89502
471404,471267
20344,20613
81537,81553
515885,515882
203789,203810
448462,447194
156868,156042
63471,63431
109659,108581
20344,19458
277269,277039
93385,93391
552211,551887
252424,259464
394949,392790
106822,108236
522372,521697
415,93
13950,13753
177231,203756
105761,105752
99952,98815
567869,567868
569240,565266
111138,110965
245994,246181
24206,26154
14631,14272
33113,27734
399881,400339
336732,330236
452524,450322
471974,470591
92411,92380
413045,414271
96485,95226
112981,112680
345052,345053
94148,91821
244581,245874
412087,412289
395204,387781
550577,539691
415175,415104
263062,262117
108855,108331
461320,460372
266819,265256
580643,580625
549747,549972
194369,194393
113834,112717
183658,180257
461763,458848
21754,18988
309254,309271
587321,587378
47824,43181
9661,17653
342773,359157
211755,211766
75833,47516
366630,366617
214395,216111
383226,378825
209429,213623
288784,288801
27214,28558
563495,563524
345040,342733
24822,24692
70616,70669
109076,109215
55520,56269
334695,332330
42432,41608
509253,511216
6910,2900
306010,305727
367678,350156
5261,3279
295318,297495
246424,245845
528737,328837
265671,263311
53506,53702
99966,100294
387938,387943
577798,579577
84939,85499
60463,59685
27757,28554
512367,499360
326191,326602
127408,127405
579725,576109
63613,63351
355545,356188
576732,576749
337483,337458
133342,133475
356569,359894
509914,509743
174839,174844
92169,92176
517767,517739
115394,115224
139387,139349
39880,38934
344344,348991
204389,203618
546811,546907
531240,534870
277372,277381
125535,129365
356758,359951
452151,451705
69942,70300
194965,195288
496205,496253
48780,49307
463396,463681
546073,545076
75398,65226
132025,114190
271431,271429
584799,579577
554148,555925
47578,46241
208687,208959
84934,83946
18626,18732
89502,90333
195474,195515
77551,77562
188960,185379
14568,15830
286434,290152
507945,505175
228252,229151
576266,576144
349043,347701
432426,455151
2763,2884
196401,198534
404898,407705
385069,385161
359850,359074
154904,157138
301981,301980
112096,111979
318541,337354
258127,254460
22711,21336
112913,113140
63073,63332
26964,27308
441100,441045
40194,37888
490324,490328
120802,120042
404966,404964
302135,300703
266716,259464
40596,40527
154274,154998
94000,89669
492875,495355
110401,110269
177300,180088
482740,482318
431311,426551
112865,112668
538767,538642
300553,300964
119986,119991
114647,113757
461516,461386
427794,428884
188120,188101
92599,91439
170923,171539
136499,135547
93431,94221
419603,414827
227784,228254
462799,465006
529336,522166
359271,317248
84178,83521
40181,39480
409990,410008
400090,400810
366093,367137
487928,489106
75445,69447
450104,450212
218029,207517
391885,391958
74234,74374
298046,300692
518724,519124
19521,19263
64782,64777
473412,473830
358137,358208
297914,297540
491072,492553
500845,525361
340672,337859
545102,536495
155845,155570
208838,210096
205426,208123
80468,81086
557753,557756
358466,357336
313994,313214
398386,398233
167955,150843
105256,104920
483521,484491
132969,132117
64789,64793
432588,432311
113686,113681
109324,109614
114090,113542
326635,330754
476643,477461
244556,244555
513458,513876
27239,33234
298035,297254
115803,115218
446696,445459
97357,98969
374973,374925
100555,100986
150127,157395
195523,200101
411936,410457
445250,444662
103698,103673
206430,206420
999,1059
394375,394372
27879,27501
87773,87913
190858,195474
102476,102584
36376,37319
21435,19824
224696,228336
21646,164532
81245,81262
159798,154998
428570,474985
452743,452695
145919,143191
520292,580525
574280,575007
57478,57076
343147,344314
454024,454522
508614,510199
9032,8999
209020,210220
473189,474807
159689,163699
113036,113302
508779,512114
54283,60591
9046,6803
89403,89870
543778,543318
370780,372871
498250,497460
64333,64071
537599,537602
365193,364815
109659,109980
147161,144881
195545,193019
456219,455376
29480,29659
149027,152838
339665,341356
119586,119311
353437,353451
301978,301979
507581,506888
284486,278144
2455,2432
246036,243669
490328,490394
269276,269277
226531,226352
27660,27308
218064,221846
87349,87288
177880,185040
67259,75734
41094,41101
564072,563696
371478,374094
100649,101266
210482,212219
365070,365108
21595,20566
261300,261416
127780,126795
27112,27102
246337,245071
520528,520539
177788,177880
398228,399150
91117,91124
521553,520683
302829,301165
40077,60015
86667,84234
115657,115610
63431,63471
295937,302188
225959,225321
469678,470464
484455,485084
538878,537615
382890,384843
161671,160580
185708,185758
391345,388743
469216,473035
177788,172753
544430,526587
161692,158424
84811,84670
235116,240231
590131,590308
383217,383144
283746,285392
569827,570881
113036,112981
534856,536248
451474,445238
57111,57119
463379,469153
86486,86616
23638,26075
424011,424016
342391,340640
127259,128920
428310,426980
389078,389086
540499,541553
443719,443762
301769,302073
2932,2854
110987,111332
130967,134799
95185,95198
323881,316620
333020,332321
109071,109115
450777,450736
488435,491812
91851,91603
107891,108252
503437,500134
561889,563470
81973,71052
311006,309772
80839,80922
377346,377907
100772,102099
454638,456076
117699,119739
403819,404964
96326,96082
132895,133030
497055,497068
345372,342911
367298,368437
448586,451074
69734,69491
83422,83393
310500,312421
35768,36040
69870,69537
546685,547978
204242,200402
113413,113573
114650,285095
323505,323822
501265,501653
232940,237039
406676,404971
458848,455561
537906,537134
170718,170709
140413,141278
106873,106538
212520,209708
40322,39122
293194,286066
22273,22509
461561,462609
222339,226831
158144,159652
52388,51062
69988,69734
368561,368880
377535,378852
262036,263714
192822,193659
418799,418734
85287,86156
284316,286540
155767,155313
516454,518445
398937,391546
327967,327665
454440,456760
49901,49968
199400,203214
438752,438284
109993,110338
337377,337386
95650,96175
347525,355731
201360,201357
38616,38162
72515,69048
112257,109673
48173,47960
11791,10838
364711,368155
300442,298775
84101,84323
333359,352003
8760,8742
212673,209303
162033,162852
59627,60275
108926,108978
572141,571644
154274,153148
177575,176780
196964,169978
517842,517836
280788,280554
393288,393326
484218,486623
131715,131846
578940,573254
565137,568639
570250,570396
288101,288047
106117,106113
576888,576811
77800,79152
98005,98765
88379,88638
102776,103037
292484,203756
318689,318705
10048,9996
239243,232297
20082,19948
314838,312898
106716,106822
117219,117222
386236,386301
396223,396407
54496,54848
30894,30352
1855,6631
233945,232638
270134,266147
393445,393444
63073,62905
113834,117230
273123,270646
18699,15908
525726,529251
81531,81608
198337,199047
102421,102822
132538,132956
103389,103213
460413,462087
210164,210247
109071,109062
437505,435905
2981,6076
183707,184073
303097,303104
576570,573603
241159,242195
419435,416910
112068,112082
65317,65314
7900,7563
302902,303952
261437,238682
130559,130733
253390,253421
424112,422651
79599,80894
381932,377061
84707,84751
361996,362002
263862,263784
399468,400444
58508,60333
553877,556808
360937,360934
186942,207825
140413,139936
85680,85671
16153,11709
522526,524262
43952,44342
196871,201896
106612,106552
431782,439988
518941,519328
274107,274306
103796,104610
344490,345974
118455,117696
383771,382417
157568,157561
84901,80806
203904,208059
120840,126218
183872,183870
112633,105801
8742,8730
504133,503651
566365,573328
278424,275166
504349,504215
372774,372771
411308,411266
582516,582611
408678,405542
273328,273763
76611,76727
530121,528973
131567,132727
171539,172094
123876,128442
123184,123196
550184,549442
112680,112571
488526,485699
179326,177780
541902,541683
63555,64206
266716,271548
372293,375477
181005,173079
83987,83983
69218,69224
355469,357376
34055,33832
12449,12448
194787,197354
377738,373627
393332,398857
285720,279056
264326,267354
565093,565655
114733,114446
281747,282119
272683,273193
282399,283213
105162,105157
411126,412268
97783,98892
366097,350293
157713,157803
18032,27686
189492,189483
249902,249977
5047,8242
36227,34675
45984,46039
37968,37268
107602,107909
473130,473800
558988,553071
362018,362005
175588,175367
65221,64480
35814,36199
323822,323505
506387,506882
153200,153947
474522,500533
306451,305824
419644,420280
171858,164602
350392,354659
83243,83030
266694,266796
211832,214595
96032,96119
525752,525508
124193,123506
562392,558724
11887,11731
498259,498250
114204,111984
27690,27686
74904,73986
236646,237371
230920,234633
133373,132765
150220,150446
533057,531450
585791,587937
97860,114522
236140,242114
44048,43863
106259,113417
25225,25412
531271,534160
414038,410238
73995,74525
492286,488064
513458,513128
216807,221090
547800,547775
497848,498692
95399,95401
429970,429986
306777,306128
303129,303124
52977,51217
80723,80806
263894,265713
204803,204901
520132,520112
139583,135454
27308,26964
461770,462893
196056,195093
11492,15658
543904,541794
271499,268884
25070,25258
229078,229089
387492,382278
50360,50242
333020,338176
212877,215875
503199,503192
161348,163664
231806,228336
104091,103916
32976,31575
315813,318617
366473,366474
370468,369027
186761,186769
119684,120061
17577,22247
212673,214540
97563,98231
46906,41977
160247,157617
291117,274750
296392,303630
235335,232937
115631,118442
104064,104348
131428,139305
528614,529756
399378,401763
34684,33065
406860,408126
52157,47990
460257,460261
485276,484782
79338,72882
360887,358619
105207,102269
75855,73887
571776,570875
471267,471404
220487,219174
99738,99537
495291,494842
37953,38493
42436,42298
18463,15792
272016,271765
219219,218871
48055,47044
51681,56116
107657,107779
26683,26995
553135,553195
189483,188779
34934,35818
304455,305154
260655,252794
84176,83987
172685,172680
69474,68952
158358,156576
528458,522180
489311,489312
264286,264869
375408,375662
393375,393374
9552,9151
60649,59261
116025,115847
39648,39906
516526,504174
428171,425939
584452,584413
274578,270134
373212,376057
507380,507681
38193,38838
80922,81260
554236,553519
84299,84178
398649,397119
518320,516392
226924,226945
443438,443577
50963,49433
366950,364644
83877,83896
360693,361489
184813,185097
99717,99733
417128,413666
414736,413772
171230,169676
107492,107846
11053,11102
386897,387567
97068,97150
93507,93391
300175,291454
269207,268095
539585,536328
390205,392573
534856,532467
310266,316620
40234,40918
186297,186879
403657,402219
127432,125067
286542,287408
463946,462194
405440,405977
229287,232459
139583,139589
212386,210755
294767,293320
465748,465440
71458,72726
97792,97746
267321,268130
285442,285750
516629,516679
178072,178314
176647,179899
409135,396345
115676,115396
456962,459841
274706,277219
2941,2949
556186,556935
402358,399570
491072,490947
296769,298290
582088,584018
169049,170328
54954,54980
194393,194609
440151,425006
482092,482099
103260,102646
27701,19258
589538,589530
118664,118330
85527,85515
33069,32087
4440,4854
107547,107478
540388,541108
110091,116811
92377,92375
220537,220794
293851,294916
383955,383933
185185,189667
373054,353458
159448,159453
77103,77299
238799,236175
116096,116116
343284,343784
150232,150887
108561,108372
362570,364588
153526,156776
91830,91051
73816,72739
287177,287127
110201,113542
86429,86383
379944,370647
300546,298805
62021,62201
35307,31298
44857,44813
222127,222817
369753,351851
364327,363900
309789,306161
24850,24626
267116,267054
112404,112409
218930,218931
201360,202353
51217,52977
419728,419203
67706,68671
230496,229767
88754,88781
15908,18699
184145,183872
146505,146785
459276,459181
30546,27498
479037,486667
540595,542070
133523,136657
194967,194964
65063,66283
342574,342415
556292,556286
31279,45146
51167,50365
543716,544217
248277,248793
76769,77156
63333,65919
179484,183686
280988,283651
181762,180068
352012,355904
79765,79416
74853,77191
90454,97176
471692,471476
11338,11434
26129,25952
103837,103834
16766,18679
97017,96624
121816,125535
159913,159865
485715,488108
176877,178885
277681,277715
34371,31279
439639,439412
298725,297117
527282,526486
48802,49611
482140,490463
402421,403519
99601,98566
383812,384997
89611,75330
553525,558908
62916,71242
448922,448045
239902,240819
176961,176869
321400,320822
374239,390157
83362,83370
471649,473068
467998,465629
322559,322501
542287,543565
79599,60414
1114,1334
588764,588818
382278,386265
180548,180536
356493,355825
302413,315711
455376,538074
517787,520548
409135,410279
115572,115394
66023,65762
227784,226945
102740,102608
387947,388095
360064,359898
79165,78215
60508,59302
251983,253390
133890,133528
57248,55626
366263,366239
90558,89123
26290,29013
105966,106269
522476,522512
201357,201360
337386,338123
22956,22944
559886,560076
87566,88675
83079,80964
107064,105952
255787,256533
538016,535613
297542,294023
531156,531448
339936,339542
371445,373613
549582,547230
33004,32979
443511,444486
509764,507549
494174,493580
313994,313999
252966,248962
330116,328768
54202,53198
115020,115015
101163,101304
219996,219478
459121,457767
434786,437096
213380,211509
251760,254233
471766,462244
317533,316659
150994,150999
133371,133097
536442,534422
64263,64192
96839,96970
314774,315251
269647,269737
388332,391423
193217,192472
290227,290725
33208,32728
447733,447738
78686,78499
176582,175613
18867,21644
182554,174620
25219,20872
43812,43964
339445,339439
267067,267513
223081,223099
111632,111719
49397,48160
464441,461291
174815,175367
471147,469153
98468,98167
26277,27757
452658,454520
96413,97104
75632,75803
15299,13277
127405,126684
105415,104371
537986,538140
272984,274518
87757,86660
40092,38209
503782,501922
245874,244581
141324,141458
312945,312972
574177,574913
330129,328548
533186,533123
23646,23501
522271,525573
455151,453311
229954,230828
267962,267587
120651,118377
263590,263586
447896,455972
303292,303092
538491,538433
360913,360084
518742,523200
527290,522218
481678,483048
378565,379855
562954,561918
245071,244765
404860,402668
461227,459437
415506,415628
314507,320494
40141,40329
163791,163120
564773,570968
49128,48254
111059,108369
300778,299586
71052,65783
111067,110704
222700,235942
78581,77627
486389,486306
99483,96414
88549,85239
490182,489664
403657,408395
75355,75255
455077,451244
45924,45799
164703,164676
306475,305312
68504,66638
453149,453147
60684,59691
358589,358149
568385,568814
82805,82460
117254,121892
124050,128516
456664,457692
16224,14613
194393,194369
166505,166582
106304,106427
228604,226281
87017,87118
19242,19291
99145,99936
303007,302252
418550,427488
270286,270813
511576,506573
151566,150072
274074,273073
406107,399733
331783,332164
497869,499976
125819,124997
313243,313247
534369,534286
367460,369847
373270,373222
129713,130127
63403,64086
308524,308384
84606,84299
544569,548657
170844,139093
203507,203516
255827,257010
302217,302109
455670,453935
170334,172764
522438,520073
516667,516626
125819,127225
534589,534595
352062,353173
389429,389347
239114,239679
164261,137057
258626,256662
347525,347038
324427,323765
74562,75298
266808,266819
452777,444202
37508,38308
324007,326562
226055,223854
28522,30204
189683,189702
516194,516190
339937,342292
504248,503763
229733,229891
537160,544569
531890,532248
80033,84468
498967,505054
562519,557080
75803,75632
551065,551531
239479,239561
292921,286743
171756,171924
455832,458719
169977,169978
101559,101550
262912,262908
81507,82344
571732,572299
512822,512057
114268,122227
101395,101304
535012,536875
534339,535843
272625,272438
332532,344389
67259,67472
63398,63421
532146,530874
97150,97263
404135,404426
324991,327216
423473,425393
545076,546073
765,940
241588,242684
109168,109162
58351,57157
533023,533025
486301,483023
323285,319332
537452,533561
97732,97776
469404,468608
549774,542303
423602,425399
11848,16503
410238,414038
481678,481251
46921,47656
426974,427946
387385,387563
389477,389447
418734,417969
538448,533906
575338,575376
315062,312311
509815,508402
169916,171125
414290,412937
465552,465558
320248,327728
359460,358739
248962,242673
315918,315278
45176,53184
86573,90966
414271,413045
68447,68471
59175,58842
110597,110432
326191,326155
98239,98091
47516,26500
343808,344242
18718,18679
113982,113995
219478,163783
37305,41734
67472,67259
67021,70770
109765,115944
573744,573344
92303,92483
419215,419315
102421,102318
83960,83317
54887,54350
78040,78084
95585,92131
33069,33083
127414,126372
63048,64973
360934,360937
58339,58354
91272,91339
316850,318617
358542,358010
511205,513881
257304,258164
107314,107310
108726,108681
273510,273570
69882,69206
195107,194143
393186,393187
94886,95139
64371,62680
442060,436234
483288,487793
95340,95309
127416,128673
198046,197589
576144,576266
345719,347380
117845,118418
108279,108342
558908,553525
53203,50705
17148,16452
172997,174515
68036,70360
218290,258413
8623,9497
522995,522516
77489,77526
94338,94344
96201,97866
183707,183703
58774,60860
191237,192766
193804,197387
111839,110536
457613,457467
42188,42200
450700,452695
30031,30492
286382,280631
214124,213725
571112,568970
43794,43787
498048,511992
456655,455670
247207,247997
66624,67245
486868,489484
473830,473412
574145,581877
84954,85039
234889,241067
87234,87129
64054,64046
138945,139576
106488,106520
270319,267354
331584,331580
138519,138421
254308,255957
152191,157455
142425,139589
271438,271482
213166,213217
105566,105319
59475,61041
139437,138883
281073,280382
413488,411308
441974,440707
222930,216111
90432,97982
261548,261659
472001,471887
341702,340425
55949,55933
584164,584485
402042,402617
549338,554148
557421,557725
97463,97683
518345,518681
268430,268407
21227,21223
113817,113741
14716,14768
120416,119262
225046,225532
580625,580643
273631,275646
12719,11431
30492,30031
383257,383273
265107,262877
74037,68286
89669,94000
92116,91157
453962,452740
290074,284956
196934,195943
80284,79017
84224,81863
540949,541395
62266,61717
392036,387492
577245,575710
422726,424089
558999,561212
217678,217712
95667,95517
548084,547835
219429,219303
432588,436186
109487,109346
402543,403676
458483,458126
443239,440822
31208,30894
15872,17973
390010,393374
90316,90562
377104,382891
34740,34854
390181,392475
521553,488127
321906,321881
136403,141487
304052,303292
79396,79470
83422,83588
30492,33548
100474,97702
304472,300845
497038,498198
394611,394552
381912,381918
402668,400880
234633,234875
18867,16224
546079,546084
21846,22479
424188,424183
522241,522247
290252,289684
363479,364561
243694,243688
111377,111607
389167,391126
165428,164532
368316,368332
39028,38167
264754,263623
71655,71634
473897,481802
75185,77800
410577,411817
558068,562126
76111,77965
72475,72312
553341,553238
62114,60275
587416,587733
459760,459756
16322,17754
451076,457467
23501,21864
516861,512548
298913,299667
169806,168112
325556,319780
295178,294974
557122,557121
21281,22427
6076,5825
159123,156209
120029,120723
165536,169676
53640,53635
355842,357455
484619,481901
117810,120757
189828,189896
218677,223319
409282,409445
502521,506573
536153,536149
374856,377544
569092,568979
429970,429966
470880,475766
272625,274776
175489,178104
480448,480061
387322,386974
151080,151068
236002,237033
114335,114648
184135,193872
122030,123024
77526,77489
381913,380910
163773,146921
291056,290343
536406,536221
549149,546683
436518,434394
64973,66720
140499,140546
582553,584164
327752,328914
91378,91391
89177,88813
534022,534286
34038,33860
104107,103675
244558,244556
82169,81552
176188,177300
233241,230610
443577,443663
80870,80997
49126,51001
211832,211460
157932,157950
203176,204803
230775,253590
118706,115929
69921,67447
552922,552583
107545,105529
29350,29249
101256,104371
428350,428965
261615,262427
580304,581141
136251,191268
473829,473618
103,1600
438346,438810
358229,357647
96407,96429
205855,203599
421555,426134
352011,352003
17463,18341
23589,23642
27835,29978
203496,205508
63838,64071
408395,409318
448936,465609
466642,469216
328336,329099
161924,161494
397006,399468
494854,494848
445696,440708
78395,77604
98397,98386
111283,106682
232306,232937
187915,186525
48866,48579
414055,414038
432614,431130
311723,308966
263588,263784
56306,55470
113798,113772
179723,181665
25031,25952
61299,59754
585139,586286
461708,467740
275738,276391
185170,185173
125745,125239
435560,435905
581123,579099
267741,258413
533934,534549
41608,42432
74122,70360
502933,502382
469156,470173
273038,272530
417200,417895
232107,226819
356499,354973
471476,471692
507737,507733
511097,503854
334301,335340
465835,462087
456962,456893
546429,546787
373238,371781
62311,59447
423810,423955
479750,476153
143616,143219
584889,584552
87713,87870
453935,455670
377968,379627
27045,26586
265038,263329
30296,30119
332111,332547
53252,49552
537735,537744
538898,538411
288975,287522
28276,29050
115892,120909
414827,414055
161671,161690
549853,549874
484782,485276
579678,575470
72261,71741
108450,108468
221227,219828
224049,224187
471446,472176
377061,381932
256452,256448
90527,91213
59262,59754
222339,221846
551699,551887
476372,475238
480625,478581
403818,404776
465276,462981
393444,393443
56085,58964
100023,102398
172305,172172
194702,192365
255628,255405
486828,486761
543065,542895
520051,520259
37888,40194
92820,92575
111735,111746
542489,542146
295994,315428
139576,140626
177188,177385
41675,40889
444202,444036
250904,248454
387721,387727
447638,445090
12169,12013
524174,521253
531255,531244
435436,439089
17316,32979
472994,478995
63880,64645
439712,440349
195747,195739
427837,428354
125139,127336
90414,92170
151934,151253
167513,167315
104128,104849
450777,454424
117219,107915
572299,571732
466220,464209
258397,258924
336515,337458
357869,357840
111283,111756
449153,446939
459307,459437
423596,424994
319008,315163
236166,236175
151722,151720
361475,361749
511891,512223
56223,56537
122863,113630
78050,78829
456219,457938
100547,100192
42936,46362
346674,351589
587733,587416
259732,259674
12644,8468
142953,142338
553071,558988
44462,44048
96970,96839
87395,87401
558818,558816
11102,12127
116651,116452
450223,449835
384493,381629
358319,358776
487950,482380
83629,76979
195726,194996
415573,417472
448531,446380
457802,461234
428183,428344
287525,287924
218502,206325
415483,415485
543563,538505
199766,190502
10727,14293
81081,100307
527289,527287
2432,2165
328337,327123
164925,176072
89368,89347
542666,541902
515366,515783
114113,113299
78581,78599
74853,71694
363900,364327
274594,273038
91154,91124
315266,315260
117293,117366
139323,138519
486849,489141
494844,490427
106052,105889
496505,494946
309165,309026
234711,216501
69597,72611
219492,219441
164069,164729
407867,408667
369032,364582
243158,243171
440248,442667
40306,39028
244113,219191
458302,450929
28598,35814
545314,543613
242006,247739
165432,166588
86156,85287
432867,439712
64770,63677
203810,203789
337050,333108
80084,83605
38677,38719
419603,421792
41301,38367
558049,557001
123788,123802
463373,462609
83300,82606
114281,114306
77593,77666
300626,302526
43948,41412
306713,375415
529571,530287
44233,44964
66274,66276
64499,93900
292934,293293
492307,493487
476153,475770
270818,271807
409457,413827
84405,84584
116868,104653
316237,316217
12634,20425
295902,294444
318794,318780
438169,439223
507744,507749
61717,61367
196645,202313
98091,99537
176340,176245
172324,171125
337440,337719
247501,248769
273487,272517
520860,519920
162133,162128
403818,403113
267587,267155
420307,419396
476457,471404
64208,64249
29954,30920
456734,457392
110648,129622
30204,32034
270602,270596
371182,372162
424736,425035
220707,220327
98238,98220
51103,50523
144906,145515
424191,424188
389768,403882
108372,108561
26964,26731
137568,137561
449845,452832
516894,522218
422322,412900
12655,17814
181968,182746
108313,108331
36066,36888
399544,399431
252941,257663
384845,384852
356599,356603
58145,58842
40596,40889
42181,42188
109994,109718
575413,575418
103446,103381
338601,360115
83940,83934
92487,93839
107244,107083
2949,2981
46543,46605
314013,318030
366705,366966
63068,61791
537134,536883
35317,43135
395407,394677
66205,65976
548932,539209
126371,126295
54941,55074
531448,531450
14018,13950
226537,226531
500699,485763
45891,51681
115119,115218
267001,264108
14061,12307
278178,276704
521596,522673
557121,545060
373500,375408
240096,238518
176427,179491
421555,411936
88949,89259
104712,104876
65221,65590
171547,172990
225715,229698
553080,542512
56096,56388
1334,1385
300933,300927
478637,478634
471598,469808
552575,552583
553089,552804
557176,563025
184576,173084
125942,128201
337859,337516
504852,504312
420836,424276
301363,301800
119208,132062
362003,362002
159154,159096
199914,197755
360116,360523
478099,476083
115180,115224
198576,203099
15861,12581
157455,152191
36247,36736
77780,77789
38356,39725
75185,75092
575007,577442
182881,183452
435003,435560
80931,80926
111117,110665
418322,418326
566235,563632
464847,475893
481949,480325
309828,315813
583061,582718
510306,511034
150811,151973
333435,330103
220324,213959
164729,172753
14478,14018
81873,87451
49283,50079
284448,284146
305348,306802
271528,271513
582619,582723
63035,63215
409799,410104
423957,423955
46362,63777
84312,84316
85480,85327
70171,70846
25840,34099
340055,340234
450929,450925
221120,222537
204782,206423
543846,543838
445459,439482
273519,274604
499021,509212
327859,329352
581123,581250
171539,170923
573962,573747
69269,69927
533937,542633
32505,32511
93947,94155
95983,95353
541683,541902
535891,534380
119998,119991
249813,250320
283213,286743
88638,88672
279436,279165
118196,114678
416638,416751
489664,489652
319391,320248
313147,314137
86707,86894
67525,58711
88380,90484
197936,198685
363972,366942
421715,420921
387084,387080
194319,194213
73904,75196
281544,281528
387938,387931
393452,390224
120576,121112
102269,105207
24487,24178
566339,564223
288506,288040
66195,66548
508930,508807
72570,72553
210293,201540
17110,17050
147616,147462
387651,392388
84647,84682
251888,251580
88229,87820
246509,246671
228416,232038
130628,131239
377046,376204
95870,95933
436792,436718
165982,164132
553483,549511
24992,25225
26025,26011
557783,557773
23351,23213
43820,42707
515885,516033
36492,38474
271467,274107
275403,273047
129351,137044
20342,20876
443511,441782
63332,63073
28125,28133
228152,227619
58354,58508
23882,23788
75591,75408
64573,64562
82079,75463
561695,571561
116205,115962
448431,448971
44282,47060
86752,86747
77642,77668
488471,488472
399344,392230
427503,427650
492885,494392
209904,209261
263369,253983
113140,112003
29352,29350
79046,81026
451761,452423
56020,53657
167973,159652
585020,584236
29459,29412
519995,519983
481251,481678
266471,266468
9531,9518
197514,195288
426021,426048
57379,56306
21761,24306
105692,105732
49481,49476
395404,395749
566210,565616
583098,581608
48105,48701
567666,567259
374652,374654
547230,542263
487793,489674
145028,145265
63567,64363
389865,380944
505401,505763
426659,426870
249838,333359
99630,99638
340926,352182
207116,208188
96125,94468
34154,33234
273631,272914
551481,550232
533322,533259
573041,572934
84191,82805
348313,347546
337040,333707
534995,535159
439956,439961
269764,267513
122225,121859
56528,57765
78510,77716
211105,216157
426551,426532
319357,320076
101798,102052
96970,97246
195419,189648
3574,10522
28549,30799
538553,538246
48173,48188
170766,175434
72123,71677
319346,321765
286026,289243
349571,350678
221227,223081
290771,290796
580227,578938
43135,43730
7816,7825
300693,300692
497571,497831
114759,114635
180480,186505
308867,300408
421706,422445
522816,523045
57269,60728
87746,87233
105423,105371
476335,476515
240231,238853
549415,549652
68002,70839
24258,24238
424568,425829
270561,267001
546818,547074
179326,179484
115234,115436
276469,274883
78079,80084
197335,205531
546449,546453
44276,44210
306802,302548
510307,517836
374033,374826
84323,84101
302135,303537
81185,81199
379872,376687
93727,100073
15898,23362
576618,565793
349088,349473
530291,529152
370773,369460
372851,374856
389031,389041
536173,539196
566841,566235
413923,412289
96396,96461
91339,91603
546449,535849
400880,400754
258689,260134
64973,64793
105420,105207
362430,351784
13053,9728
496253,496205
78163,78226
585493,585154
428115,428326
148501,150151
71550,71494
17961,17846
216789,216254
452976,454890
521815,522816
165052,166723
3731,6778
87760,87773
580246,578859
16526,17430
18296,19263
90333,90896
270792,270801
6384,9638
305694,305105
167534,168947
508779,506975
547554,502522
497649,495888
328808,321906
59620,63333
316308,316275
105047,105352
570879,572002
97923,97916
83818,83137
499984,509958
138101,138105
359951,356758
121794,121112
512672,511853
305006,309026
112558,112860
572877,572881
16118,14171
83661,84092
303040,305002
308575,303254
151722,151724
37203,37546
114090,114498
106145,100497
142676,142815
372755,372784
574255,573328
95182,95185
189348,196645
408180,408526
240434,242624
91117,91112
496953,496319
273512,273519
277050,281266
402214,401763
67680,66279
361733,361738
208687,205540
589320,588391
200057,200104
410613,410457
270788,270792
303479,301800
93698,93695
300665,300685
284970,284448
70045,68857
277075,271473
261616,262683
316183,361733
77259,77125
169574,167718
283910,279745
182245,182276
558203,562815
389078,389074
544183,541758
152740,157624
271504,269777
400298,400054
107132,107084
556871,566284
221842,221207
398857,401136
14613,12719
305967,303630
257810,258689
422651,424112
365193,366360
97581,97481
279181,278486
149710,149687
226831,222339
476021,475363
417742,418371
450223,450323
542298,542395
278437,275709
546685,545738
417809,420532
126406,128416
563524,563531
440903,444036
55940,55932
248148,240745
415210,415814
178371,178686
8884,11911
471901,472118
22285,22373
455670,456655
63769,64473
149639,142815
89540,91073
102160,100970
75480,75313
72866,72566
480004,486146
32432,32387
571188,572385
107491,107501
103030,101765
319740,319467
123331,123338
49461,49523
157395,150127
521497,518913
582029,580336
60070,73181
253506,253421
340913,332863
282226,280772
61979,62526
212436,213001
207130,215575
92173,92126
108428,108205
275166,278424
21227,24667
250497,252969
120042,120802
89121,89153
123338,123354
112717,113834
276856,279739
127152,122863
45787,45833
20091,18626
556286,556292
412175,413144
412087,411045
559403,551931
418430,418855
134611,132625
37297,36620
113145,110497
128416,126406
48825,50197
7856,12892
75946,77290
242006,239717
18195,17973
199262,193819
386846,386488
487409,482223
481259,483853
109566,109700
79899,89416
398176,399326
60015,64159
544798,547725
100317,107602
118766,118672
315166,313557
441860,442843
240606,241739
88638,88379
476213,476151
492572,492553
570875,571776
510088,509834
462222,463379
191848,191855
20662,20269
29013,26290
181826,183448
313977,315991
1930,1182
58842,59175
61684,67973
676,12448
467145,463669
12644,18218
340640,342391
39828,40375
210164,210101
94839,96082
185884,185919
123311,123331
253433,254342
85169,85067
562580,563539
484183,488064
272438,272625
390170,386846
522314,531804
484491,483521
386517,385750
213695,181005
342285,343532
280268,278947
339293,335729
511779,518833
136905,136416
134611,135337
195726,196586
387066,393512
72545,72553
578299,579207
241067,234889
192447,188726
364815,365193
322824,326672
368343,371478
541649,539826
52229,47824
435415,435398
542666,543142
231950,232718
75593,75942
485832,483497
83218,81859
462087,460413
174844,174859
151973,150811
126747,117137
103941,104064
562301,565793
146556,146384
572934,573041
256558,256557
585297,588008
168544,165591
448245,450558
289978,287216
381654,382023
378852,377535
242624,243538
311740,310052
63838,63059
96407,96356
337211,336360
503661,501251
189905,191466
45288,45706
172687,174027
506888,507581
418940,437614
38751,38969
406596,406832
263910,264543
495059,495180
467880,499381
68368,67245
278088,278080
62475,62115
132678,132684
106741,106546
572616,570614
161721,162940
17973,15872
576715,576708
257521,255984
105786,105801
167896,168133
42962,42436
511488,511008
62286,61812
421719,421715
250379,247942
51827,46988
343124,343781
469808,471598
41008,43118
109055,107846
528136,526008
46057,46580
404898,404851
461416,461227
576605,576139
504585,503921
287127,286703
77491,77259
526673,525988
94031,95951
443110,440824
399383,400054
120095,121083
450104,449318
450331,451761
536495,545102
555092,555104
139956,139940
80956,80936
52134,51588
225715,222615
80993,81003
139940,138094
4265,139
186862,186437
388525,388500
178314,178559
491197,491196
219174,214416
454664,452215
285224,285229
292858,292952
272074,272134
36168,36177
206555,201896
22226,22358
370778,368438
485821,484491
484078,481071
83905,83915
201538,201540
77942,82927
314838,314927
92919,91973
505181,505217
161420,159123
488545,489446
498563,509253
504279,504133
424188,424191
290216,290227
80209,79335
374944,372162
473800,474522
421746,421901
379561,369551
511097,511620
503651,504133
530291,533397
78104,77569
118365,118759
92050,91537
382191,382226
304471,302829
499456,499455
87074,87018
171586,171607
54337,54322
83137,83130
11153,10569
14076,14071
61914,62450
278428,279274
70377,69466
292372,292415
392708,392123
132969,135679
476379,480792
330298,331027
76204,76393
275322,277758
486849,486356
97746,97792
458396,458568
351317,352062
133528,131886
330883,330899
88896,88795
241055,240437
163920,163945
199047,198337
51631,51585
191268,193673
110704,111067
292462,299074
347107,347076
179897,179491
368424,368357
333707,333052
364561,363479
76217,76224
441868,441017
113359,113034
485699,488526
442774,442782
328433,327967
388542,388533
460334,460335
117154,117404
271316,267475
585941,588003
28558,27214
43798,43810
339450,339527
551149,551615
403280,403575
408545,409136
263623,263494
102873,102584
562530,557036
59578,62225
286703,287127
421555,433713
366379,367581
384358,384364
24667,21227
152892,152330
337226,340348
75053,74931
218315,218319
80799,80765
535175,511992
540499,539825
256558,256638
52977,53783
134088,132586
101646,102282
491946,491097
242484,235695
519124,518724
87265,87635
131401,122386
336202,336241
486623,449344
385547,385289
194799,190749
107578,108279
109162,109168
462936,463391
324532,322931
12588,21833
522246,524506
271495,271516
79300,70134
156397,155941
52031,53881
107212,107525
305312,305194
333347,338104
383047,383933
420012,420881
123733,123723
452572,453126
192485,195410
168133,168908
297659,298168
367750,367742
12174,14622
237635,236397
410008,409990
328245,319890
49534,49625
489694,486436
425834,414817
437328,435226
43746,43730
245648,243335
337710,339898
451244,451237
37336,37327
125936,125946
87288,87349
301342,300203
401542,401548
303542,303310
3714,3716
42330,42775
52415,50972
89326,89347
536568,536586
300693,300696
448586,448541
103390,103536
4064,6165
418537,418541
518736,518695
357718,359505
538389,541767
196301,187020
518436,518433
407307,406469
548265,548844
313442,309818
545009,545132
539825,540499
270615,269335
405118,404625
65946,65987
575948,574886
46921,31372
574212,574357
48211,48029
342693,348324
167534,167528
481408,484704
563696,564072
256452,256456
423001,424524
502398,504809
234878,236458
440923,441712
56070,56220
155086,152611
521700,526119
204658,209020
484908,484403
8123,8056
421584,419180
8950,8242
407521,464441
75632,75360
481408,480516
518724,518445
283788,273126
45799,45924
547252,549009
106816,106830
581877,574145
538580,538621
379855,378565
391353,388358
47781,48579
295429,293935
77569,77491
98468,99013
269733,270892
96817,93839
112847,113772
348290,347753
101061,101068
142941,142202
80781,78063
164602,164047
75891,75597
111335,112170
51665,51651
464840,465387
43515,43819
133191,134641
427017,426903
331584,332532
528279,516223
414796,414271
266468,266471
443663,444301
387385,386823
528866,528973
552332,550952
418035,413256
497831,497976
358792,358466
367678,372755
337960,340640
361097,360643
59915,59848
427632,427556
278122,278093
276587,277820
218964,217749
111059,115631
77191,77642
241058,241139
388730,387322
426980,428310
112865,112957
586286,588311
341351,340985
522180,522113
192822,196871
330965,330581
386559,386838
377190,394272
78691,78833
132859,133097
257299,258259
273487,274806
286186,285750
203488,203478
182117,182900
59848,59915
97246,98408
92446,92452
232172,232111
522113,522180
538181,538433
200144,200104
499500,504614
9433,8829
294444,295902
397338,398233
147855,147616
39725,42936
308966,311723
71363,67029
289989,290331
367596,361745
359505,357718
499326,500647
480934,481251
69642,68471
411064,410333
443237,443630
22554,23973
19239,19489
109754,109538
80932,80944
47410,47564
292952,292858
106066,105415
501653,508440
441838,439461
108727,107227
230648,230660
128944,128163
209708,212520
73971,73879
129919,129910
287408,286542
377464,376831
541999,541982
102798,102790
66999,69466
97860,90484
38110,38896
42483,42533
348945,345979
282023,282003
99354,99966
406007,404670
362545,358721
145919,150701
27165,27158
503001,503329
318285,318427
393512,393906
409110,410210
166714,164703
326672,328831
458998,458719
308833,308830
408059,406751
114041,110532
89416,111013
210695,209904
88672,88638
105889,105852
85525,85428
108755,108820
95734,95381
66152,66510
337440,336654
282151,284416
70655,70967
333557,332063
163393,163383
52591,52568
455170,455151
450263,454024
356742,345132
589630,588115
583061,583934
41437,40306
336471,341114
198685,198781
523883,523877
445519,457210
370808,371445
210824,210822
23915,36227
105529,107545
191877,192305
100744,100369
40194,42312
411422,407276
84573,84176
442218,441640
214761,215999
17750,18516
140958,140962
522869,520458
482314,482204
243852,245922
429457,524506
64025,64015
61716,49072
363670,355042
471708,472965
44915,40781
415462,414244
506958,507198
19916,13502
478841,488219
76486,76484
562588,567838
77084,77342
173413,172982
378410,377327
401013,406256
340443,342097
309818,313442
223120,226583
104653,116868
108715,110063
470801,471887
297254,294028
358512,359527
44836,44810
274519,274779
61710,60904
102195,101802
393601,395909
97923,98217
62797,62707
577198,578938
329134,304822
393906,393512
221720,222189
289750,289754
258413,122232
233528,229175
333191,333513
30457,30586
487731,489394
32960,33502
546190,550703
522438,522476
112267,112581
509253,503910
412347,412396
18845,18220
151402,152205
571601,571483
52339,41446
20509,20566
462949,461968
100691,100626
472351,472387
102620,99483
110427,110332
508131,508128
243040,238799
219191,152545
390651,387712
96913,96960
164047,161758
306010,318958
142499,140544
375573,375581
171473,172161
581024,580096
151503,151856
470361,470379
209537,208263
182936,189315
325925,327663
306638,306634
45564,46033
83940,83942
441249,441457
109179,108961
301534,303650
363900,363693
52618,52134
205911,205957
199022,199142
131140,127311
153510,337710
549908,550049
175869,176347
296458,296456
556218,565266
212820,212808
432652,427836
89676,97702
8388,8649
111169,111103
68447,68162
136374,135040
247315,246199
120655,120661
368840,363778
454500,455142
185379,184959
243297,243635
455972,447896
23523,40131
401548,401556
461308,461968
329647,355825
390170,390367
229754,225361
272914,273631
31326,48794
192787,186862
69179,67680
73181,60070
101869,102435
55610,55540
97308,92496
4903,5393
92170,92180
107366,107915
289844,288694
302133,299740
157673,158128
344269,344277
85991,85905
471766,466717
548788,577105
161800,166435
410104,410210
228276,226537
173927,173955
457995,451999
391533,392734
130199,130516
113661,113590
270596,270602
481251,480934
536568,462789
515559,516943
308754,308968
101229,100896
83444,80192
336591,337921
87416,87457
415104,414510
92276,91212
68194,71741
46362,24939
61336,61041
154253,153954
536413,536406
113986,112195
384892,385243
47976,52273
441860,441855
302876,300332
253590,254308
297524,317248
531989,528458
484704,485890
517471,517482
40700,41033
375996,370616
403505,395374
150887,150232
92203,76747
168665,169765
96357,96326
57422,59207
215047,216666
33708,33716
65919,63333
141808,146101
108279,107578
293688,294164
376967,377879
520649,517911
284525,282226
185379,188960
62699,62469
66537,66536
35883,36951
388500,388043
157659,155307
420427,418655
152237,152014
76456,76915
568155,568153
43470,43515
519298,510935
139437,144401
378903,379785
363126,362018
35004,36201
114995,114973
465440,465006
485126,486306
541553,543318
92131,89652
208263,206423
213718,226603
119208,118917
210759,208360
105185,105668
190706,190272
48775,48825
557298,546463
256599,256964
172760,172094
312528,312945
242195,244777
97081,96491
541083,542241
40144,40131
301342,325119
101660,101724
80033,79463
543563,545173
450148,450263
27472,26287
407731,408143
485155,483048
209020,204658
226107,225963
128920,127259
17110,17408
494522,502521
310514,323533
219515,219519
361162,361207
110220,113345
75445,81068
587757,574775
418836,425939
577722,578184
573851,575697
468276,470151
490527,490519
173845,174517
122328,116651
312025,307355
179608,186182
74374,74513
135250,135746
90117,90417
48775,45926
152113,145265
112335,112365
23170,22247
112443,111898
54820,51827
36620,37297
139487,134799
71242,62916
69961,70107
495242,495239
14646,18900
354933,354973
310229,310316
83464,83505
228199,226288
101035,101217
249192,249889
51115,50891
330954,330904
586897,585944
224672,224742
155948,138272
425681,427678
56106,56068
36614,38771
482540,481903
535913,535896
8556,7375
50972,50963
562301,561906
362005,362003
364582,369032
9853,9927
113382,112244
59434,60006
83458,83444
92425,92437
280090,275646
317586,327506
221035,220907
67245,63834
461712,457938
114578,113209
31370,41977
108450,108212
227147,224805
315343,315253
584236,585020
386301,387418
86752,87239
138506,140322
61494,61389
89058,89052
938,2763
449590,451492
450696,450871
387943,387938
114797,114801
490829,484901
36020,35133
95905,95991
178740,178726
34099,41240
537744,537735
182275,178820
88652,88899
94890,95195
17316,17313
221035,221041
447282,450141
35133,36020
378245,377504
309709,311299
136009,136416
9814,8763
174844,174839
264086,268587
537735,537622
364100,367298
585451,585072
349803,347653
500153,499951
39828,38395
542391,548148
56814,58867
44318,44310
493580,493557
417895,417200
206851,204060
277780,281903
409087,407705
546950,547252
100023,98893
73506,74166
364327,365368
526119,521700
30630,30758
584799,584863
450305,450036
116012,115203
57000,57128
563031,562370
377550,379291
364818,365955
382023,381654
481802,473897
573401,574900
128163,128944
366185,366617
330236,336732
310830,312039
91241,91319
247942,250379
342862,373212
522421,515145
411039,412157
42298,42436
317077,316354
176046,176884
420921,421715
130516,130199
241727,246137
560403,562734
388494,390753
509519,509507
298725,299740
437328,439097
269112,269139
537279,538240
517448,518279
557773,557764
454955,456182
276971,276391
15830,14568
10727,5393
87076,85702
395497,399518
38151,38149
284869,284160
73904,73757
81997,81994
171078,169223
137301,137014
104139,93589
92590,93630
55835,55768
538858,527831
88059,88064
536221,536212
270963,269217
366340,374236
81855,81537
120028,116643
42312,43781
225963,226107
204658,203897
203610,203742
312187,313083
277988,277963
88896,89096
444806,449639
454532,454520
460416,457844
104792,105996
140544,137996
108926,108893
149822,144407
25996,23642
357159,357154
89213,89153
191687,191864
554409,557282
295722,290377
184154,184193
164893,162133
55932,55835
132819,126371
164013,161562
42733,43787
526119,528734
583904,582185
354466,354464
360913,360934
22427,21281
18220,18845
392734,396223
94470,94422
281993,283617
198887,200584
407255,407655
564654,577603
113034,112797
580054,580336
549874,549853
536416,536413
25283,24850
102116,102505
51514,51620
227441,227269
258413,218290
197163,202667
525927,533586
429709,423255
541052,540810
339939,344849
163287,163282
103675,103522
384455,383793
91063,91234
122684,122328
39710,36216
65976,66205
30804,30350
101702,101710
132588,132584
588432,587937
261623,265956
254342,253433
134519,134520
489090,486623
9437,9891
55333,54455
437296,434141
66769,66780
505778,503493
61717,62266
212773,216298
373466,373476
276827,276856
370778,370780
303479,305191
71390,71458
372195,332336
218315,216660
510390,512057
50365,50204
107779,107657
104324,104294
159027,158128
442443,442433
471901,468959
387278,386259
486286,486761
67169,62526
305390,307764
408665,410753
333191,331610
254404,253506
184841,184051
36227,43771
418040,418036
256361,255165
201435,201259
123804,123809
59691,59638
407772,407853
152204,147772
543065,543070
112195,108523
30546,34740
167133,167135
191066,191209
474432,476151
81133,80806
105863,105948
54401,54205
373467,373431
241897,242331
64660,64275
52025,60671
271504,272363
10026,11709
557572,565534
79017,78686
222190,221093
41133,41239
538761,539738
308157,304471
105752,105743
40150,40166
24206,23979
342097,345719
206933,203742
517484,517482
110238,110196
310229,309271
206646,210101
567326,567336
60264,54157
422637,415257
196177,207741
110694,110597
267624,267265
150446,150220
308570,308558
98625,85527
410210,410104
267806,268999
63567,70897
106695,106612
178935,176884
477605,473711
77231,77797
581299,580067
65390,65386
86633,86718
264869,264286
288673,294366
551481,553383
469907,466188
492636,494290
327043,327542
533186,533331
361738,361745
42657,43150
95490,95509
52740,52240
236039,233892
96639,95157
322730,322054
89540,88532
566149,566905
103030,104701
188862,185969
424016,424011
477200,478105
424568,424524
319166,325322
289978,289989
442443,443401
113822,113699
373414,373099
370200,372831
156954,163119
222954,215156
406479,407731
359335,364644
446831,442623
77627,77342
567666,571833
403527,403649
91234,91063
75193,74943
204901,205375
11431,12719
492572,503649
104149,103702
141731,137586
554518,553684
121482,122030
451922,454955
567838,572825
62127,60391
389031,389025
209261,209904
389347,389261
546710,546720
297542,294983
248454,246500
110497,113145
211243,212559
27158,26935
412859,418940
197752,192755
75505,75191
333667,333580
505054,511868
61494,61767
4598,7660
251502,249889
84176,84573
58441,55940
490948,494420
239418,241692
488470,486838
44696,44887
189507,189200
273512,273019
413256,406868
365955,366049
297117,298725
273427,271376
498270,498434
172328,171874
133293,133585
277861,280392
280558,281861
138531,162583
575433,575442
57595,58871
486436,484908
500845,499132
206209,210448
538761,538746
265497,261416
54919,56185
339314,339542
272237,272080
438810,440542
354973,356499
107180,106066
518690,484774
308830,308833
530456,530222
210183,210030
465558,465552
64303,64685
568385,568351
477465,477462
2455,2538
269139,269112
133890,138139
37592,37648
303292,304052
339293,337510
124609,124260
531635,535155
6334,8299
89364,89058
284941,288040
66620,66283
104745,103792
204372,204309
71424,71634
19824,21435
574704,574612
348293,349053
41294,42958
366673,366934
89062,88878
589530,589124
477783,479033
244261,244580
530798,530874
89785,90377
440349,466897
107366,110497
132654,136189
109768,110355
209982,208188
112498,112496
436027,435841
337050,339378
453438,453860
320137,322575
401174,401429
129514,128673
327626,327665
224623,227084
150072,149902
499381,467880
490484,493591
85905,85680
13277,15299
461308,460712
425939,418836
29348,30480
571739,570079
37575,38717
574954,573955
296070,328837
106964,107083
291911,280806
224842,226202
555092,553368
303572,301328
66537,66540
576109,574357
551482,546684
555344,557753
116818,117976
100561,102790
211633,213466
237371,237674
498197,498173
43460,129757
94344,94338
141057,139124
561695,525238
389757,389480
573936,574177
558682,558437
401535,401542
362299,360523
94265,94395
262877,265107
163683,163691
104988,104569
168908,168133
232963,232299
161681,159256
122386,131401
87451,81873
130372,130127
162714,160981
12917,8832
271728,271831
315459,314972
415628,415506
107342,106988
378343,374446
99408,102945
378712,378450
82079,83046
359074,359850
69474,69485
52627,46886
89266,88737
510416,510489
173239,167356
80660,80854
107985,107969
118015,117957
507744,507737
159618,159779
585154,584464
92076,93466
586912,586472
362996,363214
393445,394087
110063,112584
82277,82630
453297,453307
267493,268821
446519,448952
317994,332863
129757,36431
363863,362018
356556,356410
252173,252461
195515,195516
270155,273679
476379,474734
82845,79300
110805,111127
452420,452630
127225,131969
546130,545179
82252,82169
106334,106366
401685,402909
527290,527313
327541,327771
87689,88187
229821,228604
290260,289836
459335,461770
368806,368817
300937,302109
110070,109567
63649,66875
453784,457343
263915,263903
113913,113978
17572,17577
98903,98598
482314,482318
297613,301831
200653,196525
376025,374396
102620,105529
44006,44117
282816,281082
409873,406256
39028,40306
319643,318066
108565,108540
369005,369003
375545,377327
453403,452524
477462,477461
462244,471766
583419,520292
331156,328517
465511,465629
55540,54856
215347,216371
243272,247423
388972,393332
359335,358927
263460,263457
305737,320277
510617,511205
6165,4064
97150,97068
469297,475363
441017,441868
245563,243451
62357,62707
112341,112459
121013,220346
125855,126016
314354,315278
516186,514898
390167,372195
57076,56643
41259,41729
464398,466368
85499,84939
133991,138272
439908,438212
74931,75053
373431,373189
532310,533123
85039,84954
80192,79152
316917,316932
521475,523647
297540,297141
201436,200653
457343,453784
538910,539808
65394,65348
453872,453860
490947,489448
95206,93900
64259,65194
158769,158358
252907,249102
566975,567083
54832,53183
85142,84678
274684,274313
527991,533455
177255,176076
81994,81997
66382,66549
386998,387080
377134,377539
51891,51734
520860,521815
336565,334691
415447,415284
185405,186136
23434,18727
48188,48427
206646,206641
357404,358010
101724,101660
302973,301831
87179,87548
512572,514399
114395,113939
50002,48465
182848,180109
55940,58441
162750,162278
75429,75440
458694,459335
526638,525628
296246,294970
526908,481166
468273,461510
457005,458595
454500,453162
119739,117699
197615,198363
298548,299293
65317,65770
70542,70212
474522,473068
518742,517154
286574,287292
519328,518941
289836,290260
402674,400553
97206,97029
400220,399781
312457,312790
366049,365955
519653,519640
266493,263369
61447,61791
256496,254992
465058,468722
110215,110269
47225,47366
160403,159070
248344,250497
569483,579471
288784,287488
271520,272148
287320,286866
128920,129788
278428,278424
96485,96491
109596,112075
441090,441028
495239,495242
515783,515819
427678,425681
186244,186035
340254,340408
139940,139956
340408,344258
227084,224623
481669,484190
215405,210096
118358,118377
605,3279
439776,438098
49069,48902
581980,580643
533336,533332
71582,60410
182276,182245
2735,2422
457086,458694
477931,472783
69269,69110
416276,417447
522377,522285
484037,484787
543291,542395
390101,390205
112581,112267
377104,375662
12174,8377
69999,73278
74089,70241
281234,275059
418913,419215
259469,261724
70803,69316
243040,243048
81117,81537
419203,419728
44800,45564
561750,563393
566339,567594
151342,126201
201259,198860
364338,364785
161740,161690
554896,559201
402444,403742
242331,242709
87716,88347
24054,23883
311069,312431
387158,387151
263166,262876
572773,576811
177385,177409
148856,151346
104821,106259
320325,316050
224307,224998
58322,91203
486070,485821
300922,301262
520174,520145
17313,17316
47403,46593
167528,167534
117272,117259
476307,476335
584863,584799
268587,269485
25969,19435
176839,176495
9728,13053
89614,90119
28784,27541
43798,43794
368236,366950
189648,184012
319003,485040
26995,26597
33803,33046
194702,194988
572167,567336
509687,507945
133030,133821
442303,442218
11446,11848
188862,192121
314777,311089
454489,456734
91603,91851
328548,330129
114446,113851
584727,587920
78599,78581
247462,245906
391345,392610
444075,444282
332321,333020
482223,481021
157950,157932
27660,28276
135218,135948
333574,333580
530112,530119
545379,546818
342608,341351
58243,56116
40420,39092
59249,63215
273193,275709
228887,225463
521378,522990
581024,581580
181760,181791
511531,512864
106271,106312
266654,264954
380910,381913
332672,332846
182305,174128
49083,49552
67820,74086
291223,291117
114868,114432
484195,483496
155565,158404
81181,77952
589116,589191
418346,418981
108016,108623
262876,263166
243725,243718
109754,119024
312333,313209
17613,19916
198042,203584
586424,585972
567868,567865
44172,42775
373613,373744
218023,212909
111352,111890
288200,288673
224806,225155
108269,108106
43850,43663
99546,99473
100649,92919
435708,441780
263457,263454
548304,539738
242115,242116
105848,105939
243775,247753
177181,177227
556828,556829
39436,35649
255382,261623
22373,22285
472426,472785
135547,136499
43596,43150
98397,102245
458487,458483
110786,113707
107257,116811
99326,98544
511868,514811
555104,557973
421743,421719
516894,507524
113741,113714
84678,85243
91298,91833
246475,246837
390205,390101
484774,473484
250157,262442
56782,56814
574886,575948
428965,428350
70065,72882
305526,305025
240745,239412
108468,108450
549048,549065
93960,93466
574330,572468
184943,184145
117038,117026
77088,77418
562795,563547
558994,559547
199017,199022
409136,409374
116386,116282
250904,252634
121273,125832
395479,398168
69656,69048
171874,172328
312306,313159
101984,101724
168854,168893
179459,181290
86616,86636
396386,391675
568814,568385
83361,83304
320119,319312
424019,424016
478201,478178
558251,558284
239136,240105
52025,47656
205624,200997
12302,11245
300790,299942
216227,217293
163619,165052
105811,105201
556000,556528
366934,367384
213052,213166
584456,584772
90484,103885
242714,243659
115436,116042
62789,60463
103389,103563
434767,434785
163699,159689
505433,503358
386032,385666
38367,41301
510935,509771
21833,20330
101342,101802
136314,130429
34154,35263
95345,95568
537891,537928
38925,38946
166450,168160
356018,356010
477373,483758
100073,93727
65583,65783
81003,81034
20035,20212
499885,503120
386767,386771
493961,493981
556528,556000
491412,492383
336023,335244
432376,435442
445326,449415
233241,235571
88379,88317
88212,85171
377835,378903
287216,286222
276193,275032
36620,36553
501757,504856
101498,101510
495236,495239
101632,101510
313592,318823
401983,404851
91212,92276
37759,37765
479235,481901
366942,363972
284044,289748
472535,472541
49552,52579
36999,37488
450899,452446
117105,116772
186061,186037
211331,210369
43181,47824
36553,36620
558408,555503
142406,147772
1951,3739
508614,507760
287225,287250
233892,236039
196177,196149
180097,180101
127499,130800
137220,135337
272282,272311
549415,547359
145187,144401
220207,222785
106706,105732
108571,103665
353933,355030
499457,503157
405470,403160
493283,501757
390101,390099
413928,415467
70392,65519
516032,515427
11879,12295
269300,267074
538711,538716
429091,428810
559200,557142
401034,401022
239436,239271
568428,568162
318066,319643
409374,409136
158205,158831
37336,37392
374077,373744
547775,547800
269981,270791
112409,112404
128974,129463
115628,115490
256533,255787
282037,282043
248493,248315
547230,549582
192477,185919
43781,53184
95820,95139
113793,123219
78944,79127
239561,239693
117149,117154
14613,16224
159549,160983
441100,441131
108994,108978
490855,486667
374779,372457
212983,212219
24297,24262
409457,404020
215885,215783
234740,234711
80781,81027
538748,539267
118681,118418
145187,133342
187301,186980
47734,47351
114142,114489
397112,399431
304611,303952
529208,528133
353746,353944
544047,543631
84524,82955
300408,295219
376831,375477
182275,184626
168738,177501
111944,112559
56392,55747
117404,117807
200992,196615
211593,211522
305960,308542
403688,403628
109324,109216
503848,503854
76722,76745
495880,494565
519628,519640
173084,184576
97176,90454
46311,47268
105918,100268
442748,441573
76572,78090
415820,415814
262683,266668
546018,539465
44447,44460
253231,252907
84420,84429
141179,146152
494788,492394
184482,182622
585451,586101
60207,59779
579471,569483
318682,318665
30058,30861
552583,552922
583617,581250
452630,452420
533433,533322
302829,304471
418734,418799
552867,552866
499360,494177
250318,253102
42330,37392
213774,205072
483758,483766
47663,47029
39122,40322
477462,477465
395553,385850
290127,288506
32511,32505
301831,297613
233749,233830
186674,187874
98271,111850
383362,388494
548310,548307
523877,523883
171607,171586
539691,550577
329899,332514
163282,159027
503921,503661
236397,237635
201357,201145
412515,413818
147357,144021
18732,18626
551149,549078
55719,55333
268405,270306
40569,40882
507524,507272
263380,261199
28249,28244
247423,243272
107501,107616
543133,543131
212788,210251
44132,44128
10672,11626
138914,141390
505229,505217
465630,464900
274018,267286
92782,92385
77375,77369
131304,129365
87023,84811
381742,352030
454638,452966
301474,302963
269425,292333
119670,119684
9728,9727
116132,116818
79836,79470
348456,348324
543289,538517
400754,400339
364048,364059
64925,65008
52618,52602
486485,476270
344269,344261
528314,525760
108715,106477
571099,566771
26319,26263
23481,20590
327663,328517
116019,116890
127405,127408
80894,84234
467254,467951
271516,271495
53952,53881
159783,157138
352090,353099
127157,126525
439174,405470
48055,51261
110987,109995
157075,156449
57765,70134
152666,151812
110338,110488
342311,342326
515366,544798
142762,141906
300332,302876
284285,285248
366239,365302
25525,25412
130846,152541
396242,396088
487950,504174
361341,358222
81507,81027
218844,218838
4165,3680
366371,366360
251846,248984
412148,412922
269737,270838
122053,122386
29249,29350
508126,507581
106491,106493
12307,14061
427914,428810
249673,250117
305701,310830
542512,553080
6778,3731
20099,20091
58960,58981
128175,131890
516606,516614
482084,484251
546950,546939
104859,104193
210038,213711
47757,47766
181290,184312
87760,87200
75617,75979
105420,105923
30758,30630
573976,574145
4854,4440
530789,530121
374779,375116
421134,423604
550439,550421
84101,83441
326666,329134
57840,58145
26632,27220
529502,536716
503910,499501
532468,532186
343781,337211
492553,492572
206568,206791
486623,500392
227147,227554
428357,443635
427650,430187
457223,457225
68471,69642
391290,391134
92169,92156
270422,269331
76229,76088
260656,260887
114456,113874
65831,66613
45146,31279
82277,82260
438098,437096
104154,104107
64259,64206
24333,24992
47410,45698
97376,97308
300964,300553
401176,401723
223794,227450
221635,221900
101061,98881
24070,23077
137848,137220
159096,158896
462609,461561
63431,60792
241237,241220
393804,394185
64273,64262
496319,495931
358466,358792
96394,106259
11866,13997
195575,195547
240468,240665
69235,69233
103885,90484
32979,33004
556850,554685
459428,457427
395738,395079
558284,558289
125757,190992
286222,287216
491097,490632
259873,266237
537940,537928
140049,135610
77259,77491
580866,580864
286029,283788
3062,3281
56392,58890
464969,468871
210755,210183
582531,583812
543838,543752
146785,146505
262918,262912
470673,471446
31497,31587
230028,229974
262323,264954
305105,305694
582964,581600
425006,419013
327541,327535
545173,543563
398547,398428
135905,135916
124016,124023
166060,165588
299942,300790
266788,267806
480792,476379
580639,580834
275646,273631
103477,103975
78510,78863
538881,542292
46187,45807
90107,89601
911,924
371800,380944
510390,509516
95963,95795
451074,448586
236068,236039
74525,73995
108581,108248
430884,429446
421792,419603
180485,181230
261596,260787
117296,117178
575382,575110
44857,44976
58600,58585
111944,111648
85207,85457
82956,82762
271431,271438
393633,394921
444290,439097
248956,249110
46078,45998
113953,114406
104745,104792
413827,409457
381366,381355
567868,567869
246671,246804
344653,340494
351317,350574
513881,516053
263935,266466
394087,396380
424016,424019
95139,94886
51223,51211
336039,338762
473484,484774
444175,444196
438983,426870
261463,261523
370647,379944
318593,318463
226202,224842
393885,395091
31575,31307
132654,132062
107915,107366
543916,546131
135727,150784
537483,543531
55165,55981
302214,302698
444205,444196
439312,438049
407861,407366
118442,124017
37327,37336
377968,377879
182943,248808
486761,486286
99987,98765
41481,42548
567871,567870
316552,317806
358993,359007
109346,109487
512864,511531
508623,507259
136710,136715
38110,36038
308815,308830
560011,559992
578375,587920
182306,182707
323765,323378
132984,133239
319332,418320
83540,83431
293129,293029
347753,348290
520539,520544
582327,574719
401121,401158
48780,48429
510185,510617
538956,549045
480127,481063
102068,101560
553071,546018
438212,439908
18435,38258
114678,131680
284416,284710
525638,524473
105201,105811
265023,269112
221613,221633
337657,342721
93382,93159
53609,54941
176757,176582
12703,13232
57133,57128
115676,115856
567336,572167
197554,197046
33607,36037
213485,218663
427891,428936
112695,112534
99638,99630
174497,174713
539196,541311
301980,301981
123313,105918
110379,110383
27220,27524
123024,122030
198371,198365
215405,216626
333810,333599
92575,92820
183894,183448
106822,106716
457783,457797
159359,157993
383063,383812
381993,383144
373744,373613
200417,208360
183448,181826
257353,258079
454522,458622
76948,76690
296015,295793
72882,66757
535801,530593
52442,49721
365070,364283
237431,237441
389480,389477
111072,111077
203915,210457
515427,512864
277669,277681
43750,43784
92672,92729
428171,431339
276971,278282
68240,68715
230615,231289
274684,254992
174128,182305
268828,269177
419215,418913
23896,21560
497934,513852
554930,554762
93630,92590
259469,256361
396675,397853
134526,134520
65386,65168
171924,173013
579471,579473
522271,520259
38367,37601
97686,98048
88925,89123
66433,65660
188301,190021
131846,131715
567865,567868
111138,111673
19989,19012
474522,473800
577413,578112
60391,62127
469971,470800
466664,466369
81859,81857
37575,31370
205540,208687
481558,484048
359271,371781
547074,546818
389025,389031
263454,263457
203591,199914
387727,387947
450148,450141
145028,144883
492037,490829
182452,180625
112620,112443
249357,245563
46425,46352
229168,226648
395204,397349
585154,585493
533057,533764
36376,38751
29537,31299
324427,320277
542070,542910
525645,525107
110533,110529
272468,271865
139590,147099
370768,345485
57715,54314
505671,504279
447010,444741
205904,204372
103975,103477
226288,226202
341356,342285
87456,104698
298168,297659
471585,475637
94349,92946
415860,415864
26683,26597
70897,70838
253758,253075
1938,9411
214540,217331
84570,84647
30031,28935
299054,297994
457259,457260
191472,192365
8123,10569
124907,122799
317167,318914
263454,262786
118330,117976
272316,272517
72483,72338
332113,331276
564881,563577
135186,135184
229151,228252
463593,461924
130086,129690
362714,362920
107545,113690
270590,270582
506387,504337
83848,83857
548307,548310
282032,284415
284232,287522
46844,51118
53406,53374
260946,257782
231950,231287
114182,110993
383257,381932
490394,490328
108428,108681
332144,332817
80199,79847
237635,237784
39215,39201
549048,549045
114204,103962
165109,164647
58405,59516
350329,350580
395690,395766
231289,230615
166737,166582
70975,70989
131922,132654
197354,194787
60414,53414
529152,536394
11626,14268
269847,269854
103246,104070
572976,574064
456734,454489
365795,365802
27211,23170
566771,571099
449882,451905
106546,106741
254356,251168
159879,157171
92946,94349
271350,272282
513128,513458
458878,458603
524473,525638
374927,375020
161811,145187
287924,287525
490122,485960
49072,46362
435532,438419
270746,269485
548522,544410
77290,75946
395051,393698
436740,435264
453655,493992
549652,550232
10187,15372
303310,303542
185688,184763
126976,126980
306489,306475
471887,472001
344389,332532
526235,527364
4237,4231
396274,395897
68240,68207
371041,370666
193530,193539
363949,362768
14099,14076
520132,520145
513401,517888
51192,51179
124728,124182
572773,571745
236166,236147
323765,324427
46906,46198
422833,421008
93466,93960
158831,162977
522614,535955
72165,71869
474681,474692
89096,89251
530144,532186
6204,7702
404463,404754
107324,107492
267155,267149
546027,546407
84670,82947
521756,516861
267354,264326
369551,379561
300365,298722
388262,390631
458719,455832
15432,15689
505832,511849
137568,137586
126747,142338
531240,528975
442194,440831
124095,124023
486186,486191
12295,12608
394743,389865
585403,586278
113874,113686
251983,258924
58890,56392
152113,152795
536586,536568
448281,449560
270596,270590
172515,176140
130439,148623
308811,308551
252173,250538
188120,188138
562815,564396
106894,108042
80765,72874
518695,518447
312039,313039
362828,362996
177409,177385
448295,448303
103539,103570
588341,587378
405542,408678
404971,395091
101803,102260
440349,439712
310912,312187
544134,546156
99269,100970
485715,484461
182848,183634
217402,216666
339564,345446
115918,115633
162318,161420
269764,268851
90527,90193
247739,242006
67819,68014
470151,468276
117110,116856
504614,499500
427041,426916
106366,106744
415847,415844
428356,428354
72236,72138
79063,78829
406804,407206
536445,536416
324452,323881
486182,485751
306610,306615
467979,471889
8206,7628
275051,275059
92320,91390
368231,363656
112657,112620
107254,107125
508402,509815
515819,515783
505054,498967
381198,381181
470151,470854
203610,202144
302073,301769
23283,27239
96144,100073
51062,50360
464353,464271
567703,568343
121577,123645
46187,40066
569949,462800
174128,164240
86894,87200
588021,588580
3237,4064
385287,392794
50719,45833
528685,528314
75328,72900
187020,196301
172324,172975
434815,434729
41208,38258
111349,111332
82047,81347
276264,276704
106707,106716
360934,360913
97011,90343
64046,60264
237209,237194
62747,62742
407705,409087
48588,48666
584410,580866
584377,584890
87958,87433
132295,130576
537725,535095
17050,17048
136722,138421
355904,360480
493871,496243
445090,442807
505763,505401
554685,554346
262403,262820
297403,300665
378077,378713
424969,424962
62119,62742
286262,284501
82169,82252
86544,86524
563528,564774
124393,124916
253244,254761
31644,31587
537266,536624
475770,475683
113457,114634
37305,25979
548668,549338
221888,221871
432933,429005
117233,117234
87955,89363
218742,217573
543983,543305
48835,47738
85418,84584
463494,463502
258259,257299
9602,8710
294829,293129
117588,117583
419807,420818
524215,524043
299540,296037
96168,95800
10788,11431
116937,117249
433715,433713
367146,356858
309789,312744
557183,553080
305312,306475
282226,284525
242114,242115
91051,91830
106974,107702
119965,119986
481166,526908
486838,488470
90722,87575
570381,571477
303129,303133
407783,409797
109741,111041
545806,546623
292934,287601
525988,525369
533522,531922
110868,110738
239412,182746
269043,236584
116705,115936
322588,323114
100122,99991
425046,423572
112003,110488
123809,124598
424419,426857
87681,92496
217415,217733
303266,306413
332547,332111
446769,446480
173239,127152
313209,313214
357353,358968
12448,12449
75734,81537
318730,319869
91973,92919
169994,169800
281747,281591
321411,324777
91203,91954
60684,74837
529756,530144
105546,105558
42143,42486
217878,217965
455267,457223
125067,123758
319003,312457
261560,260655
249107,246734
111821,111140
556260,555925
488006,488652
562215,571732
506301,505671
48335,48033
292415,293155
84623,84739
281462,280452
421555,417653
432382,432903
141850,140114
330596,329253
315177,315166
78166,80964
111169,111335
254460,258127
482236,483521
540227,539292
411492,415257
78696,78685
89177,89326
228520,229247
513722,507220
83053,83317
43722,46198
291121,290096
268849,268851
206247,219828
113053,113051
233056,233063
105347,103762
347701,349043
353437,353435
122871,115242
105201,104876
108547,109235
174583,174515
183242,184853
115105,114947
77543,77551
130357,129860
96766,96875
107547,107808
120899,119317
549912,548844
446711,445804
148901,150589
470379,470361
428357,359157
151503,150478
165123,175765
216917,229967
582513,582029
536212,536221
402087,403735
416157,417739
109395,112311
269043,310922
384358,372760
83972,83950
31397,31657
372303,374915
117805,117222
426070,425829
26059,26557
535256,535251
536556,538101
569168,568816
502521,494522
291902,291926
157935,163032
73900,74086
44204,43982
165432,163287
394808,404625
66510,66531
519792,520051
449346,447280
390994,402083
191864,192787
94437,91213
243451,242724
560580,557725
528448,528401
369314,369638
174441,176636
382330,381198
404040,404625
79017,80284
238667,244067
90193,90026
69064,68981
42066,41729
281903,277780
325099,324741
527332,527334
75360,75632
421660,420135
587915,587756
213711,225321
191823,193671
539292,538878
102507,101694
182554,183781
506975,503358
442218,442303
18714,18697
467979,463489
288267,290200
528586,528469
153954,154253
95185,95182
451925,454489
330675,316177
350678,355089
491891,494041
21565,19263
257074,257304
162133,164893
426424,426410
135393,135398
41445,41745
43008,43285
382686,382283
163945,164104
89259,88949
484908,486436
160981,157568
312536,312479
246571,249102
393374,393375
401654,401438
436234,431527
458702,458568
279026,280772
150634,176324
46028,44976
584018,582088
158734,157624
338715,337719
2932,3322
110563,110533
176188,174027
170618,172556
120661,120655
55547,55421
168160,170322
116937,116875
222930,222934
137020,137057
109795,109614
420307,421706
108523,112195
325268,326508
157568,160981
120693,121482
6548,6579
73369,73132
302252,296070
242709,242331
516053,516392
489311,485885
579725,579854
251892,251888
223509,212788
267149,267145
531156,529684
206793,216501
276420,278801
91973,96733
565534,557572
56548,58712
361738,361733
95353,95226
20207,10287
449538,451989
201005,200992
151068,150497
18923,18900
28645,27045
500901,500905
103801,103812
272793,273991
588580,590053
86616,86486
110228,109980
101627,98304
136888,135924
514866,517717
401034,401059
83946,83615
300686,294366
90919,91821
425291,425257
94349,96817
404443,404454
483023,483019
473711,470019
75255,74870
123723,123645
145673,145593
455368,455211
198157,193826
27375,26265
473484,483599
392187,392740
183122,184051
256036,255957
99717,95501
287406,289684
160307,160312
439482,439379
32713,31523
106427,106488
412731,411038
166176,161823
63989,63491
33046,33803
394185,393804
214657,216660
382891,381562
96414,99483
20290,19292
375800,376518
78112,78260
25174,25915
427601,431110
210045,211105
64845,65519
389477,389480
114198,114458
80660,80545
137309,137404
64473,64600
29714,23434
93496,95170
215008,216486
77375,77593
83342,82672
498142,497887
521258,517767
205185,205256
294023,294979
260843,260774
220884,221612
578550,581673
201038,200619
257976,257581
441142,441178
175656,173013
10569,8123
504837,504809
44964,45040
363020,366093
368790,370069
136660,140499
455480,462702
105801,105786
59638,56714
115136,114983
465006,462799
493611,493610
412396,409731
152330,152892
104161,104184
85171,84839
538648,538857
58971,58321
124012,124016
584135,584125
179833,181218
317741,319784
78065,78174
363616,363471
569675,570875
368437,367298
313890,313977
134299,134791
56106,56113
25881,24167
473618,473829
488405,488413
427862,435691
28601,28249
441457,440542
538448,538745
92775,92861
504162,504215
27716,23362
371533,372771
196950,197046
407864,407861
320726,320730
109276,109346
241307,241595
427044,427488
378386,380279
562588,556100
498692,497848
126694,123059
340672,340799
84357,83901
258293,258280
309614,309818
494464,494720
147684,143164
81269,81271
133842,131239
440151,515165
171314,168927
212821,213485
244619,244626
137057,137020
433000,431223
480516,480305
290127,290771
247393,245561
211766,211755
415485,415483
189492,189683
2369,2327
338408,338407
107637,107164
171794,171607
530874,532146
256896,255473
483179,482540
544401,544410
41745,42013
558359,559893
551840,551857
128926,127336
187858,187337
520406,520397
402214,402219
37143,37735
96639,97320
206274,206568
369611,370277
151426,150101
110332,109876
291772,295130
31292,31326
389417,389427
308157,310501
273239,273220
197936,194713
142398,144215
245571,245207
85005,84606
49010,48684
27336,38685
522377,524741
15432,15372
304168,304171
551887,552211
423305,427452
188789,189135
537995,537725
178552,178854
220907,221035
221041,221035
80894,79599
549045,549048
238655,237885
184626,182275
507749,508874
224761,225046
225361,224287
328914,327752
183703,183697
439089,435436
304666,305737
211647,212547
111913,111941
568351,568033
458302,459899
449159,450680
40747,40012
236474,236309
444556,445238
11228,9046
69048,64935
411038,412731
103277,102903
167955,254940
434141,427488
31389,30804
266668,273264
118216,116538
260134,258689
261051,260835
354264,352578
527364,530657
495658,499455
102106,102129
66276,66274
542301,544596
406831,410271
190665,189404
85152,84736
516679,519812
30352,30003
43784,43750
179481,179020
429574,440900
494028,498167
248946,256241
32420,31678
368438,364437
20091,18732
316354,317077
525508,524303
117479,118099
104860,104640
201280,199644
181191,181337
574719,574290
344277,344269
263424,261560
46033,45564
544183,544926
327035,326244
68891,68626
108825,111865
285229,285224
139936,140413
468243,468235
166247,164483
560482,562216
370076,370069
52740,53277
375001,374973
464271,464353
435419,442710
105801,112633
97463,97395
91214,84524
127634,127765
328837,296070
112913,111734
112137,112267
45342,44491
105948,105863
25996,26265
72986,73049
247739,258038
261560,263424
196525,194319
433000,433614
75124,76217
145686,145184
213248,215347
186690,186647
203599,203516
70045,70065
924,955
206793,208235
570282,576040
119317,118076
221900,222235
103665,109645
499276,497950
38395,38391
260319,257747
168544,168596
508874,507749
33803,33892
484019,483632
499429,499885
460322,459276
264954,262323
573368,585548
276085,276264
98548,101888
100211,100626
87185,90041
277840,277974
316221,316227
111335,111898
158404,155565
177780,175131
280806,291911
470906,470954
531450,531448
536875,535012
581673,578550
103136,105113
266652,267067
433713,426450
32769,33389
572484,572561
19959,21116
415844,415847
74185,75735
556191,558068
496858,490553
105807,105711
9497,8623
555485,554644
482092,481949
137660,138094
522614,486485
232937,235335
327542,327043
330298,328153
389768,386517
553179,553181
119288,121013
66720,64973
567758,567062
351851,347432
240264,244978
327521,327859
38896,38110
339543,339527
430490,432239
357455,355842
246137,241727
240665,243043
85457,86474
132304,131260
473618,473589
180848,164569
54609,55303
15641,15792
500121,499549
218064,216789
300696,300693
543716,546027
16049,16526
249612,246092
28276,27660
552515,552211
257976,258764
123727,122802
60410,71582
520028,520444
213832,212983
25066,22788
459841,456962
114583,114489
5825,6076
345468,345053
246804,246835
313165,321509
579954,579963
199763,199739
392573,393288
138173,138382
76572,75927
88925,85480
35768,29799
370616,375996
401772,402789
588976,588821
499455,495658
100294,99966
579790,578212
164848,176877
551615,551149
217134,216989
408252,407864
550704,550703
540847,542895
221041,224044
44802,45090
122721,125636
45926,45240
258397,258339
102143,102442
507272,506067
108978,108994
175131,174859
558203,558359
357250,358149
101833,104653
260281,258207
96373,96372
58331,58339
141112,141023
493263,497038
415935,417118
100192,100547
313996,312472
362996,362828
195410,192485
66029,66023
77730,77865
301059,301363
241829,241897
470800,470906
81086,80468
568891,569427
55564,64371
135340,133163
582795,587865
259443,257242
278144,277393
95991,105072
113625,113714
425059,427542
388743,387098
415388,413700
432044,429157
267354,270319
402387,402391
61759,61329
421443,421043
417768,415462
332713,333105
489477,489481
303036,301930
350007,344308
328831,326672
481167,477230
152306,152205
409850,411521
498967,498407
359071,363972
1938,1930
2991,4903
199047,201476
197039,197041
83030,82965
525628,524761
253276,253175
475363,469297
380214,378657
232154,239717
516186,516606
272016,272530
75428,67768
171829,173110
118562,119513
168596,168628
10788,9772
133896,136710
449282,446039
140368,140958
547359,549415
107702,106974
108158,107779
409479,409110
484508,493272
126201,113435
210448,206209
150478,150151
577357,587182
408029,410638
168360,167755
573976,573942
365302,360937
67447,69921
247666,246424
147185,151253
80084,79987
547359,547321
114973,114995
318597,328285
79152,80192
427017,427062
476244,476643
229640,221874
261376,345536
7090,7159
184353,184184
17475,2816
546720,547721
77562,78118
102790,100561
75836,75833
109673,112257
249071,248667
41076,39892
229967,229974
580834,580639
525369,520820
523571,511277
76234,76229
117514,117398
329961,330103
585424,585472
42978,42968
472426,472423
461561,460853
196322,189374
133585,134299
246578,248667
461778,462019
84061,86417
252902,253983
405892,407805
177196,180721
176906,178673
109566,109111
496968,500338
78453,78423
431031,432593
349165,349161
225221,242108
115180,115176
51243,50507
394539,394552
102154,102147
212520,213563
105162,105198
429986,520227
81711,82561
134520,134526
460286,455942
205855,206641
549045,538956
468754,464056
417099,420751
533892,534787
328480,320778
101710,101702
67768,67736
401438,401654
72793,73056
443237,438662
154852,155570
174713,176871
88612,88016
484251,487259
314342,314345
113173,113379
10287,9411
336144,337361
243753,243740
94398,95908
22273,22176
329099,330972
81442,81366
250157,248793
62225,59578
486667,479037
587417,587430
132586,130733
120723,120815
186769,186783
477784,478228
286029,289196
381494,386488
520539,520528
219351,226142
100561,99936
266875,264754
368556,368553
130357,130429
357163,357241
585941,584889
481167,486976
101608,101559
319964,328006
490829,492037
90316,89363
512335,516223
369315,369894
251722,250355
64600,65853
543318,541553
348313,348624
253714,253698
524741,522377
364644,366950
519375,519393
540869,538092
546684,543531
545397,541108
380910,380909
202353,203700
474581,473530
527720,529571
366201,363949
428810,427914
174491,170718
418320,415467
585301,585444
388928,388972
493992,453655
118562,117366
286703,286241
6609,4955
7567,6910
475637,479403
49051,49010
537753,538517
100970,102160
258924,258397
188101,188120
120074,120072
63555,63471
98252,98309
517599,519034
45205,45240
32017,31853
164602,171858
121653,120802
51588,50197
85005,85281
116856,116837
583419,580525
495138,495823
193777,179787
584610,583617
400323,399552
68471,68447
201216,203449
587836,586339
395687,395690
277039,277269
271499,271503
152795,153739
449834,449831
111752,111759
229530,230297
298775,295501
286239,286241
110416,110383
2816,2485
393885,392794
230028,234711
280660,280520
235110,234149
531783,517840
82106,82149
36376,30680
238799,238847
30987,31499
300203,300199
405977,411058
103293,103522
184295,193709
499549,498947
92392,92672
111648,111944
516700,509687
162662,164463
342733,345040
47060,44282
461925,464056
116875,116432
165508,167718
177416,177409
473620,476083
165725,166255
436488,419023
94715,94839
91241,91234
221720,221543
390260,392187
133429,134241
14293,14568
135213,135218
226024,227103
354320,353720
553877,552503
182889,187965
304181,304811
367268,365368
226945,226924
234781,229089
426862,419045
45998,45895
97705,98408
447523,454924
150591,150593
216666,215047
30799,28549
69634,69224
236581,236584
286890,285904
290862,290725
3322,3487
245571,246500
18879,31279
434932,435003
212547,212808
96238,96175
238960,236431
351714,358919
306558,308503
42062,41269
263295,266147
382023,382053
84917,84739
26645,27228
393164,392740
498513,496253
54163,53203
206274,206117
435226,437328
432332,432312
297651,297659
77666,77693
365328,370778
560947,558682
217536,217508
384765,382891
426048,426021
261341,261352
106477,105347
169877,170565
267873,268095
115203,115217
62373,62375
126028,125668
64159,60015
41734,41746
507681,507380
507733,501154
111283,109805
8113,10050
357250,356783
10470,46352
56269,55520
536883,537134
423001,422833
457361,456366
304171,304176
71783,73816
530380,528288
333108,324614
28522,28123
150399,141458
16234,14269
58981,58960
132601,132600
70630,70612
67029,65734
99071,100268
198292,197845
306188,331900
511147,510878
162777,162560
97176,97208
208716,205508
493088,487161
73181,73195
112499,111772
120095,119957
250084,247433
274604,273519
208590,216134
519978,519983
19292,19285
507074,503157
124182,124728
64685,64918
67245,68368
367921,367305
359927,360013
508139,510836
573344,573744
434786,453755
95585,98881
114208,114268
200296,200417
253251,247481
82506,85437
25585,25638
157803,157713
110238,110432
117810,117277
267513,269764
371445,370808
108205,107438
110011,121006
84429,84479
366465,366170
562215,557001
577322,575697
135124,138746
375878,376189
57078,57082
486623,484218
55144,54848
537214,536442
514399,519119
241588,240603
30058,30044
289354,283444
39049,39431
108727,109590
121273,121258
72543,72483
179214,167086
306615,306622
45056,45040
486306,486389
18879,10555
218827,218793
566285,567783
14631,14911
527434,533553
310273,309940
373169,373181
377907,378259
78918,78646
88675,87566
487289,489690
77693,78040
176174,177305
516614,516626
396675,396629
282070,283431
542949,545254
537268,537563
114204,114229
422322,439378
18403,15298
458603,456446
249673,247393
445851,445841
79216,75428
228500,228520
336621,336120
414817,425834
89194,89420
245682,247433
72515,73013
182112,178771
224928,225511
56622,52627
294957,294961
105852,105889
453877,456424
322135,322588
207324,207070
100474,103834
580240,577245
330038,334111
203454,205185
75979,76088
475893,464847
117277,117274
537266,537466
142941,143223
393186,391911
76170,76033
393884,393939
533948,534374
536556,536552
111059,111041
580336,582029
395317,393154
128175,121006
563528,563522
151812,152666
264360,266418
71869,71868
311178,311964
312790,312457
215728,215734
37735,37143
542390,542391
241397,244501
158008,158736
523877,523200
455170,469191
232937,232306
51651,45984
127311,126980
185708,184193
383047,382673
418199,418091
111941,112196
242673,235781
178952,180536
147171,145777
477022,472672
124095,126235
151346,153401
582779,583335
381696,377417
38167,39028
35307,40012
301982,309476
101608,101803
446017,444708
71871,72829
6244,6256
420135,421660
419971,420505
110592,110369
123790,118782
377539,378077
258924,259796
404860,407702
44117,45392
163571,161964
109829,109794
37888,37869
585072,585451
223275,224696
182279,181596
464900,465630
419639,417672
84573,84579
243335,245648
23973,28125
127765,127634
203904,199997
342187,338440
247481,253251
506067,507272
13502,17613
250996,247997
531673,527389
269241,265653
358149,358589
444196,444175
24626,23378
111767,111746
275032,273889
415911,420135
314777,314785
472783,456660
364100,364074
62245,62247
575968,575382
162279,164808
81347,81052
191116,192744
87172,87179
127259,127250
385666,386032
358137,338176
109940,109759
498563,495242
537788,537792
552503,551534
136314,137561
221207,221842
64645,63880
480004,476083
364283,365070
401982,401983
427581,427537
447194,447046
561710,562616
29694,30064
22380,21565
78506,78649
40141,39431
451999,444486
484213,484200
309502,342255
447157,447164
470800,469971
443953,448338
157617,156850
98566,99601
198692,200997
64925,64809
150497,151068
561918,560286
265713,266083
19463,19948
333411,332909
197567,197589
289196,289197
315891,313442
106977,107366
105692,105578
114647,114746
53724,51223
368357,368424
239271,239436
379944,383362
47060,47909
258626,262851
580240,581730
539132,541607
464232,464271
165183,165169
109146,110786
292464,303068
123788,122737
171968,171230
106707,106700
251168,251166
538092,537906
335376,335344
510199,516191
90414,88824
17313,16503
288694,289844
579904,580067
435869,435221
234519,236129
281232,275997
543867,543919
232718,231950
203591,215552
186070,186061
414055,414827
206247,205878
374877,370780
289199,289198
309110,312306
297540,297914
71869,72165
13950,14018
37488,37563
243688,243694
51661,50002
24699,22380
77745,75786
538597,540242
395479,391126
75463,82079
42775,44172
344242,345328
89419,90319
132631,132895
394346,401598
77693,77666
94886,94294
253405,344059
302526,300626
448338,449220
584085,578191
514299,514326
197580,213718
236431,237368
443115,522166
553655,553195
17845,17814
184353,185127
511034,510306
272914,269846
12581,15861
80854,80932
26037,26030
38846,38832
49281,49128
566565,549275
246137,269331
500403,504043
30920,29954
166435,161800
412574,412268
297495,297524
425937,426410
9518,9531
82606,82344
268821,268828
364912,365054
246354,249559
328153,327982
19258,14283
370778,365328
319099,315802
557080,562519
108042,110536
402356,402387
279739,280382
251849,251768
358855,358927
214499,196727
369460,368880
55933,55949
172404,168968
136766,138945
282217,281898
337710,345485
67552,67200
88841,88877
107770,107754
500845,504337
289439,288364
84751,84774
551171,549874
108581,109659
9086,9069
86014,86022
375116,376110
358625,360693
432613,434729
566144,574612
106466,106451
96373,97612
215552,203591
520649,521697
233830,234027
155307,157659
332336,372195
45663,44915
142711,137044
74525,87433
285007,285005
449311,450223
68511,68952
195093,194799
331783,331079
103514,103308
54003,53968
585594,585590
243538,242624
494848,494854
238951,237715
156449,157075
58964,56085
217678,217672
355731,357905
107178,107195
107310,107314
115386,115382
389086,389078
31606,31681
369503,373383
39946,42239
493857,488413
29494,30084
90721,90608
349165,349649
88672,88801
79906,79532
430935,430525
193804,193777
184184,182876
229954,228267
366097,366098
269737,269647
304533,304464
471585,468457
162750,163669
89721,89716
277424,277381
73799,73288
558620,557338
95517,95667
493611,493618
224568,220874
91298,91154
434785,434767
110944,111335
542299,538949
167356,160145
87309,86137
59216,58884
130620,137020
439859,436007
58321,58971
201131,197354
141142,141808
473582,473083
106861,107622
96168,96536
58981,59017
336080,336144
536976,537540
304817,303068
73619,73478
342973,343832
415916,431782
420883,420882
482140,477111
229916,231142
21560,23896
319346,299277
169176,170709
68557,68626
413037,411963
533948,533813
68671,68913
272134,287173
844,2616
158734,161312
296654,297229
64003,64015
207070,205437
29659,29480
537744,538004
543752,543838
207748,207752
418057,405396
444741,447010
497404,497460
99043,100855
106488,106427
105340,104348
270892,271095
84540,84525
303537,302135
485345,483843
75833,75836
403113,403818
359927,359265
183686,179484
356824,360491
199519,196594
223867,222600
176636,174441
113793,106862
14757,12448
254992,256496
89251,89096
500049,500055
92452,92542
517577,515441
276734,277926
117514,117699
236175,238799
477111,482140
512039,507277
106744,106366
125645,125639
280392,277861
204893,204892
538219,538246
315428,315363
412793,409643
51142,51157
267001,270561
476176,474692
262877,259492
367321,368790
472423,472426
236987,233200
216486,220584
221398,224529
492882,492895
70993,70989
95190,95890
438573,440089
68981,69064
118782,118917
180632,178104
492875,492855
426916,427041
50505,49940
419144,419384
311267,312898
104318,104205
472001,473083
517448,552722
503319,503614
418550,418645
77191,74853
246734,249107
13053,16287
100890,100975
171547,169994
539997,542949
267962,270316
251305,251978
453830,455726
53143,51179
440630,440824
71550,71637
258573,258789
51223,53724
138284,138945
399380,399305
221360,225684
73879,73619
561470,565093
218853,218862
269733,266493
115273,115267
54954,54891
332602,348290
44615,45057
459437,459307
59820,59400
415860,415852
507198,504248
37145,43400
527747,525923
228199,228598
435691,427862
286850,284415
362768,363949
468276,468273
338601,314569
444708,446017
97052,97042
414810,420882
345610,347315
449831,448462
96308,95578
497671,497668
50450,38474
246192,250355
105533,105546
382053,382057
319879,319740
450008,451922
116012,114801
115490,115628
525927,519034
186647,186690
555966,555893
559992,560011
15901,14622
113670,113681
199545,202947
485937,494522
438690,434718
361749,361475
526851,525919
381823,383823
77797,77375
224187,224485
104703,106758
388525,388533
274951,280047
97817,97208
540028,540810
290096,291121
96201,83949
277926,276734
324579,326939
82465,83562
421706,420307
581141,582216
73458,72918
313159,312306
555925,554148
111659,111735
438571,438567
288292,288364
237537,237237
145265,145028
85233,84682
467340,465810
447198,448431
115962,115572
472984,477783
121083,121354
171060,166737
387080,386998
85994,85911
445604,432652
286507,282816
184644,185170
52102,50719
580096,567783
75762,75193
509212,564773
530657,527364
441910,444175
407710,407699
144104,143252
441361,440735
372370,373169
556186,555370
289200,295813
119082,121816
502447,500465
196265,197598
225562,220823
310468,312479
82691,84416
112842,113380
187298,187292
65390,65976
105631,104070
244662,244628
434178,434762
261469,261220
450223,449311
63215,68002
327000,327496
87406,87416
249977,249902
44462,44813
519034,525927
21944,20129
183697,183703
489143,489131
343152,342292
457725,458396
37319,37327
358142,357959
426659,425834
284160,284869
556074,560925
199766,199777
11981,26043
470464,469678
123802,124005
263915,272438
26132,26645
234519,233958
138914,138349
112404,112349
66788,66644
1688,1308
399498,399500
97247,97481
558620,562575
377286,381689
133988,134132
549652,549415
64015,64025
390879,390631
535913,535925
90393,84621
275403,275662
8328,8708
192787,197926
175942,173902
507733,507737
503001,502447
77191,82855
496814,496870
128861,128885
40322,41481
227441,229095
19916,17613
276469,276746
397835,389377
91391,91428
90414,90170
132025,147129
496243,497404
77942,79390
96403,92729
224485,224490
538665,538740
588611,588008
415,765
380058,378713
156776,153526
27498,34921
60904,61710
61336,61367
67041,67200
106743,106706
523200,523877
125639,125635
502927,503763
369313,369315
112222,112196
457392,456734
489448,489446
14478,15641
108201,93900
66977,66626
34921,27498
50972,52415
62119,62917
566077,562575
437528,437764
170718,174491
304717,308558
253405,253376
444106,446380
46352,61329
521700,521696
575075,576324
131401,135735
427836,432652
138796,138746
213563,212520
524290,526486
139349,138895
330925,329682
211407,211405
232005,226583
293251,293765
163370,164314
163842,167507
236600,242872
306161,303586
83638,83901
519628,519124
226699,196296
268587,264086
11321,10938
527389,525841
556935,556186
150010,153452
517794,517656
221273,216831
220907,218925
377544,388358
279711,286096
383793,384455
361192,361988
214683,213466
266464,266652
3281,3062
263556,263458
227174,227090
477334,482830
3716,3929
102624,102507
538703,538711
62995,61759
32769,32621
247909,245922
272080,271100
390464,376616
249148,250748
553358,553341
383955,384759
148873,146785
313039,312039
54350,54887
4202,4172
27702,31397
73097,73693
257010,255827
237188,235420
117754,117780
498722,498635
272892,274519
367820,365190
26779,26403
497655,497649
316932,316917
76499,79300
204769,204696
511277,523571
53630,53635
476332,479771
103962,111984
500338,496968
361915,361928
105975,106405
588427,588293
89420,91754
393063,459756
236600,235785
102683,102282
543631,544047
131922,140778
163669,163875
415280,415279
124183,124179
138895,138404
508486,499435
270602,271495
47372,47976
443630,446480
78649,78506
399582,398744
125668,126028
573969,573776
520555,531271
538411,535411
406107,407699
331582,325322
32433,32432
291098,289752
482830,483496
408451,409050
199491,206793
164945,164954
109538,104359
159070,160403
355551,356408
374400,390043
342361,342194
129463,131502
191103,193131
118706,118711
461763,464460
105529,94933
538204,537161
240763,240500
3929,3716
542060,541999
27498,30546
66531,66510
485751,485208
391957,372774
553368,553358
529689,528642
120802,121653
3281,3680
2949,2941
11245,9817
62660,62680
299074,292462
44696,44485
45515,45342
115105,115122
43964,43812
45895,45748
172687,171405
52291,52630
548665,548624
557001,556619
40882,42128
557572,557374
104640,104610
248800,249902
550049,550421
122737,122368
216789,218064
384412,385064
524290,515695
418346,418388
273019,271529
315343,315363
377366,378450
196594,199519
150701,154472
110416,110444
291587,293029
294366,288673
187828,187217
486088,487364
221888,225376
17577,17572
147745,147265
75914,77952
114498,114090
94031,92979
132654,133209
533023,531997
50197,51588
191687,191572
221398,220264
248454,250904
370773,371754
131799,120802
457270,457576
180632,186671
35434,35304
244287,244302
387618,388049
444301,452406
61786,61095
155570,155845
510935,519298
390879,391546
150950,151742
517664,516032
30296,30457
141263,143591
491196,491197
62115,62475
227496,227088
488473,489446
128885,130194
145515,151812
224742,226024
336144,336080
328006,319964
419245,421186
444949,441838
336621,339617
24178,24054
120008,119781
296708,295912
203130,201038
373099,373414
111103,111077
356410,356319
407206,407255
80921,81487
114157,114281
467998,468228
427241,433812
55933,55498
193112,192723
104945,104925
151775,152740
364588,362570
132625,129730
55981,55165
90919,91378
76418,80571
70104,72967
213982,219327
138404,138895
263329,265038
105668,105670
45885,46028
286429,292521
544081,543291
332514,333574
87617,75398
402724,402870
134241,134664
34266,32683
81199,81185
89251,89421
83370,83362
444313,444205
167980,167520
256422,256489
72967,73543
211943,211950
41098,34241
226648,229168
191847,192472
533017,527697
160580,157934
588658,570968
51297,51585
453764,457899
17148,17518
520051,519792
452743,453151
183992,183999
61095,58971
142202,141038
281528,281544
104130,104294
210519,210353
190272,190706
91073,91390
230125,233579
192365,191472
323533,310514
411266,409374
226603,213718
255606,259851
95592,95791
41240,41248
546113,546167
579323,556829
110379,110375
168133,167896
233900,228033
116116,116096
377475,378556
186783,186769
174815,174583
368817,368820
105761,107257
588710,585033
255607,263994
45706,48617
259851,260835
239189,244918
141179,141074
91603,91339
337859,340672
120899,126205
73181,71512
245845,245311
96419,96485
155767,156172
257474,256496
173902,175942
72566,71589
299880,298642
468891,468871
90558,91051
499727,498692
296122,283200
276769,276827
462194,463946
249612,251016
81863,81433
98395,98544
215156,222656
228887,237194
207324,210030
99153,99125
94468,96125
67051,66977
158736,159618
122740,121808
289752,291098
13662,14171
224108,218502
100970,99269
342347,342353
411492,409797
104051,104111
450893,450883
399556,402784
267145,264652
332111,330954
39906,39648
102959,105347
278515,278609
104130,103623
572002,577821
438567,435956
496496,496511
370780,370778
504153,501185
320494,337657
224806,223354
368820,368821
11431,10788
540089,531804
516223,512335
540327,542707
567872,567876
539826,537995
92496,92629
192755,197752
555147,554930
106465,105992
386488,386846
36177,36813
482223,487409
1433,1405
264387,269107
5393,4903
153760,152631
114591,113396
421794,428558
326501,325896
30100,30061
291634,300446
308413,305191
96394,97851
481966,483030
28554,29629
216533,167951
537787,537788
393946,393939
439963,439961
47044,48055
183089,178935
375800,374949
46636,46540
167135,167133
350392,343678
403720,406596
370626,370445
38826,38776
419639,422726
529152,530291
242195,241159
563393,567330
107084,106922
559200,560066
348991,344344
25031,21944
308016,300778
114662,114686
180848,182943
168073,168971
280432,279818
250538,252173
418514,418537
95795,95963
312187,310912
152278,157980
64249,64262
203516,203599
130967,117296
70967,71195
428127,427678
227847,228500
113681,113686
311089,314777
575948,562815
386259,387278
64660,64735
524306,529386
131446,134677
75374,75355
48684,49010
464962,461712
522246,519119
488116,493962
82947,82802
320444,328763
270838,269737
221633,221635
134267,134088
350256,352030
235571,233241
111719,111632
261707,261659
91439,92599
246764,247501
274806,275166
493283,493272
86153,85437
574704,574775
290216,288975
144104,146505
303952,304611
510489,515989
250757,254300
559547,562351
525439,525841
220647,220614
510307,504614
52353,53217
58121,65226
502657,494668
47268,46311
27308,27660
82685,83690
112847,114533
113091,113173
147772,152204
78863,79752
337211,343781
399326,400041
89676,88688
462272,465089
266669,262442
222780,222842
125745,126976
78065,76739
500817,500740
244882,245561
561808,557759
448303,449632
124598,123809
451214,451811
558437,553343
300546,302587
411817,412160
168971,169800
85511,85515
437976,431140
582795,581730
102442,102143
398428,397736
112063,111926
215728,213380
14622,12174
381993,381689
534210,532555
495138,494384
484942,486356
95170,93496
106366,106334
271604,274611
90119,90146
230828,232975
465089,470019
360643,359894
474151,471702
31389,32723
536465,539691
458702,459658
263588,263561
106434,105687
228252,228241
191546,194213
220614,220584
234802,234809
575433,575418
178935,183089
183,7856
6778,6842
570282,567892
243043,240665
204853,203700
270144,270324
255382,250320
61272,59024
14283,19258
181230,183989
115287,115490
203756,292484
380496,381842
94609,94344
121813,119220
526751,529693
482006,481063
82802,80571
381213,381079
100011,99587
497293,500134
378891,380426
281903,285904
472421,471876
382283,382686
432933,436271
121612,121566
571787,573749
483496,484195
85066,85541
545738,544926
562310,562402
403575,403910
66638,60264
95905,95890
194964,194637
509834,510088
579963,579954
38818,34109
82047,72882
303621,302217
122684,123219
151566,152618
487289,483766
192787,191864
204060,203259
94933,105529
133209,132654
415274,415275
577245,580240
113414,113104
566562,568152
553238,553184
412135,412148
70983,71086
453755,467880
468273,468276
18727,23434
442433,437375
140552,140551
143000,143006
57030,57078
381079,381213
67599,68128
203618,203449
405257,405118
497668,497671
100551,101163
188138,188120
43819,43515
197598,196265
464258,463943
104610,104640
522285,522377
283398,276497
242262,242462
112830,112837
527296,526486
377879,377968
395051,400135
537928,537296
383933,383955
368352,367820
386047,389008
541604,539315
374407,374409
222127,219996
554518,554762
326514,326508
368791,368806
149027,145833
81068,75445
253831,254885
470022,468612
539184,539443
91073,89540
70377,74793
183658,183966
103064,102649
410493,401158
587371,587417
331610,330139
399072,415936
333588,334365
474581,477515
141324,136596
269217,268458
516392,518320
357920,357956
235465,234027
542937,543752
152795,152113
337683,337307
339736,364338
2637,2614
134267,134519
108745,108623
175497,169155
19948,19463
112430,112448
177227,182701
362561,361788
576715,576721
212219,210482
88317,88379
116282,116386
459899,460257
75735,75741
38160,39049
104184,105258
321765,324007
526131,523382
494107,493591
8377,12174
220346,221871
288801,291120
491412,489724
409321,412590
456366,457361
42548,51103
508807,508930
58432,58379
31208,32070
476585,476680
450309,451076
374502,377008
99587,100011
96414,95580
14071,14061
334691,332082
349346,348991
540009,532843
50002,51661
407702,404860
151253,151934
61262,62040
54891,53902
133846,133842
80321,80209
499754,499954
71424,71423
459121,460878
501300,502079
75196,73904
100626,100211
94146,93069
534225,534422
107500,107657
436098,437375
304178,304176
56388,57424
219519,219567
48458,48427
567326,566267
265256,262566
482742,482741
160527,157980
267067,266652
74447,74166
102398,100023
123506,123382
466485,465276
270892,269733
65853,64600
392187,390260
299559,295006
156576,158358
40131,40144
296627,305913
351597,357647
115631,111059
51620,51514
533764,533057
120932,119660
342265,341736
253714,253763
142953,146921
154281,154051
244250,245095
396380,394087
75414,75429
849,2513
395079,395738
58711,58436
180109,182848
118095,117780
164703,166714
77537,77535
108825,97866
257663,274226
551681,557421
89123,90558
3279,605
335340,334301
118773,118782
59111,59659
523571,527720
218663,213485
518695,518736
45984,51651
44601,39906
231171,232940
540570,538066
2165,2432
103477,103166
113877,119103
232628,230297
473163,484406
107470,107336
107212,102382
64054,72874
579963,580385
192957,195739
92368,92367
231142,229916
269861,269854
423940,424394
558049,558067
63834,61207
97612,97990
92380,92377
455267,453698
536552,534374
513722,514299
494860,494954
361120,359835
418909,418855
574954,578550
372771,371533
327123,322375
68511,67887
79300,82845
505278,505431
62127,62705
72123,72365
81133,81994
9531,9535
81537,81855
394552,394611
118360,113435
59899,59435
8832,12917
107336,107470
50709,51336
420343,415447
272156,275234
452420,452419
389025,386047
170322,168160
462799,462783
92785,92789
59211,59219
235957,235725
374698,373326
186136,185405
43400,37145
73386,72458
273220,273239
455376,456219
431311,440327
459959,461386
66536,66537
70300,70655
412590,409321
243669,241237
572468,562351
185185,183089
391546,398937
490914,489394
50323,50310
132062,132654
41248,55747
276754,269139
164429,170920
474141,476735
65502,63432
91607,91598
92987,93431
263875,263862
355731,347525
263166,263173
460338,462479
554346,554685
525369,525988
357840,357869
546787,547321
183634,182848
463373,463943
205038,205037
493875,493888
167911,167569
365302,366239
90146,90119
132610,133933
488108,488116
244580,244261
77430,76727
397174,397329
516033,516724
472324,470898
290872,291454
443762,444106
446769,448245
126205,120899
220720,220823
407206,406804
104154,104534
566149,563555
24167,25881
585979,579127
360387,358589
31499,30987
112799,112695
227450,223794
106259,107754
368929,371533
393733,394372
47818,47990
183190,179528
405499,402667
126694,135184
219492,219515
501040,499954
92363,92775
172515,172404
85743,85596
50242,50209
100744,100890
404670,403724
561314,562250
76636,71338
31871,35073
475238,474391
7266,7159
262323,260120
549338,548668
71838,71844
519652,520413
130800,130906
113851,114446
461285,458878
71741,72261
199047,200391
164569,153613
287176,287173
269107,273126
341351,342608
54848,55144
447805,445090
348945,349212
20330,17073
536990,540024
64499,67021
186895,187337
392885,396102
66620,66637
543289,543563
245305,246475
95689,95862
30680,21754
482742,484461
43781,42312
373113,377475
543427,544436
7577,7936
73757,73904
217573,217134
16452,17148
456760,460273
98048,97686
216807,215911
421715,421719
80526,79836
287173,272134
22623,18435
152618,155313
8303,10672
98598,98503
439988,431782
169978,196964
41574,41208
126525,127157
322772,318794
498407,495355
434394,436518
256162,252461
195516,198860
404931,405861
518913,521497
103744,103941
366966,366705
482422,482927
50891,51115
120545,120688
23915,20212
331156,331502
442729,442194
167388,168738
186647,185275
67223,83629
264326,251839
288199,288694
112596,112580
257329,257010
492855,486330
267054,267116
398058,397835
113053,113206
363936,363871
533231,533859
95983,96419
298103,298169
389198,391533
407717,408260
528936,528011
344653,344654
234791,246734
255664,262117
286509,286574
46514,46150
166085,166505
43730,43746
100422,97269
101836,101719
205878,205375
534814,537340
199790,199777
83532,83833
115803,115975
254447,258339
558289,558284
474432,470199
124907,125239
446017,449311
436568,436602
245095,244250
113435,118360
148116,148501
347380,345719
87617,92853
504936,502849
421901,421746
78174,78646
134611,133902
568343,567703
55747,41248
450353,449282
122232,114268
559933,558069
327356,327056
284199,284187
79083,79396
62421,62404
250769,249807
338406,337625
34266,34273
550746,556125
385750,383217
108788,107492
386047,386032
562616,561710
461291,439988
115726,115862
6842,6778
260946,280759
263894,263380
345604,340822
151253,147185
200053,200082
35073,31871
51297,51081
117472,116705
108331,108313
123354,123366
588959,589825
474807,473189
71494,71550
114578,115072
313999,313994
86461,87233
534549,533934
101633,102382
319021,332602
42775,42330
105781,105177
368561,367596
113953,113707
525644,524506
372778,397323
359527,358512
414244,415462
411914,419644
150999,150994
588322,589739
108905,107622
113719,113476
114869,114847
401296,401535
327728,311089
283617,283942
75617,75577
494954,494860
551283,551337
403676,402543
409136,408545
366201,367775
331582,340175
45748,45895
274684,274883
90797,89274
24076,17475
23367,23202
102360,103626
406083,403657
68087,67803
18403,17754
261199,263380
538733,538772
103166,102154
206397,215956
133295,127195
36038,38110
442710,444343
533433,535095
54496,54369
433713,421555
244113,244555
8456,8336
97705,96839
402916,406187
513876,517588
99408,96696
10048,10806
233056,229782
66613,67028
48728,49126
409465,409901
38172,38311
53131,52413
82691,78492
105814,105959
523859,524727
537753,538505
361324,361117
382094,379785
549065,549074
386741,386465
573962,575110
255267,255827
58565,57379
56528,53704
397424,396274
430416,430428
88403,88098
484782,483179
588115,587836
280856,285574
98254,98343
4955,2884
572934,572574
329961,324777
332075,332082
440506,439908
356824,356742
70887,72887
170709,169176
71634,71424
575382,575968
270838,270843
251768,251761
73887,75855
129152,132610
426532,426551
574913,574177
318539,309502
539808,545179
28672,29181
167196,162583
217672,217678
378556,378588
165725,164954
71395,70445
113091,112990
191575,191847
46886,52627
534814,534604
584552,584889
55421,55547
96461,96475
486436,489694
108523,108296
103021,102822
373970,373500
227103,226024
386760,379644
425010,425550
203454,202648
316308,319890
124182,109977
339736,297254
92565,92588
412731,415165
571732,573776
198712,208913
42978,44192
83661,83385
46668,46109
86986,86867
238655,238682
165588,165191
454905,459405
38178,38209
548662,547074
380426,385509
16287,19285
90580,82845
563524,563495
483464,482112
91754,91972
36937,37070
473101,473412
89347,89326
308719,308503
506423,505980
171586,167489
256241,248946
23434,29714
93044,92599
332139,336149
325925,322333
60121,57269
65941,63052
105008,105016
50330,50458
53881,52031
546907,546811
79185,79165
333007,329893
51681,45891
26995,26683
126028,126461
121223,120915
118225,117239
537483,536229
88739,88665
259851,255606
380214,388204
588611,589789
225321,213711
46886,44601
49853,61207
42128,45260
83950,83972
237219,237209
320137,310557
276704,278178
571601,573053
316227,316221
87018,87074
555344,554834
81274,81286
568741,570250
99045,99840
304464,302188
227088,221847
442773,439378
20796,20099
169841,170923
421792,434261
112130,111759
326155,318957
110091,107257
79127,78944
139349,139387
543857,543860
386517,389768
81552,82169
120416,120576
454385,457005
6836,8303
450680,453467
236068,236121
454890,452976
436160,439412
183634,184999
198685,197936
7159,7266
79139,78365
587013,581781
397835,398058
164463,167528
432691,428045
421660,422599
417118,415935
102798,103368
83137,83818
492287,488211
399072,394143
190341,184576
407655,407677
450700,450305
403720,403677
77231,76948
107754,107770
418091,415165
70360,74122
248800,247548
60264,64046
303097,300694
515427,516032
529301,526714
418000,418430
65520,65357
106873,106974
323279,322575
323149,326666
76151,75942
21831,21846
579207,579212
167973,168854
111926,112063
167031,177231
373391,374949
587937,585791
76341,76224
482908,482633
36201,36492
358461,357054
180105,180101
450323,450331
21903,21318
87433,87958
75597,75891
73930,70803
457365,457361
476151,474432
480650,483843
59434,57307
261376,256533
418371,420012
204389,204782
15861,18697
536976,530600
589630,589632
89195,88745
533192,533185
87239,86752
107253,107329
406656,406959
109713,108855
318721,318730
210326,210369
73132,72866
306615,306610
132062,119208
263311,260281
582305,583603
93848,93900
20129,21944
402219,403657
536788,529209
234816,236431
422787,423130
215773,215762
116651,122328
354462,353173
36632,35092
497671,502592
180314,197755
95862,95689
167104,167613
99537,98826
238847,238799
388095,388262
48033,48335
239136,236458
142398,142276
37995,36951
378891,372351
458603,458878
515165,538746
19793,19342
402492,402102
324427,326612
133061,133191
115918,115926
524354,524174
8829,8732
84405,84365
84570,84432
48802,48701
129920,129237
496243,493871
457260,457270
455857,460334
101486,101691
424112,425986
450322,449250
388542,388550
495712,494420
284525,298722
510088,510416
56113,56121
186878,186824
406479,405861
121222,114595
51118,52141
216533,228416
278282,276971
46832,47160
544436,553179
420883,424814
328289,330864
179794,179918
154327,160145
107125,107254
457704,457287
61791,61447
54157,53724
47306,47201
237209,237219
485890,484704
64918,64944
8468,12644
374396,376025
255631,256265
444036,444202
539997,532276
349571,349276
559198,559166
87114,86544
510341,515534
46176,46832
222817,223322
462479,460338
300685,300927
378588,385666
150703,139576
363972,359071
467573,465428
135057,135097
533817,530657
520073,517577
585472,585424
7627,7840
24320,32224
580866,584410
492852,495888
82465,81265
65859,65925
81493,81886
326666,323149
448045,444313
121112,120576
88395,88347
243959,243043
521697,522372
293729,291331
472965,477688
334365,338814
554403,554442
406469,406007
426980,424192
57128,57000
538566,537563
250886,251254
271629,280342
177814,177419
84678,85142
61990,61767
585493,585496
489131,481802
117117,116868
206791,207055
29480,29050
97990,98006
191036,193019
314227,316050
531512,531997
89421,89251
466915,466501
175483,175899
134799,139487
25585,25573
99991,100122
356366,354819
544798,549275
445090,447638
231726,231289
11153,11338
191511,188939
581608,579115
232821,233892
374428,374461
107602,121043
46652,47029
382094,384351
253376,241237
296458,297518
585381,585389
320417,319807
86580,86474
314826,315015
62916,41098
488219,488435
73816,74354
357086,357336
337625,338406
511624,511636
232459,237983
406414,404525
48160,49397
7577,5712
170920,170929
277446,277451
158205,157762
411521,409850
517739,517717
511008,511488
6661,8113
49307,48780
519393,519375
287725,289836
58508,58354
538140,538181
535411,534730
498434,501185
104701,104602
270791,272156
284200,284199
95401,95399
438697,438690
215963,216341
457225,457223
337921,351707
152545,219191
234149,235110
150589,148901
270813,271541
533877,533719
270324,271350
837,844
368677,381949
459959,455726
363793,362524
33832,33017
113049,112957
392590,395757
92377,92380
18296,15901
352182,358489
46040,50325
90041,108825
121518,116755
419978,420188
121043,107602
239334,234087
119660,120932
125663,125668
420458,424962
546084,546079
123366,123382
546185,546131
367941,367921
171405,169765
504837,508241
247481,247441
119586,119670
154002,156710
469156,468722
240868,240709
49653,49901
570326,567875
70770,72060
196934,200400
413827,417809
461531,466188
377504,376194
379644,374332
286890,287075
543860,543867
87438,89971
345979,348945
89363,87955
402083,390994
116837,116856
38267,38255
55929,56085
250310,250318
536052,536149
174859,175131
352387,351673
520820,520168
36632,37751
473426,476152
35029,36031
492553,491072
435482,436210
449282,450353
545981,544772
1291,1306
25979,7755
411521,415945
429746,429751
244555,244556
94701,95283
41076,41978
103064,103381
527282,527296
372755,367678
264387,264338
362524,363793
92306,91119
210695,211531
194565,194400
305960,305729
117259,117272
147933,129796
186061,186070
357718,357241
481623,478861
131990,132678
122679,122532
504353,505121
113206,113401
361745,367596
487555,488268
73369,73478
557183,557374
556871,549151
376779,375641
73441,73731
320776,320842
27775,26219
284187,284181
400754,400880
87967,87951
257699,257940
51734,51891
74145,74234
31299,29537
469642,470361
374949,375800
19458,20344
131680,114678
266418,264360
87369,90661
192822,188862
516406,516610
212821,201991
535720,536052
469217,469808
60778,61262
357159,359074
402038,402042
8556,9242
118418,118681
8299,12060
114522,462800
157138,159783
86544,87114
283037,282190
316412,326662
220584,216486
524506,566153
195474,212788
530600,528936
558821,558818
33826,31480
198576,198505
269217,270963
421018,420453
65941,66492
64735,64997
69110,69269
515544,499790
117583,116890
256036,257242
214701,214676
402870,403080
528562,532364
55165,55152
48658,46187
1793,1761
58774,55949
104205,104318
13686,13773
59685,59216
33409,33420
338715,339622
32480,31644
464900,462800
346374,347752
270422,288047
347107,351309
489312,490484
236147,236121
290074,291454
33991,31681
519778,521711
441712,440923
101550,101546
218865,218862
109324,109249
83393,82956
52630,52647
165212,165229
85596,85580
468708,470199
69048,69656
106940,106964
95578,96308
184943,184959
353944,353746
153148,154274
147687,148801
127195,133295
59435,59175
359942,363938
105365,105198
76393,76845
101559,101608
298290,309839
468289,467340
459762,462783
274578,276315
492551,492636
342255,342264
389377,397835
236926,233741
116432,116875
545397,551838
580643,581980
141850,141859
24699,26637
392860,391353
69301,69297
167911,178771
128913,129996
481166,471766
281073,281082
544410,548522
64935,64737
438983,449290
415844,415628
51081,51297
71658,72014
232835,248984
103536,103673
387822,388026
199644,196870
93503,92633
138506,136391
218793,217965
13682,14272
168929,169261
171549,173708
180314,180308
512114,508779
536624,536621
292490,288038
136403,135287
149047,157821
46187,48658
496473,491812
106520,106488
255326,255606
147099,159853
489446,488473
83826,83830
340255,360455
577603,578212
168112,168076
281266,306713
83949,70839
371533,368929
196329,199502
393154,395317
109346,109276
445519,408395
495601,496205
85291,85212
503329,503001
129795,125085
368132,365802
71086,70983
2830,2883
115847,115393
543088,540762
581673,586170
243635,243297
8250,8732
152205,152306
111821,112214
32034,32683
337211,332059
55885,56193
298308,299359
92385,92782
364561,366586
191855,202175
87023,87288
350256,350241
579473,579471
253175,253276
408059,419547
67259,66859
272363,274299
573942,573976
109216,109179
255725,278080
15330,13371
579588,579579
37268,37968
86660,85142
224998,225736
588522,588432
220884,219327
97524,97241
280382,279739
298101,298103
109995,110987
317549,317545
85994,86220
457938,461712
16989,22920
440775,440762
139586,138796
255606,255326
485084,485829
101719,100764
103381,103064
508228,507757
75956,76499
584377,582528
493859,493871
390994,384364
72553,72545
37953,33883
303068,292464
168893,176830
97176,98005
524761,525628
495712,497055
45099,45400
573747,573053
71423,71395
314003,314013
361755,361120
167557,169977
106612,106695
264338,264206
388026,388043
166942,161753
162940,162947
546818,545379
373045,371149
105417,91214
115221,115199
470514,476332
368728,366101
304171,304168
77965,79041
524506,525644
334601,332547
257624,256641
48756,52630
172680,170328
369847,370044
230920,230775
138883,138406
249977,250561
210784,210932
73506,72947
568139,568068
458889,459947
474522,475683
114268,122232
438419,435532
104359,109538
92928,92861
186671,180632
555886,555871
2854,2932
545917,548788
176046,174376
78215,79165
233158,235463
439908,440506
308503,308719
106485,106465
389392,389395
52630,48756
516032,517664
407678,406860
247441,247481
16787,19267
182294,182299
546463,546453
98247,98254
80997,81092
501185,504153
73104,75360
68715,68746
41259,38896
141263,136919
333599,333810
48825,51588
397057,402416
232638,232552
375439,375545
218615,219303
180721,177196
384493,388664
194612,193709
77537,77543
290457,290468
301974,299749
384750,385287
91140,91337
313996,314615
648,8065
427062,427017
95983,95862
293417,291758
281139,285008
47275,47600
21972,20876
507749,507744
108468,108540
269277,269276
242093,241642
48588,48211
66875,63649
333424,332250
119957,120095
207522,207293
13327,13415
556827,556828
207290,209387
531673,531890
194787,193659
96875,96766
207503,203264
540607,538491
275662,275403
224696,223275
285856,285987
121188,121246
86580,86665
151766,151775
22788,22320
379291,377550
545009,543246
44365,39741
358263,357311
420280,419644
578299,576276
327216,324991
262353,262786
443590,443739
251166,251165
533397,530291
228241,225376
87395,87349
551337,551283
260887,268884
68207,68019
536788,537052
401121,399150
76948,77231
455151,455170
116538,118216
94390,94563
88500,93114
203789,202026
47909,48033
369027,370468
550978,550010
448775,449290
7802,7660
226537,228276
104070,109248
222700,220647
537902,537803
417659,418304
498202,498343
551887,551699
92203,100497
317513,316441
174799,176076
416830,414665
90661,91324
558203,557282
401438,401435
428183,427487
211660,211331
572574,572934
43792,43746
44337,45532
442782,442774
370841,370849
21223,19282
427044,426655
262566,265256
72918,72724
266083,266464
188096,189167
108571,108882
354276,382278
92782,92983
361107,365676
580625,580514
165467,165591
241692,239418
536465,531783
506573,502521
261300,261027
546453,546463
32710,29451
285542,285856
70612,69921
112797,112657
394530,394539
165445,165428
247900,247942
61489,61546
505121,504353
440707,441974
367460,367384
167086,151575
455857,454890
88317,87074
244882,244553
148424,146813
141464,141286
374920,374927
533025,533023
81968,81886
224568,224623
79752,80720
64997,65859
510341,506357
67245,69946
124221,123790
122368,121922
196399,196594
371711,378386
208867,206851
427503,427488
516943,515559
486146,480004
225705,227452
258207,260281
410629,410613
222198,222209
497072,496953
555890,555886
255539,254265
476998,483650
250202,251110
121794,121808
11434,11338
256641,252966
325099,325896
203088,202947
515781,516406
107969,107985
536406,536413
271765,272016
552866,552867
468608,468602
327780,327771
535191,536495
298642,299880
556242,560286
299540,305194
182701,177227
132765,133373
424865,426548
344843,265671
462700,465042
284200,284203
372871,370780
7755,7277
2920,3020
71242,85511
409110,409479
393034,390167
537156,535167
90432,89611
315891,317167
305824,303133
142676,139323
486485,522614
24202,24465
15288,15298
457607,457679
50325,46040
309530,304994
468984,467145
279378,307104
58565,59400
546156,546710
312457,319003
475815,473955
10838,11791
535167,534350
136410,136055
401788,401654
551375,551337
284415,297165
380653,379855
333052,332917
337171,337226
315459,322771
90117,89576
497934,489481
4500,6203
167569,166714
287171,286382
200619,201038
448083,447805
71088,71407
57133,57161
410753,408665
191466,191481
98548,98343
366586,367596
403113,432426
356493,356505
29013,29401
109940,110369
9727,9728
218793,218827
425994,426021
401654,401788
173927,172122
352671,354819
110993,106145
276315,277503
109614,109795
47903,47734
103623,104130
272660,273328
121223,122802
106066,107180
269215,272346
112985,112871
448245,446769
237731,239271
554542,555683
36020,36036
226816,219478
440863,430407
496873,496930
448775,438983
110774,111453
248049,248386
308480,302587
30680,34623
565616,560580
473163,472497
330023,330038
32978,31657
507259,508623
65357,63332
72874,64054
225511,224928
210482,208744
55407,55710
85428,85382
153613,164569
246181,245994
78174,78065
314785,314777
106974,106873
238236,241792
179491,179897
375415,397676
244558,244561
251849,252110
333676,334301
95345,95284
563162,563167
311964,311178
45240,45205
302580,292448
169800,168971
516190,513956
37268,36736
413069,414817
526391,527963
117105,117293
420462,409087
587915,587919
365802,368132
398087,398452
113699,113822
67259,66916
105070,105016
485842,488211
124609,126074
1385,1405
211981,212877
38711,33606
38258,41208
439961,439956
267806,266788
211633,210824
92542,92614
372871,376204
147202,138450
360523,362299
82344,81507
107779,108158
528614,528586
90580,94933
107470,107588
390043,374400
540388,539186
304050,303572
532555,292484
348044,347315
332863,340913
357311,358263
444290,448555
566000,565160
282747,273679
67555,68324
347315,348044
471784,471692
87118,87716
45998,46078
340640,337960
303735,303537
435264,415388
98544,99326
29459,29681
248386,258573
111028,111025
230828,229954
69734,69988
381742,395422
265256,266819
537146,536065
79335,79304
17480,82755
548932,562540
64789,64782
114489,114583
345268,343435
500978,501154
280988,280090
243171,244619
312421,313577
268851,268849
107015,107492
98395,98048
97308,97376
159088,183925
188139,196329
49281,49283
415945,417428
216111,214395
53138,53592
75313,74904
468243,472826
152459,154002
27174,26570
195776,195840
98969,97357
467573,469998
283498,283372
115218,115119
16645,15299
64026,63991
110868,110877
62680,64371
346970,345268
141119,141011
455480,449415
365190,361928
26403,26319
53414,60414
64046,64054
305105,302133
290200,288267
76311,76234
473426,471915
80765,80799
125620,125625
240606,237926
118782,118775
114852,115119
422833,423001
117472,114648
47771,46949
332336,332215
404884,406804
327216,327597
80964,83079
60526,66870
47564,47410
172075,166588
358960,364918
263808,264181
103971,103955
34050,34038
131456,132291
461516,464221
142276,142398
66059,66180
7266,7277
159652,158144
202313,196645
455541,459466
276537,273432
468914,467880
72566,72866
117821,117811
108848,109003
284710,286509
566077,568068
556793,557116
397896,395822
404625,394808
569951,561212
31307,30480
324007,321765
366617,366185
137561,136314
373744,374077
436210,435482
127478,128163
293313,294444
450787,449290
100975,100890
54549,53882
341077,347038
41101,41130
104703,103099
557973,555104
390753,388494
579473,579475
278160,274999
123282,123260
186505,180480
495511,495703
53277,54369
483650,476998
269196,266654
478178,477560
439379,437296
60015,40077
113566,113590
401249,401136
278424,278428
176140,176780
18626,20091
62469,62699
184800,181866
37648,60070
112666,112552
131502,131430
123758,125067
403628,402673
138030,138239
40527,40053
106250,106334
198373,183925
37392,42330
558818,558821
483632,483343
498705,498513
37145,33004
493272,484508
109254,110175
289989,289978
103623,109017
515823,521383
488398,488402
17095,16153
518279,519757
548539,547725
210448,223685
255539,260120
121566,121612
384878,384858
467145,468984
89716,87433
85265,82385
227619,224689
415284,415280
50507,51243
415628,415844
372696,373093
393063,393034
57111,57108
527289,527292
222189,221720
369654,370808
505595,526440
254342,264164
556949,556958
449344,486623
294234,289272
73252,73058
557176,557122
256964,256599
401556,401548
375408,373500
18218,12644
498197,502378
217508,217499
8388,8349
44460,44491
93271,93605
503493,500055
488127,485040
93088,92208
280856,280268
301165,298541
157444,161964
87958,88003
23589,22923
562795,562218
26037,26132
407276,411422
113851,112499
289328,289440
487364,487848
384413,383293
5629,6540
289272,294234
19959,17465
253722,253478
92167,92363
180105,180109
403575,403280
246734,234791
269215,269207
117110,117239
17408,17110
296037,294166
73543,72967
69233,69090
405819,407783
364048,362620
29522,35133
233477,233476
538693,538442
489141,486849
30204,28522
78395,79463
373466,358461
207077,207055
55981,56068
342277,342273
132586,134088
97990,97612
369555,372760
195093,196056
9772,10788
115224,115180
535843,537296
81502,82678
74993,75330
76456,74037
33716,33708
19258,27701
17926,16645
565349,565741
151971,153339
496953,497072
235571,239324
252149,251892
88187,88323
549076,549463
39858,39892
152186,151426
86986,87172
194400,193402
114131,114097
115936,116705
22373,22863
434506,446839
420135,415911
560066,559200
24626,24850
7,1202
146921,163773
186980,187301
536883,535065
373045,373060
520683,520413
430525,428127
227174,227269
22916,22509
304176,304171
424179,424183
41412,43948
93605,93695
507380,504043
589248,589241
476151,476213
537052,538442
548662,548668
568007,569675
134641,133191
420343,420347
87129,87234
32444,32451
353890,356472
80806,77797
157395,159256
274313,274684
64350,64845
55152,55165
495703,498048
490710,490731
287619,288292
157138,154904
59463,61896
135189,136564
176830,179402
375439,372784
67517,67926
142867,147942
113378,113435
56223,55684
271495,270602
520225,522113
366934,366673
193131,191103
113302,113036
567550,561047
527596,530365
264213,268407
471082,478834
14171,13662
136596,141324
381913,391226
19267,21831
159853,147099
539175,539184
531997,531512
43649,42533
139387,139395
83863,83877
21555,21560
451989,449538
470591,470464
375581,383174
452976,452423
377539,377134
465042,462700
281232,282007
316177,306559
462582,470973
66790,66792
77342,77084
164669,164676
563549,563536
115944,116245
571285,567594
81271,81269
56537,56917
333833,373054
279723,278609
70393,70403
384878,385289
226603,236581
523200,518742
102245,98397
75355,75374
213485,212821
381629,381213
577442,578782
97817,98436
481259,478995
17978,17961
473530,471974
408101,407860
52025,76826
358208,358226
213001,215633
111648,111111
212436,211660
57097,57082
541999,542060
12302,12307
369341,376377
316632,319166
106079,106078
283746,283718
568165,570879
431861,433854
96913,96875
27501,22863
364785,364338
318003,315251
19775,19523
459969,465552
254233,261053
46617,47201
90333,89502
85207,85039
172195,172411
226142,219351
562815,575948
67552,67599
394390,394482
532310,532119
318823,319312
338490,338118
371583,373078
130086,132329
200733,199906
109247,108606
32521,32511
213722,213807
373099,370076
381912,378410
97686,97683
171829,171098
167557,167513
46012,46057
142499,143037
425829,426070
241214,241220
331760,333588
62476,62475
34855,34278
473620,469907
39443,39597
107121,107491
229959,228152
234419,245559
80854,80660
1855,18915
466897,440349
190260,191546
504353,501478
564479,567875
384843,387226
20369,20746
569516,569048
46832,46176
412135,411949
91140,81973
135218,135213
176577,176675
279325,279181
327483,324532
67226,67159
95401,96696
248558,248938
555868,555861
124709,124217
268405,262427
38969,38751
310316,310229
538004,539186
53704,56528
586897,587201
564553,559664
13444,13496
90484,97860
103962,114204
72866,73132
67159,67226
90026,89812
318030,318066
38946,38925
244067,245780
77156,77296
105529,110201
219219,225463
272467,268430
66875,84621
207487,201476
515165,440151
560977,552722
135406,135398
69927,70975
60275,59627
285005,283398
107736,108248
458998,461509
66155,66215
126201,151342
306622,306634
295505,291056
157753,157167
338123,340255
458539,459682
143384,143281
93069,94146
421008,420818
321561,321400
93696,94244
54980,54954
86718,86633
489106,487928
103381,103446
524741,527452
345536,261376
124245,124193
324427,361120
237371,236646
498494,498829
16224,18867
95340,95749
197554,197567
499257,499754
94294,94886
305732,306610
46668,47329
110201,105529
45056,45146
407699,406107
113817,113913
389410,387590
325177,320119
339031,345610
119582,120928
254169,255165
367137,366093
145833,141749
127311,131140
78373,83382
327942,326603
42239,39946
361299,358226
114157,114139
214271,214966
27879,28620
30630,28632
211647,211531
506958,506955
250991,251329
7936,10138
243770,243775
93419,93696
310052,311740
70134,57765
178771,167911
95939,89611
108995,108706
402617,401727
59211,59207
397187,399512
410061,410457
45205,46127
588521,587733
368882,403113
460999,457504
111025,111028
46205,46241
226055,226819
110592,111146
471117,471476
313557,315166
460372,458510
58964,54203
23408,23081
134999,134322
163789,164132
246280,246303
96733,97712
277820,279660
189954,191036
438134,436253
511205,510617
537792,537803
427282,430772
553181,553179
527596,516943
167755,159689
574049,568972
209266,219450
376779,377422
296144,298548
222235,224805
341427,317248
59216,59685
289783,291098
372831,387712
528571,532276
96624,96614
287171,287488
303610,303654
98167,98468
418320,319332
120691,120688
79041,82460
79530,79241
114815,114973
405440,402099
106758,104703
12588,12169
494107,496104
332846,332992
56491,56548
104653,101833
382256,368694
268707,270818
535247,534230
502378,498197
76915,95490
86153,86287
285904,281903
483023,486301
107490,107254
92496,87681
81185,80720
253405,254283
358512,358263
97712,96733
263137,263116
486459,486389
35263,34154
189184,189266
2981,5825
164945,164893
138272,133991
504125,503614
208235,206793
383823,390890
419045,426862
73049,73136
84731,84736
329893,333007
147357,148116
150091,140577
36824,36937
299749,299737
477784,477773
70838,64363
289243,290729
480127,476270
253962,254150
280809,276537
166645,158386
97725,97668
274306,274107
494062,494775
201244,198516
215575,232297
73213,73136
115929,118706
148623,163783
425393,423473
511624,511620
375020,377366
89611,90432
427556,427452
159783,165071
83103,173079
418425,418435
76267,76690
110954,113284
198818,198829
315251,314774
528734,526119
327318,326939
483316,476457
418346,418327
91972,92302
455142,454500
318617,315813
288267,284919
566356,567703
165201,164808
45532,65583
312045,305672
157167,157151
85067,85169
43181,41746
238376,240434
80284,80291
205994,206209
202026,203789
463502,463616
494565,495880
229838,247207
43285,43008
43515,43470
95517,94403
310557,299364
367941,370938
131799,132984
409321,409305
498198,498202
77307,75398
156172,156576
164697,165224
35157,36066
107874,108212
29978,27835
151742,153536
220794,224761
410271,406831
520389,520397
60414,79599
159443,159448
498434,498270
216298,212773
374654,374652
330103,333435
318958,306010
514898,516186
310266,306489
125832,121273
270646,262851
135746,135250
395317,410577
446839,460119
91272,91055
312972,313147
334461,331502
403972,404931
361207,361162
412574,413045
338100,342499
553343,552515
360692,360716
480325,481949
524492,526401
388358,377544
476284,470383
496499,465609
543838,543846
249559,246354
67346,66812
350292,348916
84449,84678
110215,110180
100547,100551
300845,304472
538480,536781
555871,555868
483030,481966
166645,170092
520994,516898
92672,92392
478912,475815
86633,85747
266464,266083
381776,376110
129788,128920
57293,59627
253637,254580
164261,172883
474734,476379
376110,375116
9518,9503
34055,35004
36149,36961
393443,393444
318780,313577
359074,357159
289255,284486
540028,535545
216341,215963
240819,263515
555473,554236
83385,83370
109055,109164
111839,117957
301262,300922
76088,75979
58432,59095
220647,222700
451811,451925
377535,377422
41248,41240
370087,369889
80203,79765
123575,124508
27211,35263
376154,376303
215633,213001
195840,195776
588021,586255
244477,242108
102138,101590
113401,113206
94596,94395
457467,451076
106873,107336
453297,451905
582718,583061
103665,102160
73136,73213
182900,182117
498829,501265
221612,220884
382215,384750
88380,81068
154550,155962
455268,455310
83802,83792
271429,270681
440043,439776
496936,497527
67245,66624
199790,201538
360937,365302
564072,568979
434839,434841
11866,10871
310830,305701
405383,405355
323881,324452
445047,448541
506573,511576
206869,206356
247006,243538
108201,110648
177501,179723
526965,526851
538726,538744
216478,218007
521684,522285
70941,71338
71338,76636
461924,463593
351707,351711
441178,443067
224574,223509
99141,97899
23882,25326
461510,461509
377104,377346
146101,141808
64406,62954
465487,462702
471147,471236
308723,309709
285095,296070
449845,443847
115027,115020
380279,390868
485885,489311
79083,79063
44022,43948
124463,134822
582216,582553
60755,60591
287272,287300
1306,1761
325035,326672
517468,514636
68857,70045
400445,400323
494021,489674
51157,51142
90966,86573
75741,75735
427488,434141
510160,508022
309486,309479
112559,113387
349850,349858
585979,586796
44029,43964
163691,163683
310835,310501
468121,467740
291911,293688
76745,76722
415284,415447
13327,12618
181375,180548
381931,381287
145593,145673
48056,47903
107891,107708
452966,454638
213252,212736
235725,235957
503479,503199
383226,388674
558067,558049
88064,88620
576276,576048
1894,1880
47160,47738
14911,14631
46160,46311
225321,261376
337307,337683
32746,34109
59463,58867
295176,300845
340006,339979
560267,561314
113051,113044
540089,558241
270144,269861
411949,412135
332624,330972
314682,312536
377327,378410
201261,202794
49083,48658
326471,325888
278486,288601
71166,71135
376377,369341
228598,228199
57108,57111
327496,327752
222452,221842
92487,91754
313309,313348
74803,73576
519328,519633
183089,185185
577286,585844
130371,132584
518440,518447
435560,435003
145833,149027
568033,568351
161823,161425
161348,161132
453877,496104
442623,441382
374407,374401
458539,457995
286241,286239
37751,36632
346295,344654
105578,105558
95800,95791
34371,34382
531244,531255
274611,271604
9069,6540
387151,387158
391201,388664
246973,247375
416910,416830
463379,462222
246092,249612
113034,113359
327982,328153
97683,97686
497573,494719
260756,254906
161811,160610
545052,543919
386346,386357
19824,19793
110355,110375
122802,123727
67200,67552
154197,154478
66859,67259
206420,206319
9046,11228
464209,466220
459787,459658
534210,541004
514443,515366
522156,523382
408257,409666
193131,193819
105578,105692
585578,585915
457938,456219
112448,112430
542146,542060
229089,229078
562370,561723
25840,25464
517836,510307
150593,150591
75183,75405
356569,347380
67664,68194
472547,472544
283942,286239
153739,152795
92131,95585
313748,313478
551502,551171
120964,123779
525923,527747
57082,57097
101637,101631
363020,362987
180308,180314
92189,93496
432426,434932
472176,471446
197039,196322
262918,263116
219174,220487
178811,179020
337719,337440
88099,87114
490739,508632
397468,397471
205947,204893
62372,45510
342733,342601
449882,448348
573749,576092
146556,147007
452932,453877
96491,97081
525841,525439
45132,44527
34934,33420
193872,184135
152254,151080
22654,26597
112063,112349
409901,413749
560286,556242
135916,135905
284574,282119
557216,557416
241642,241620
376443,374877
102269,102988
113732,113726
261741,261746
389447,389086
201207,201216
98386,98397
86653,87017
61759,65416
105157,104964
98247,98238
451028,455211
53291,52579
376251,375996
116856,117110
468754,469269
378259,381562
295217,296070
327597,327216
262908,262912
500338,500481
59578,57424
528133,529208
2637,3574
163619,161609
46150,46078
270849,267530
285043,284044
255664,247423
376110,381776
470906,470800
200053,199830
72060,70770
338100,326662
221871,220346
362002,362003
26693,26708
164105,164104
439412,439639
392740,393164
164240,174128
316177,316309
203226,205550
476835,476876
235889,236230
229733,224082
369314,367581
275166,274806
76033,75762
398974,398937
349850,348545
139935,139686
42436,42962
85703,85437
134641,134915
413401,397902
444486,443511
103706,104499
291926,291902
184763,184759
108106,108269
103698,103857
271467,265956
26263,26319
41133,41130
49796,47268
123219,140551
94403,94244
135337,137220
62917,62816
216917,216501
244555,244113
216254,216157
185479,190749
127121,135184
437375,436098
481636,476021
107947,107616
466220,466369
486976,481167
282023,282032
338407,338408
412827,407937
223275,223249
385289,384878
83431,83342
291974,292858
95913,95749
536957,537222
77780,77745
114686,115776
176780,177575
234816,234809
109235,108547
337960,330899
248272,244978
36201,35004
496778,496781
29181,28672
585301,585180
6926,6842
573981,573969
527520,527906
263062,263216
532843,528719
68671,67706
24487,24805
141320,164069
112230,112275
553689,556242
258339,254447
554542,551987
102945,99408
211914,210293
102108,101163
210353,210519
23202,23367
531002,530998
556560,556551
556577,555966
299873,299293
161312,162791
89416,86667
208744,210482
248946,226182
294142,300348
26995,27102
285735,287225
196525,198650
38946,39092
562540,570321
5162,5712
397570,396382
360013,360084
52157,53594
188338,178885
165224,165467
98544,98395
426264,432311
141859,141850
100986,101035
134322,134999
479492,478783
41971,42497
100422,101636
43325,43863
508128,508126
118672,117946
566356,566284
119513,118562
201540,201538
396407,396223
456660,472783
105952,107064
570192,579323
100294,100296
518345,518320
557183,556260
97732,97712
70839,68002
527397,527394
35004,34055
39892,39858
577197,572141
216535,210759
55074,54941
113590,113566
138349,138914
556449,554171
111890,111913
576796,581781
453467,450680
302252,303007
106269,105966
117230,113834
474766,485126
111016,124339
306128,306777
432375,430456
338176,333020
68162,68447
358489,362524
427560,427575
5162,4102
88064,88059
571285,575413
298805,290086
499319,498705
91607,92208
536328,535925
92076,90966
114401,111283
204737,204595
271412,274706
556449,557338
140114,141850
3680,3281
124997,125819
225562,226353
206851,208867
555220,545471
189667,185185
207293,207522
378350,377008
178104,180632
456362,449639
500392,486623
207077,207116
290331,292464
81027,81507
579372,578112
11848,11446
33869,33826
90417,91542
235856,239396
418543,418040
108578,108561
576144,574913
129730,120915
368820,368817
253179,271531
69447,75445
75591,77942
353173,352062
333676,333667
49552,49083
546079,546073
224689,161823
328763,337606
506955,506958
320730,320752
254356,263586
444643,447151
390753,391885
98005,97176
86601,87018
110175,110220
546134,546130
497573,498130
140865,137772
107284,107195
441855,441780
54753,54420
353435,346154
269335,268891
142202,142941
132524,130372
310273,311986
410638,416404
105072,105367
9151,9552
474151,487161
310852,310912
161068,166542
378565,376518
454489,451925
191572,190706
248808,279378
381931,382283
497822,495959
167613,167104
249811,249962
98328,98337
62476,62723
18577,18463
534286,534022
157932,157455
113173,113091
88745,88257
96611,97269
573041,574179
19239,18555
576109,579725
455726,453830
449632,450696
108706,108449
124257,124183
256265,256448
208590,206555
247098,246835
400444,401982
295793,294835
33336,29659
459756,459760
83818,84569
63059,63838
120688,120691
278080,255725
3716,3714
322588,322135
287522,284232
93788,93947
572668,577357
94056,94701
504852,507277
131502,131922
557136,557142
364851,364912
121566,120815
543070,543065
558437,558682
326603,327942
113388,113379
336120,336621
417468,423473
118330,118664
170784,177608
133475,138406
71195,70967
250202,250102
294983,294979
522113,520225
435226,430461
260120,262323
31655,32728
241074,237219
84178,84299
112394,109673
102360,102195
582268,580385
504279,505671
216298,219222
550703,546190
36350,32070
171607,171794
47516,75833
522247,522268
577081,576585
153280,152204
92302,92946
316409,307104
565055,561196
394087,393445
483343,482927
471117,469951
561723,562370
530391,529689
480061,479492
50204,49051
500817,506563
121222,263311
539925,541166
152838,153148
43722,42775
53198,53143
124495,124966
316775,314408
81260,82214
542949,539997
105670,105688
82149,82312
296941,296593
54205,54401
194400,194565
8732,8250
538222,537902
88688,87967
562351,572468
114648,117472
145266,145148
263295,261053
103101,103064
167520,167507
208838,204242
404002,394949
266819,267404
407702,407942
245906,243732
418541,419045
371149,370938
66548,66999
102790,102798
553080,557183
140546,140999
525390,522995
415936,416010
203756,177231
370869,373930
533296,531002
113417,113422
200997,205624
443911,443392
92131,114085
156129,155086
410613,410629
435536,435442
217672,217536
495880,496814
144881,147161
271095,270892
537452,541767
359265,359927
217293,216227
42023,42016
279787,274735
458235,462766
248654,249811
45666,45807
280806,279787
585444,585301
371781,359271
258730,253758
98436,97817
17845,26597
505980,506423
146384,146556
585295,586898
403264,402674
224108,229078
270615,271544
516610,516406
227564,227566
47824,52229
36066,35157
287988,287177
578681,588959
121892,131886
468984,470727
195840,195943
33113,33883
18815,19463
370810,370801
420453,420068
316237,316259
40131,23523
578075,580639
110488,110774
330596,332059
499155,500693
220537,218319
75669,75946
502934,504153
102505,102116
130281,124966
103955,103971
146384,146101
332624,339031
120545,120306
175628,178333
75927,75423
221842,222452
383428,373054
28844,28825
296015,296241
228033,226458
181128,181667
144401,139437
526714,529301
9086,9342
535801,538396
111865,115133
459466,455541
123219,124393
12655,10740
101266,100649
112631,112542
553453,553444
195410,195153
24805,25010
75398,77307
376189,376194
89934,90552
27336,9972
199142,203897
393154,392406
405861,404931
38209,40092
95820,96396
131969,134448
163466,163032
279443,272510
322054,319784
64562,64573
383823,381823
42483,34109
516679,516629
500153,500464
531031,527313
111468,111659
576139,575968
78992,75328
96119,96032
317533,317538
483019,472523
98910,98826
427914,427542
45698,47410
356499,357353
239925,237039
589989,589824
87451,87456
435436,423131
522579,518742
27686,18032
106274,107038
437296,439379
240039,240709
587201,586897
113145,117219
50569,50950
40375,40716
120815,121566
159856,159865
264341,261058
539075,539175
538208,537146
290377,286421
265361,263137
43746,43792
443635,428357
247318,248032
556935,560403
154261,154550
228919,220487
541230,541758
243732,245906
439378,442773
236039,236068
450876,449560
60006,59434
473189,475532
63421,63398
495959,494775
484774,518690
535167,537156
187874,188233
533123,532310
382278,381696
541083,540957
467951,469323
321084,321093
305050,305390
185919,192477
66644,66788
514326,514299
57119,57467
550439,550442
401788,402955
94398,91542
322333,321911
162662,161223
137463,134822
320338,308821
270155,267719
190992,125757
179587,177255
57452,56714
308648,309596
559198,559829
579037,582125
100626,100691
83942,83940
82106,81487
17814,12655
418320,418322
505229,505401
84032,83833
549874,551171
541758,541230
67413,67477
124005,123802
181005,213695
511853,512672
318113,315991
348044,351597
473955,473829
254283,255326
314899,302110
97104,97395
351309,347107
77388,77384
516614,516606
279541,279274
113542,114090
120008,120802
27690,38771
57307,57248
189135,190858
314408,316775
79599,79899
589439,584498
306047,308723
233063,236987
18804,19005
72552,72875
191481,197173
97042,97052
106259,96394
303935,301649
494392,498457
566235,566841
213842,214676
123779,120964
385547,386103
583754,571561
179899,180485
323889,323114
267145,267149
412922,414244
263216,263903
127336,128926
273494,273461
164729,164069
109287,109115
109017,109254
556619,557001
364644,359335
374334,292320
359007,369851
100986,100555
37546,37601
512335,510836
313247,313255
489090,490519
568529,566334
55266,52403
